brand,price,model,model_year,milage,fuel_type,transmission,engine,accident
Ford,"$10,300",Utility Police Interceptor Base,2013,"51,000 mi.",E85 Flex Fuel,6-Speed A/T,300.0HP 3.7L V6 Cylinder Engine Flex Fuel Capability,At least 1 accident or damage reported
Hyundai,"$38,005",Palisade SEL,2021,"34,742 mi.",Gasoline,8-Speed Automatic,3.8L V6 24V GDI DOHC,At least 1 accident or damage reported
Lexus,"$54,598",RX 350 RX 350,2022,"22,372 mi.",Gasoline,Automatic,3.5 Liter DOHC,None reported
INFINITI,"$15,500",Q50 Hybrid Sport,2015,"88,900 mi.",Hybrid,7-Speed A/T,354.0HP 3.5L V6 Cylinder Engine Gas/Electric Hybrid,None reported
Audi,"$34,999",Q3 45 S line Premium Plus,2021,"9,835 mi.",Gasoline,8-Speed Automatic,2.0L I4 16V GDI DOHC Turbo,None reported
Acura,"$14,798",ILX 2.4L,2016,"136,397 mi.",Gasoline,F,2.4 Liter,None reported
Audi,"$31,000",S3 2.0T Premium Plus,2017,"84,000 mi.",Gasoline,6-Speed A/T,292.0HP 2.0L 4 Cylinder Engine Gasoline Fuel,None reported
BMW,"$7,300",740 iL,2001,"242,000 mi.",Gasoline,A/T,282.0HP 4.4L 8 Cylinder Engine Gasoline Fuel,None reported
Lexus,"$41,927",RC 350 F Sport,2021,"23,436 mi.",Gasoline,6-Speed A/T,311.0HP 3.5L V6 Cylinder Engine Gasoline Fuel,None reported
Tesla,"$69,950",Model X Long Range Plus,2020,"34,000 mi.",,A/T,534.0HP Electric Motor Electric Fuel System,None reported
Land,"$73,897",Rover Range Rover Sport 3.0 Supercharged HST,2021,"27,608 mi.",Gasoline,Automatic,V6,None reported
Aston,"$184,606",Martin DBS Superleggera,2019,"22,770 mi.",Gasoline,8-Speed A/T,715.0HP 5.2L 12 Cylinder Engine Gasoline Fuel,None reported
Toyota,"$53,500",Supra 3.0 Premium,2021,"12,500 mi.",Gasoline,A/T,382.0HP 3.0L Straight 6 Cylinder Engine Gasoline Fuel,None reported
Lincoln,"$62,000",Aviator Reserve AWD,2022,"18,196 mi.",Gasoline,Transmission w/Dual Shift Mode,400.0HP 3.0L V6 Cylinder Engine Gasoline Fuel,None reported
Jaguar,"$47,998",F-TYPE,2020,"15,903 mi.",Gasoline,Automatic,2.0 Liter Supercharged,None reported
Land,"$29,990",Rover LR4 HSE,2013,"79,800 mi.",Gasoline,A/T,375.0HP 5.0L 8 Cylinder Engine Gasoline Fuel,None reported
Mercedes-Benz,"$250,000",Metris Base,2021,"1,685 mi.",Gasoline,9-Speed Automatic,2.0L I4 16V GDI DOHC Turbo,None reported
Dodge,"$16,800",Challenger SXT,2013,"61,074 mi.",Gasoline,A/T,305.0HP 3.6L V6 Cylinder Engine Gasoline Fuel,None reported
Nissan,"$11,000",350Z Enthusiast,2003,"74,000 mi.",Gasoline,6-Speed M/T,287.0HP 3.5L V6 Cylinder Engine Gasoline Fuel,None reported
Jaguar,"$68,750",F-TYPE R,2018,"35,250 mi.",Gasoline,8-Speed A/T,550.0HP 5.0L 8 Cylinder Engine Gasoline Fuel,None reported
Genesis,"$60,000",GV70 3.5T Sport,2023,"5,400 mi.",Gasoline,8-Speed A/T,375.0HP 3.5L V6 Cylinder Engine Gasoline Fuel,
Chevrolet,"$4,500",S-10 LS,2000,"133,510 mi.",E85 Flex Fuel,A/T,120.0HP 2.2L 4 Cylinder Engine Flex Fuel Capability,None reported
BMW,"$38,598",440 Gran Coupe 440i xDrive,2020,"25,990 mi.",Gasoline,Automatic,3.0 Liter Turbo,None reported
Ford,"$58,504",F-150 XLT,2023,"2,823 mi.",Gasoline,Automatic,3.5L V6 24V PDI DOHC Twin Turbo,None reported
Chevrolet,"$61,000",Suburban RST,2021,"52,000 mi.",Gasoline,10-Speed A/T,355.0HP 5.3L 8 Cylinder Engine Gasoline Fuel,None reported
Hyundai,"$32,300",Elantra N Base,2022,"11,650 mi.",Gasoline,Transmission w/Dual Shift Mode,276.0HP 2.0L 4 Cylinder Engine Gasoline Fuel,None reported
Nissan,"$13,998",Sentra SR,2016,"96,541 mi.",Gasoline,Automatic,1.8 Liter,None reported
Mercedes-Benz,"$59,995",AMG CLA 45 Base 4MATIC,2021,"17,500 mi.",Gasoline,A/T,382.0HP 2.0L 4 Cylinder Engine Gasoline Fuel,None reported
BMW,"$25,700",650 Gran Coupe i xDrive,2015,"69,000 mi.",Gasoline,8-Speed A/T,445.0HP 4.4L 8 Cylinder Engine Gasoline Fuel,None reported
Audi,"$21,375",Q5 2.0T Premium Plus,2017,"81,880 mi.",E85 Flex Fuel,8-Speed Automatic,2.0L I4 16V GDI DOHC Turbo Flexible Fuel,None reported
Mercedes-Benz,"$48,000",AMG C 43 Base 4MATIC,2018,"28,800 mi.",Gasoline,9-Speed A/T,362.0HP 3.0L V6 Cylinder Engine Gasoline Fuel,None reported
Dodge,"$10,900",Ram 1500 Laramie Mega Cab,2006,"300,183 mi.",Gasoline,A/T,345.0HP 5.7L 8 Cylinder Engine Gasoline Fuel,At least 1 accident or damage reported
BMW,"$24,998",i3 120Ah w/Range Extender,2020,"35,035 mi.",Hybrid,Automatic,120 AH,None reported
Kia,"$5,999",Sorento SX,2011,"171,000 mi.",Gasoline,A/T,276.0HP 3.5L V6 Cylinder Engine Gasoline Fuel,None reported
Lexus,"$46,900",LX 570 Base,2016,"118,700 mi.",Gasoline,8-Speed A/T,383.0HP 5.7L 8 Cylinder Engine Gasoline Fuel,None reported
Jeep,"$15,900",New Compass Trailhawk,2017,"119,000 mi.",Gasoline,A/T,180.0HP 2.4L 4 Cylinder Engine Gasoline Fuel,None reported
BMW,"$33,598",340 i,2018,"44,261 mi.",Gasoline,Automatic,3.0 Liter Turbo,None reported
Audi,"$8,999",A4 2.0T Premium Plus quattro,2012,"125,575 mi.",Gasoline,8-Speed A/T,211.0HP 2.0L 4 Cylinder Engine Gasoline Fuel,None reported
Hyundai,"$8,200",Tucson SE,2007,"16,200 mi.",Gasoline,A/T,173.0HP 2.7L V6 Cylinder Engine Gasoline Fuel,None reported
BMW,"$20,000",Z4 sDrive28i,2014,"70,000 mi.",Gasoline,A/T,240.0HP 2.0L 4 Cylinder Engine Gasoline Fuel,At least 1 accident or damage reported
Bentley,"$79,950",Continental GTC Base,2011,"20,200 mi.",E85 Flex Fuel,6-Speed A/T,552.0HP 6.0L 12 Cylinder Engine Flex Fuel Capability,None reported
Honda,"$45,498",Passport Elite,2023,"2,978 mi.",Gasoline,Automatic,3.5 Liter SOHC,None reported
Dodge,"$14,000",Sprinter 2500,2007,"189,719 mi.",Diesel,5-Speed A/T,3.0L V6 Cylinder Engine Diesel Fuel,At least 1 accident or damage reported
BMW,"$75,798",M850 i xDrive,2019,"9,949 mi.",Gasoline,Automatic,4.4 Liter DOHC Twin Turbo,None reported
Lucid,"$119,999",Air Grand Touring,2022,"3,552 mi.",,1-Speed A/T,536.0HP Electric Motor Electric Fuel System,None reported
Audi,"$36,880",A7 Premium,2012,"54,000 mi.",Gasoline,8-Speed A/T,310.0HP 3.0L V6 Cylinder Engine Gasoline Fuel,At least 1 accident or damage reported
Chevrolet,"$43,147",Silverado 1500 Custom Trail Boss,2021,"51,351 mi.",Gasoline,Automatic,5.3L V8 16V GDI OHV,None reported
MINI,"$29,000",Convertible John Cooper Works,2017,"24,280 mi.",Gasoline,6-Speed A/T,228.0HP 2.0L 4 Cylinder Engine Gasoline Fuel,At least 1 accident or damage reported
Toyota,"$17,500",Avalon Touring,2016,"89,148 mi.",Gasoline,A/T,268.0HP 3.5L V6 Cylinder Engine Gasoline Fuel,None reported
Porsche,"$30,990",Cayenne Platinum Edition,2017,"73,043 mi.",Gasoline,8-Speed A/T,300.0HP 3.6L V6 Cylinder Engine Gasoline Fuel,None reported
Mercedes-Benz,"$52,500",AMG C 63 S,2017,"60,000 mi.",Gasoline,Transmission w/Dual Shift Mode,503.0HP 4.0L 8 Cylinder Engine Gasoline Fuel,At least 1 accident or damage reported
Honda,"$20,848",CR-V EX-L,2016,"73,549 mi.",Gasoline,Automatic CVT,2.4L I4 16V GDI DOHC,At least 1 accident or damage reported
Hummer,"$19,500",H2 Base,2005,"110,900 mi.",Gasoline,A/T,325.0HP 6.0L 8 Cylinder Engine Gasoline Fuel,None reported
Porsche,"$73,000",911 Carrera S,2013,"39,000 mi.",Gasoline,7-Speed A/T,400.0HP 3.8L Flat 6 Cylinder Engine Gasoline Fuel,None reported
Mercedes-Benz,"$19,800",CLA-Class CLA 250,2016,"120,000 mi.",Gasoline,Transmission w/Dual Shift Mode,208.0HP 2.0L 4 Cylinder Engine Gasoline Fuel,None reported
Chrysler,"$7,500",300 Touring,2009,"134,602 mi.",Gasoline,Transmission w/Dual Shift Mode,250.0HP 3.5L V6 Cylinder Engine Gasoline Fuel,None reported
Nissan,"$30,999",Rogue SV,2023,"1,094 mi.",Gasoline,Automatic CVT,1.5L I3 12V GDI DOHC Turbo,None reported
Audi,"$6,500",A3 2.0T,2010,"83,500 mi.",Gasoline,Transmission w/Dual Shift Mode,200.0HP 2.0L 4 Cylinder Engine Gasoline Fuel,None reported
Ford,"$28,500",Mustang GT Premium,2014,"37,060 mi.",Gasoline,6-Speed M/T,420.0HP 5.0L 8 Cylinder Engine Gasoline Fuel,None reported
Acura,"$10,995",RL Technology,2010,"97,700 mi.",Gasoline,Transmission w/Dual Shift Mode,300.0HP 3.7L V6 Cylinder Engine Gasoline Fuel,None reported
Volvo,"$42,000",XC90 Hybrid T8 R-Design,2018,"40,000 mi.",Plug-In Hybrid,Transmission w/Dual Shift Mode,400.0HP 2.0L 4 Cylinder Engine Plug-In Electric/Gas,None reported
Audi,"$144,900",R8 5.2 V10,2018,"8,940 mi.",Gasoline,7-Speed Automatic with Auto-Shift,5.2L V10 40V PDI DOHC,None reported
Mercedes-Benz,"$10,000",GLK-Class GLK 350,2014,"186,000 mi.",Gasoline,A/T,302.0HP 3.5L V6 Cylinder Engine Gasoline Fuel,At least 1 accident or damage reported
Toyota,"$23,998",C-HR LE,2021,"13,180 mi.",Gasoline,CVT-F,2.0 Liter,None reported
Lexus,"$21,000",IS 350 Base,2014,"104,000 mi.",Gasoline,8-Speed A/T,306.0HP 3.5L V6 Cylinder Engine Gasoline Fuel,None reported
BMW,"$67,900",X4 M40i,2023,"8,500 mi.",Hybrid,Transmission w/Dual Shift Mode,382.0HP 3.0L Straight 6 Cylinder Engine Gasoline/Mild Electric Hybrid,None reported
BMW,"$69,998",M4 CS,2019,"19,069 mi.",Gasoline,Automatic,3.0 Liter DOHC Turbo,None reported
Cadillac,"$46,900",CT5 Premium Luxury,2023,"6,090 mi.",Gasoline,A/T,237.0HP 2.0L 4 Cylinder Engine Gasoline Fuel,None reported
Lucid,"$99,000",Air Grand Touring,2022,"4,900 mi.",,1-Speed A/T,536.0HP Electric Motor Electric Fuel System,None reported
Audi,"$31,000",A5 2.0T Premium Plus,2019,"47,523 mi.",Gasoline,Transmission w/Dual Shift Mode,248.0HP 2.0L 4 Cylinder Engine Gasoline Fuel,None reported
Chrysler,"$19,995",300C SRT8,2006,"43,000 mi.",Gasoline,5-Speed A/T,425.0HP 6.1L 8 Cylinder Engine Gasoline Fuel,At least 1 accident or damage reported
Bentley,"$130,000",Continental GT W12,2017,"14,684 mi.",Gasoline,8-Speed A/T,582.0HP 6.0L 12 Cylinder Engine Gasoline Fuel,None reported
BMW,"$55,999",M4 Base,2019,"57,800 mi.",Gasoline,Transmission w/Dual Shift Mode,425.0HP 3.0L Straight 6 Cylinder Engine Gasoline Fuel,None reported
Toyota,"$49,950",GR Corolla Circuit Edition,2023,952 mi.,Gasoline,6-Speed M/T,300.0HP 1.6L 3 Cylinder Engine Gasoline Fuel,None reported
Audi,"$59,950",RS 5 2.9T,2019,"21,240 mi.",Gasoline,8-Speed A/T,444.0HP 2.9L V6 Cylinder Engine Gasoline Fuel,At least 1 accident or damage reported
Porsche,"$42,499",Cayenne Base,2019,"59,338 mi.",Gasoline,Transmission w/Dual Shift Mode,335.0HP 3.0L V6 Cylinder Engine Gasoline Fuel,None reported
Lamborghini,"$359,991",Huracan Tecnica Coupe,2023,255 mi.,Gasoline,Automatic,"5.2L V-10 gasoline direct injection, DOHC, variable valve contro",None reported
Maserati,"$44,999",Quattroporte S,2019,"23,230 mi.",Gasoline,8-Speed A/T,424.0HP 3.0L V6 Cylinder Engine Gasoline Fuel,None reported
Jaguar,"$30,000",XF 35t R-Sport,2017,"48,000 mi.",Gasoline,A/T,340.0HP 3.0L V6 Cylinder Engine Gasoline Fuel,At least 1 accident or damage reported
Lexus,"$11,100",ES 330 Base,2005,"41,059 mi.",Gasoline,5-Speed A/T,225.0HP 3.3L V6 Cylinder Engine Gasoline Fuel,None reported
Land,"$37,998",Rover Discovery Sport SE R-Dynamic,2020,"21,240 mi.",Gasoline,Automatic,2.0 Liter,None reported
Porsche,"$72,000",Cayman GTS,2015,"11,500 mi.",Gasoline,7-Speed A/T,340.0HP 3.4L Flat 6 Cylinder Engine Gasoline Fuel,None reported
Genesis,"$53,950",G90 3.3T Premium,2021,"9,950 mi.",Gasoline,8-Speed A/T,365.0HP 3.3L V6 Cylinder Engine Gasoline Fuel,None reported
Volkswagen,"$47,999",Golf R 20th Anniversary Edition,2023,633 mi.,Gasoline,6-Speed M/T,315.0HP 2.0L 4 Cylinder Engine Gasoline Fuel,None reported
Hyundai,"$15,900",Sonata Hybrid Limited,2015,"66,000 mi.",Hybrid,A/T,199.0HP 2.4L 4 Cylinder Engine Gas/Electric Hybrid,At least 1 accident or damage reported
Audi,"$45,000",RS 7 4.0T Prestige,2014,"59,715 mi.",Gasoline,A/T,560.0HP 4.0L 8 Cylinder Engine Gasoline Fuel,At least 1 accident or damage reported
BMW,"$18,500",740 Li,2012,"85,252 mi.",Gasoline,6-Speed A/T,326.0HP 3.0L Straight 6 Cylinder Engine Gasoline Fuel,None reported
Mercedes-Benz,"$80,000",GLS 450 Base 4MATIC,2020,"17,900 mi.",Hybrid,9-Speed A/T,362.0HP 3.0L Straight 6 Cylinder Engine Gasoline/Mild Electric Hybrid,At least 1 accident or damage reported
BMW,"$55,000",M6 Base,2016,"25,500 mi.",Gasoline,7-Speed A/T,560.0HP 4.4L 8 Cylinder Engine Gasoline Fuel,None reported
Subaru,"$2,300",Forester 2.5 X,2004,"210,703 mi.",Gasoline,M/T,165.0HP 2.5L 4 Cylinder Engine Gasoline Fuel,
Hyundai,"$34,000",Elantra N Base,2023,"3,800 mi.",Gasoline,6-Speed M/T,276.0HP 2.0L 4 Cylinder Engine Gasoline Fuel,None reported
Kia,"$31,995",Niro Plug-In Hybrid EX Premium,2022,"36,602 mi.",Hybrid,6-Speed Automatic with Auto-Shift,1.6L I4 16V GDI DOHC Hybrid,None reported
Rivian,"$92,000",R1S Adventure Package,2023,"2,800 mi.",,1-Speed A/T,835.0HP Electric Motor Electric Fuel System,None reported
Aston,"$279,950",Martin DBS Superleggera,2021,"2,165 mi.",Gasoline,8-Speed Automatic,5.2L V12 48V GDI DOHC Twin Turbo,None reported
Mercedes-Benz,"$29,900",SLC 300 Base,2018,"33,000 mi.",Gasoline,9-Speed A/T,241.0HP 2.0L 4 Cylinder Engine Gasoline Fuel,At least 1 accident or damage reported
BMW,"$24,950",435 Gran Coupe i,2016,"76,009 mi.",Gasoline,8-Speed A/T,300.0HP 3.0L Straight 6 Cylinder Engine Gasoline Fuel,None reported
Jeep,"$39,366",Grand Cherokee Summit,2020,"31,349 mi.",Gasoline,8-Speed Automatic,5.7L V8 16V MPFI OHV,None reported
Lexus,"$32,900",RC 350 Base,2015,"48,000 mi.",Gasoline,Transmission w/Dual Shift Mode,306.0HP 3.5L V6 Cylinder Engine Gasoline Fuel,None reported
BMW,"$8,900",525 i,2005,"91,420 mi.",Gasoline,6-Speed A/T,215.0HP 2.5L Straight 6 Cylinder Engine Gasoline Fuel,None reported
Toyota,"$4,995",Corolla LE,2003,"124,756 mi.",Gasoline,M/T,130.0HP 1.8L 4 Cylinder Engine Gasoline Fuel,At least 1 accident or damage reported
Cadillac,"$104,900",CT5-V Blackwing,2023,"2,415 mi.",Gasoline,10-Speed Automatic,6.2L V8 16V GDI OHV Supercharged,None reported
GMC,"$7,900",Acadia SLT-1,2012,"116,226 mi.",Gasoline,6-Speed A/T,288.0HP 3.6L V6 Cylinder Engine Gasoline Fuel,None reported
Lexus,"$75,950",LC 500 Base,2020,"37,869 mi.",Gasoline,10-Speed Automatic,5.0L V8 32V PDI DOHC,None reported
BMW,"$86,000",i8 Base,2019,"41,500 mi.",Plug-In Hybrid,Transmission w/Dual Shift Mode,369.0HP 1.5L 3 Cylinder Engine Plug-In Electric/Gas,None reported
Lexus,"$17,995",ES 300h Base,2013,"87,001 mi.",Hybrid,CVT Transmission,200.0HP 2.5L 4 Cylinder Engine Gas/Electric Hybrid,None reported
Cadillac,"$55,655",CT5-V V-Series,2022,"4,451 mi.",Gasoline,Automatic,3.0L V6 24V GDI DOHC Twin Turbo,At least 1 accident or damage reported
BMW,"$39,998",540 i xDrive,2020,"27,158 mi.",Gasoline,Automatic,2.0 Liter Turbo,None reported
Chevrolet,"$14,500",Express 1500 Work Van,2014,"139,804 mi.",Gasoline,A/T,195.0HP 4.3L V6 Cylinder Engine Gasoline Fuel,At least 1 accident or damage reported
Jeep,"$47,500",Gladiator Rubicon,2022,"27,300 mi.",Gasoline,A/T,285.0HP 3.6L V6 Cylinder Engine Gasoline Fuel,None reported
BMW,"$27,000",Z4 sDrive28i,2014,"36,812 mi.",Gasoline,Transmission w/Dual Shift Mode,240.0HP 2.0L 4 Cylinder Engine Gasoline Fuel,None reported
Land,"$18,000",Rover LR4 HSE LUX Landmark Edition,2016,"144,000 mi.",Gasoline,8-Speed A/T,340.0HP 3.0L V6 Cylinder Engine Gasoline Fuel,At least 1 accident or damage reported
Cadillac,"$28,900",XT4 Sport,2019,"44,500 mi.",Gasoline,9-Speed A/T,237.0HP 2.0L 4 Cylinder Engine Gasoline Fuel,None reported
BMW,"$73,998",750 750i xDrive,2021,"10,917 mi.",Gasoline,Automatic,4.4 Liter Twin Turbo,None reported
Bentley,"$47,350",Arnage R,2005,"8,332 mi.",Gasoline,4-Speed A/T,400.0HP 6.75L 8 Cylinder Engine Gasoline Fuel,None reported
Lincoln,"$47,698",Aviator Reserve AWD,2020,"51,247 mi.",Gasoline,Automatic,3.0 Liter GTDI,None reported
Mercedes-Benz,"$36,500",AMG GL AMG GL 63 4MATIC,2016,"69,000 mi.",Gasoline,Transmission w/Dual Shift Mode,550.0HP 5.5L 8 Cylinder Engine Gasoline Fuel,None reported
RAM,"$32,662",ProMaster 3500 High Roof,2021,"147,834 mi.",Gasoline,6-Speed Automatic,3.6L V6 24V MPFI DOHC,None reported
Ford,"$6,600",Utility Police Interceptor Base,2013,"105,000 mi.",E85 Flex Fuel,A/T,300.0HP 3.7L V6 Cylinder Engine Flex Fuel Capability,At least 1 accident or damage reported
Audi,"$9,995",A5 2.0T Premium,2011,"92,203 mi.",Gasoline,Transmission w/Dual Shift Mode,211.0HP 2.0L 4 Cylinder Engine Gasoline Fuel,None reported
Nissan,"$69,500",GT-R Premium,2010,"15,600 mi.",Gasoline,Transmission w/Dual Shift Mode,485.0HP 3.8L V6 Cylinder Engine Gasoline Fuel,None reported
Land,"$30,775",Rover Range Rover Sport 3.0L Supercharged HSE,2018,"104,700 mi.",Gasoline,Automatic,V6,At least 1 accident or damage reported
Toyota,"$9,995",Corolla LE,2010,"72,348 mi.",Gasoline,A/T,132.0HP 1.8L 4 Cylinder Engine Gasoline Fuel,At least 1 accident or damage reported
Rivian,"$94,000",R1S Adventure Package,2023,"2,500 mi.",,A/T,835.0HP Electric Motor Electric Fuel System,None reported
Mercedes-Benz,"$44,798",C-Class C300 4MATIC,2022,"13,177 mi.",Gasoline,Automatic,2.0 Liter Turbo,None reported
Porsche,"$23,000",Cayenne E-Hybrid S,2016,"96,000 mi.",Plug-In Hybrid,Transmission w/Dual Shift Mode,416.0HP 3.0L V6 Cylinder Engine Plug-In Electric/Gas,At least 1 accident or damage reported
Chevrolet,"$22,495",Express 1500 Work Van,2011,"93,009 mi.",E85 Flex Fuel,4-Speed Automatic,5.3L V8 16V MPFI OHV Flexible Fuel,None reported
INFINITI,"$28,998",Q70h Base,2016,"52,750 mi.",Hybrid,7-Speed A/T,360.0HP 3.5L V6 Cylinder Engine Gas/Electric Hybrid,At least 1 accident or damage reported
Audi,"$49,998",A7 Premium Plus,2020,"25,361 mi.",Hybrid,Automatic,3.0 Liter Turbo,None reported
Audi,"$9,995",Q7 3.0T Premium Plus,2015,"98,527 mi.",Gasoline,8-Speed A/T,280.0HP 3.0L V6 Cylinder Engine Gasoline Fuel,
Lucid,"$86,900",Air Pure,2023,"1,300 mi.",,A/T,620.0HP Electric Motor Electric Fuel System,
Chrysler,"$9,000",Pacifica Touring,2017,"87,305 mi.",–,9-Speed A/T,–,None reported
Audi,"$25,999",TTS 2.0T Premium Plus,2012,"72,922 mi.",Gasoline,6-Speed A/T,265.0HP 2.0L 4 Cylinder Engine Gasoline Fuel,
BMW,"$30,000",650 Gran Coupe i xDrive,2015,"41,000 mi.",Gasoline,8-Speed A/T,445.0HP 4.4L 8 Cylinder Engine Gasoline Fuel,None reported
Subaru,"$27,899",Forester Premium,2021,"42,125 mi.",Gasoline,Automatic CVT,2.5L H4 16V GDI DOHC,None reported
Mercedes-Benz,"$40,000",AMG C AMG C 63,2016,"62,000 mi.",Gasoline,Transmission w/Dual Shift Mode,469.0HP 4.0L 8 Cylinder Engine Gasoline Fuel,None reported
Land,"$9,950",Rover LR3 HSE,2006,"153,843 mi.",Gasoline,6-Speed A/T,300.0HP 4.4L 8 Cylinder Engine Gasoline Fuel,At least 1 accident or damage reported
BMW,"$53,998",X7 xDrive40i,2019,"35,248 mi.",Gasoline,Automatic,3.0 Liter Twin Turbo,None reported
Ford,"$9,888",Transit Connect XLT,2015,"194,454 mi.",Gasoline,6-Speed A/T,169.0HP 2.5L 4 Cylinder Engine Gasoline Fuel,None reported
Lexus,"$89,999",LX 570 Three-Row,2021,"21,000 mi.",Gasoline,Transmission w/Dual Shift Mode,383.0HP 5.7L 8 Cylinder Engine Gasoline Fuel,None reported
Porsche,"$86,900",911 Carrera S,2013,"18,494 mi.",Gasoline,7-Speed M/T,400.0HP 3.8L Flat 6 Cylinder Engine Gasoline Fuel,
Dodge,"$12,990",Ram 2500 Laramie Quad Cab,2006,"218,000 mi.",Gasoline,4-Speed A/T,330.0HP 5.7L 8 Cylinder Engine Gasoline Fuel,None reported
Nissan,"$36,500",Armada SL,2021,"67,800 mi.",Gasoline,7-Speed A/T,400.0HP 5.6L 8 Cylinder Engine Gasoline Fuel,At least 1 accident or damage reported
Porsche,"$42,999",Cayman Base,2014,"79,000 mi.",Gasoline,Transmission w/Dual Shift Mode,275.0HP 2.7L Flat 6 Cylinder Engine Gasoline Fuel,At least 1 accident or damage reported
Mercedes-Benz,"$63,998",GLE 450 GLE 450,2022,"24,906 mi.",Hybrid,Automatic,3.0 Liter Turbo,None reported
Chevrolet,"$12,000",Monte Carlo SS,2006,"66,840 mi.",Gasoline,A/T,303.0HP 5.3L 8 Cylinder Engine Gasoline Fuel,At least 1 accident or damage reported
BMW,"$32,000",M5 Base,2013,"86,000 mi.",Gasoline,Transmission w/Dual Shift Mode,560.0HP 4.4L 8 Cylinder Engine Gasoline Fuel,None reported
Hyundai,"$34,599",Kona N Base,2023,654 mi.,Gasoline,8-Speed Automatic with Auto-Shift,2.0L I4 16V GDI DOHC Turbo,None reported
Chevrolet,"$12,500",Monte Carlo SS,2005,"75,000 mi.",Gasoline,A/T,240.0HP 3.8L V6 Cylinder Engine Gasoline Fuel,None reported
Land,"$22,800",Rover Range Rover Evoque Pure,2015,"84,000 mi.",Gasoline,9-Speed A/T,240.0HP 2.0L 4 Cylinder Engine Gasoline Fuel,At least 1 accident or damage reported
Audi,"$39,999",S7 4.0T Premium Plus,2017,"52,500 mi.",Gasoline,Transmission w/Dual Shift Mode,450.0HP 4.0L 8 Cylinder Engine Gasoline Fuel,None reported
GMC,"$7,500",Acadia SLT-1,2011,"120,000 mi.",Gasoline,6-Speed A/T,288.0HP 3.6L V6 Cylinder Engine Gasoline Fuel,None reported
Alfa,"$35,645",Romeo Stelvio Ti Sport,2020,"18,665 mi.",Gasoline,8-Speed Automatic,2.0L I4 16V GDI SOHC Turbo,None reported
Ferrari,"$149,900",FF Base,2016,"19,987 mi.",Gasoline,7-Speed A/T,651.0HP 6.3L 12 Cylinder Engine Gasoline Fuel,None reported
Kia,"$23,950",K900 5.0L,2017,"36,486 mi.",Gasoline,8-Speed A/T,420.0HP 5.0L 8 Cylinder Engine Gasoline Fuel,At least 1 accident or damage reported
Ford,"$12,500",E150 XLT,2013,"162,100 mi.",E85 Flex Fuel,4-Speed A/T,255.0HP 5.4L 8 Cylinder Engine Flex Fuel Capability,None reported
Tesla,"$47,000",Model 3 Performance,2022,"13,079 mi.",,A/T,455.0HP Electric Motor Electric Fuel System,None reported
Toyota,"$36,999",4Runner SR5,2022,"28,377 mi.",Gasoline,5-Speed Automatic,4.0L V6 24V MPFI DOHC,None reported
Subaru,"$24,000",Forester Base,2020,"32,744 mi.",Gasoline,CVT Transmission,182.0HP 2.5L 4 Cylinder Engine Gasoline Fuel,None reported
Porsche,"$26,000",Panamera 2,2012,"54,000 mi.",Gasoline,A/T,300.0HP 3.6L V6 Cylinder Engine Gasoline Fuel,At least 1 accident or damage reported
Toyota,"$8,500",Tacoma PreRunner,2008,"202,055 mi.",Gasoline,A/T,236.0HP 4.0L V6 Cylinder Engine Gasoline Fuel,At least 1 accident or damage reported
RAM,"$65,000",2500 Laramie,2019,"65,000 mi.",Diesel,6-Speed A/T,370.0HP 6.7L Straight 6 Cylinder Engine Diesel Fuel,None reported
Kia,"$30,990",Sportage Nightfall,2022,"9,686 mi.",Gasoline,6-Speed Automatic,2.4L I4 16V GDI DOHC,None reported
Cadillac,"$10,499",DTS Base,2010,"49,620 mi.",Gasoline,A/T,275.0HP 4.6L 8 Cylinder Engine Gasoline Fuel,None reported
Toyota,"$26,500",Land Cruiser Base,1997,"213,000 mi.",Gasoline,4-Speed A/T,212.0HP 4.5L Straight 6 Cylinder Engine Gasoline Fuel,None reported
Nissan,"$114,000",GT-R Premium,2020,"16,010 mi.",Gasoline,A/T,565.0HP 3.8L V6 Cylinder Engine Gasoline Fuel,None reported
Lexus,"$51,998",NX 350 F SPORT Handling,2023,820 mi.,Gasoline,8-SPEED AT,2.4 Liter,None reported
Audi,"$36,499",Q7 45 Premium Plus,2021,"68,000 mi.",Gasoline,8-Speed A/T,248.0HP 2.0L 4 Cylinder Engine Gasoline Fuel,None reported
Lexus,"$25,000",LX 470 Base,1999,"82,000 mi.",Gasoline,A/T,230.0HP 4.7L 8 Cylinder Engine Gasoline Fuel,None reported
GMC,"$27,785",Terrain SLE,2022,"27,352 mi.",Gasoline,9-Speed Automatic,1.5L I4 16V GDI DOHC Turbo,None reported
Ford,"$7,000",Escape Limited,2012,"129,000 mi.",Gasoline,A/T,171.0HP 2.5L 4 Cylinder Engine Gasoline Fuel,At least 1 accident or damage reported
Lexus,"$30,000",LS 460 L,2014,"106,731 mi.",Gasoline,8-Speed A/T,360.0HP 4.6L 8 Cylinder Engine Gasoline Fuel,At least 1 accident or damage reported
Ford,"$45,500",Expedition Platinum,2019,"34,672 mi.",Gasoline,10-Speed A/T,400.0HP 3.5L V6 Cylinder Engine Gasoline Fuel,None reported
Chevrolet,"$8,950",Malibu LTZ,2010,"55,900 mi.",Gasoline,Transmission w/Dual Shift Mode,252.0HP 3.6L V6 Cylinder Engine Gasoline Fuel,None reported
Audi,"$128,900",RS 7 4.0T quattro,2023,"3,158 mi.",Gasoline,1-Speed Automatic,4.0L V8 32V GDI DOHC Twin Turbo,None reported
Audi,"$17,000",A5 2.0T Premium Plus,2015,"82,000 mi.",Gasoline,8-Speed A/T,220.0HP 2.0L 4 Cylinder Engine Gasoline Fuel,None reported
Genesis,"$42,850",G70 2.0T,2023,"4,785 mi.",Gasoline,Automatic,2.0L I4 16V GDI DOHC Turbo,None reported
Chevrolet,"$22,999",Trailblazer LS,2021,"20,497 mi.",Gasoline,9-Speed Automatic,1.3L I3 12V GDI DOHC Turbo,None reported
Scion,"$7,100",tC Base,2013,"177,600 mi.",Gasoline,6-Speed A/T,180.0HP 2.5L 4 Cylinder Engine Gasoline Fuel,At least 1 accident or damage reported
Lincoln,"$15,500",MKZ Hybrid Base,2014,"78,568 mi.",Hybrid,A/T,188.0HP 2.0L 4 Cylinder Engine Gas/Electric Hybrid,None reported
Ford,"$43,000",Transit-350 XL,2018,"95,000 mi.",E85 Flex Fuel,A/T,275.0HP 3.7L V6 Cylinder Engine Flex Fuel Capability,None reported
Porsche,"$417,500",911 GT2 RS,2018,"4,529 mi.",Gasoline,7-Speed Automatic with Auto-Shift,3.8L H6 24V GDI DOHC Twin Turbo,None reported
Ford,"$39,951",Explorer Timberline,2021,"25,240 mi.",Gasoline,10-Speed Automatic,2.3L I4 16V GDI DOHC Turbo,At least 1 accident or damage reported
Volvo,"$11,500",XC90 3.2,2011,"88,300 mi.",Gasoline,A/T,235.0HP 3.2L Straight 6 Cylinder Engine Gasoline Fuel,At least 1 accident or damage reported
Chevrolet,"$27,499",Avalanche LTZ,2013,"98,000 mi.",E85 Flex Fuel,6-Speed A/T,320.0HP 5.3L 8 Cylinder Engine Flex Fuel Capability,At least 1 accident or damage reported
Audi,"$76,000",TT RS 2.5T,2018,"20,675 mi.",Gasoline,Transmission w/Dual Shift Mode,400.0HP 2.5L 5 Cylinder Engine Gasoline Fuel,None reported
Lincoln,"$10,900",Navigator L,2008,"95,000 mi.",Gasoline,A/T,300.0HP 5.4L 8 Cylinder Engine Gasoline Fuel,None reported
Hyundai,"$6,250",Elantra GLS,2010,"107,000 mi.",Gasoline,4-Speed A/T,138.0HP 2.0L 4 Cylinder Engine Gasoline Fuel,At least 1 accident or damage reported
Audi,"$24,700",SQ5 3.0T Premium Plus,2016,"60,000 mi.",Gasoline,Transmission w/Dual Shift Mode,354.0HP 3.0L V6 Cylinder Engine Gasoline Fuel,At least 1 accident or damage reported
Mitsubishi,"$34,999",Lancer Evolution GSR,2012,"33,000 mi.",Gasoline,5-Speed M/T,291.0HP 2.0L 4 Cylinder Engine Gasoline Fuel,None reported
Tesla,"$60,000",Model Y Performance,2023,500 mi.,,1-Speed A/T,455.0HP Electric Motor Electric Fuel System,None reported
Mercedes-Benz,"$63,500",Maybach S S 600,2016,"108,500 mi.",Gasoline,7-Speed A/T,523.0HP 6.0L 12 Cylinder Engine Gasoline Fuel,None reported
Nissan,"$149,500",GT-R Premium,2017,"37,800 mi.",Gasoline,Transmission w/Dual Shift Mode,565.0HP 3.8L V6 Cylinder Engine Gasoline Fuel,None reported
Mercedes-Benz,"$44,798",GLS 550 Base 4MATIC,2018,"74,422 mi.",Gasoline,Automatic,4.7 Liter Twin Turbo,None reported
Chevrolet,"$34,562",Blazer Premier,2019,"55,621 mi.",Gasoline,9-Speed Automatic,3.6L V6 24V GDI DOHC,None reported
Mazda,"$32,541",CX-9 Grand Touring,2021,"46,707 mi.",Gasoline,6-Speed Automatic,2.5L I4 16V GDI DOHC Turbo,At least 1 accident or damage reported
Ford,"$65,900",Expedition Max Limited,2022,"26,500 mi.",Gasoline,A/T,440.0HP 3.5L V6 Cylinder Engine Gasoline Fuel,None reported
Nissan,"$47,214",Titan XD SV,2020,"10,001 mi.",Gasoline,9-Speed Automatic,5.6L V8 32V GDI DOHC,None reported
Lexus,"$76,900",LX 570 Three-Row,2019,"19,050 mi.",Gasoline,8-Speed A/T,383.0HP 5.7L 8 Cylinder Engine Gasoline Fuel,None reported
Chevrolet,"$35,800",Traverse Premier,2020,"52,000 mi.",Gasoline,A/T,310.0HP 3.6L V6 Cylinder Engine Gasoline Fuel,None reported
Mercedes-Benz,"$54,999",Sprinter High Roof,2014,"65,000 mi.",Diesel,7-Speed A/T,188.0HP 3.0L V6 Cylinder Engine Diesel Fuel,At least 1 accident or damage reported
BMW,"$6,730",X5 3.0i,2004,"140,000 mi.",Gasoline,Transmission w/Dual Shift Mode,225.0HP 3.0L Straight 6 Cylinder Engine Gasoline Fuel,None reported
Ford,"$14,950",Fusion SE,2018,"75,600 mi.",Gasoline,A/T,181.0HP 1.5L 4 Cylinder Engine Gasoline Fuel,At least 1 accident or damage reported
Lincoln,"$12,000",MKZ Base,2015,"117,292 mi.",Gasoline,A/T,240.0HP 2.0L 4 Cylinder Engine Gasoline Fuel,None reported
Ford,"$429,998",GT,2005,"1,897 mi.",Gasoline,Manual,5.4 Liter SC DOHC,None reported
Genesis,"$33,600",G90 5.0 Ultimate,2017,"26,000 mi.",Gasoline,Transmission w/Dual Shift Mode,420.0HP 5.0L 8 Cylinder Engine Gasoline Fuel,None reported
Lexus,"$99,950",LC 500 Base,2022,"2,071 mi.",Gasoline,Automatic,5.0L V8 32V PDI DOHC,None reported
Ford,"$61,900",Shelby GT500 Base,2014,"15,629 mi.",Gasoline,6-Speed Manual,5.8L V8 32V MPFI DOHC Supercharged,None reported
Saturn,"$18,500",Sky Base,2008,"15,020 mi.",Gasoline,A/T,173.0HP 2.4L 4 Cylinder Engine Gasoline Fuel,None reported
Audi,"$119,900",RS Q8 4.0T quattro,2022,"11,322 mi.",Gasoline,8-Speed Automatic,4.0L V8 32V GDI DOHC Twin Turbo,None reported
Toyota,"$65,998",Land Cruiser,2016,"50,361 mi.",Gasoline,Automatic,5.7 Liter,None reported
Mercedes-Benz,"$36,000",SL-Class SL 550,2013,"115,000 mi.",Gasoline,Transmission w/Dual Shift Mode,429.0HP 4.6L 8 Cylinder Engine Gasoline Fuel,At least 1 accident or damage reported
Porsche,"$63,500",911 Carrera C2S,2005,"28,500 mi.",Gasoline,6-Speed M/T,355.0HP 3.8L Flat 6 Cylinder Engine Gasoline Fuel,None reported
Mercedes-Benz,"$32,000",AMG GLA 45 Base 4MATIC,2018,"51,700 mi.",Gasoline,Transmission w/Dual Shift Mode,375.0HP 2.0L 4 Cylinder Engine Gasoline Fuel,None reported
Ford,"$3,900",Taurus X Limited,2008,"148,949 mi.",Gasoline,A/T,263.0HP 3.5L V6 Cylinder Engine Gasoline Fuel,None reported
BMW,"$31,750",440 Gran Coupe i,2018,"39,300 mi.",Gasoline,8-Speed A/T,320.0HP 3.0L Straight 6 Cylinder Engine Gasoline Fuel,At least 1 accident or damage reported
Honda,"$28,500",S2000 CR,2008,"82,323 mi.",Gasoline,6-Speed M/T,237.0HP 2.2L 4 Cylinder Engine Gasoline Fuel,None reported
Acura,"$34,998",Integra w/A-Spec Tech Package,2023,"3,574 mi.",Gasoline,Variable,1.5 Liter Turbo,None reported
Ford,"$12,749",Excursion Limited,2001,"109,357 mi.",Gasoline,A/T,310.0HP 6.8L 10 Cylinder Engine Gasoline Fuel,None reported
Mercedes-Benz,"$18,853",SL-Class SL500 Roadster,2004,"46,000 mi.",Gasoline,A/T,302.0HP 5.0L 8 Cylinder Engine Gasoline Fuel,None reported
Mercedes-Benz,"$104,999",CLS-Class CLS 550,2007,"123,112 mi.",Gasoline,A/T,382.0HP 5.5L 8 Cylinder Engine Gasoline Fuel,At least 1 accident or damage reported
INFINITI,"$16,900",G35 Sport,2007,"37,100 mi.",Gasoline,6-Speed M/T,306.0HP 3.5L V6 Cylinder Engine Gasoline Fuel,None reported
Volkswagen,"$14,500",Golf GTI 2.0T S 4-Door,2016,"89,000 mi.",Gasoline,6-Speed M/T,210.0HP 2.0L 4 Cylinder Engine Gasoline Fuel,None reported
Dodge,"$53,900",Challenger R/T Scat Pack,2022,"1,240 mi.",Gasoline,8-Speed Automatic,6.4L V8 16V MPFI OHV,None reported
Lincoln,"$47,999",Navigator L Reserve,2019,"67,073 mi.",Gasoline,10-Speed A/T,450.0HP 3.5L V6 Cylinder Engine Gasoline Fuel,At least 1 accident or damage reported
Maserati,"$24,900",Ghibli S Q4,2015,"28,700 mi.",Gasoline,8-Speed A/T,404.0HP 3.0L V6 Cylinder Engine Gasoline Fuel,
Tesla,"$93,999",Model X Base,2023,"8,200 mi.",,A/T,670.0HP Electric Motor Electric Fuel System,None reported
Mercedes-Benz,"$108,900",AMG G 63 Base,2018,"41,000 mi.",Gasoline,Transmission w/Dual Shift Mode,563.0HP 5.5L 8 Cylinder Engine Gasoline Fuel,None reported
Ford,"$34,998",Expedition Limited,2018,"98,995 mi.",Gasoline,Automatic,3.5 Liter GTDI,None reported
Volkswagen,"$5,000",Routan SE,2012,"123,815 mi.",Gasoline,6-Speed A/T,283.0HP 3.6L V6 Cylinder Engine Gasoline Fuel,None reported
Bugatti,"$1,950,995",Veyron 16.4 Grand Sport,2011,"6,330 mi.",Gasoline,7-Speed Automatic with Auto-Shift,8.0L W16 64V GDI DOHC Twin Turbo,None reported
Toyota,"$34,084",Highlander XLE,2020,"61,341 mi.",Gasoline,8-Speed Automatic,3.5L V6 24V PDI DOHC,At least 1 accident or damage reported
Honda,"$15,599",Civic LX,2016,"96,473 mi.",Gasoline,Automatic CVT,2.0L I4 16V MPFI DOHC,None reported
Jeep,"$31,331",Wrangler Unlimited Sahara,2017,"66,107 mi.",Gasoline,5-Speed Automatic,3.6L V6 24V MPFI DOHC,None reported
Land,"$9,900",Rover Range Rover Supercharged,2008,"114,287 mi.",Gasoline,6-Speed A/T,400.0HP 4.2L 8 Cylinder Engine Gasoline Fuel,None reported
Acura,"$14,500",ILX 2.0L w/Premium Package,2015,"75,000 mi.",Gasoline,5-Speed A/T,150.0HP 2.0L 4 Cylinder Engine Gasoline Fuel,None reported
BMW,"$36,800",M6 Base,2016,"45,800 mi.",Gasoline,7-Speed A/T,560.0HP 4.4L 8 Cylinder Engine Gasoline Fuel,
Polestar,"$35,999",2 Launch Edition,2021,"12,172 mi.",,1-Speed Automatic,Electric,None reported
BMW,"$35,000",X6 sDrive35i,2016,"70,582 mi.",Gasoline,8-Speed A/T,300.0HP 3.0L Straight 6 Cylinder Engine Gasoline Fuel,At least 1 accident or damage reported
Porsche,"$49,750",Cayman S,2014,"33,088 mi.",Gasoline,7-Speed A/T,325.0HP 3.4L Flat 6 Cylinder Engine Gasoline Fuel,None reported
Lincoln,"$49,000",Corsair Grand Touring,2021,"1,850 mi.",Plug-In Hybrid,CVT Transmission,266.0HP 2.5L 4 Cylinder Engine Plug-In Electric/Gas,None reported
Cadillac,"$10,500",DTS Luxury II,2008,"94,155 mi.",Gasoline,4-Speed A/T,275.0HP 4.6L 8 Cylinder Engine Gasoline Fuel,None reported
Cadillac,"$17,999",ATS 3.6L Luxury,2016,"25,000 mi.",Gasoline,8-Speed A/T,335.0HP 3.6L V6 Cylinder Engine Gasoline Fuel,None reported
GMC,"$27,995",Sierra 1500 SLT,2016,"99,500 mi.",Gasoline,8-Speed A/T,355.0HP 5.3L 8 Cylinder Engine Gasoline Fuel,None reported
INFINITI,"$8,750",G37 x,2009,"158,564 mi.",Gasoline,A/T,328.0HP 3.7L V6 Cylinder Engine Gasoline Fuel,None reported
Ford,"$78,499",Transit-350 XLT,2023,"20,000 mi.",Gasoline,10-Speed A/T,310.0HP 3.5L V6 Cylinder Engine Gasoline Fuel,None reported
Cadillac,"$20,850",XTS Luxury,2018,"46,711 mi.",Gasoline,6-Speed A/T,304.0HP 3.6L V6 Cylinder Engine Gasoline Fuel,At least 1 accident or damage reported
Nissan,"$41,000",NV Passenger NV3500 HD SL V8,2017,"46,496 mi.",Gasoline,A/T,375.0HP 5.6L 8 Cylinder Engine Gasoline Fuel,None reported
Mercedes-Benz,"$53,800",GLS 450 Base 4MATIC,2019,"19,800 mi.",Gasoline,9-Speed A/T,362.0HP 3.0L V6 Cylinder Engine Gasoline Fuel,None reported
Toyota,"$37,900",Land Cruiser Base,2008,"175,000 mi.",Gasoline,6-Speed A/T,381.0HP 5.7L 8 Cylinder Engine Gasoline Fuel,At least 1 accident or damage reported
Toyota,"$63,500",Land Cruiser Base,2016,"61,500 mi.",Gasoline,8-Speed A/T,381.0HP 5.7L 8 Cylinder Engine Gasoline Fuel,None reported
RAM,"$65,000",ProMaster 2500 Window Van High Roof,2016,"49,750 mi.",Gasoline,6-Speed A/T,280.0HP 3.6L V6 Cylinder Engine Gasoline Fuel,None reported
Lamborghini,"$100,000",Gallardo Base,2007,"38,800 mi.",Gasoline,Transmission w/Dual Shift Mode,493.0HP 5.0L 10 Cylinder Engine Gasoline Fuel,None reported
Lincoln,"$8,995",MKZ Base,2011,"83,765 mi.",Gasoline,A/T,263.0HP 3.5L V6 Cylinder Engine Gasoline Fuel,None reported
Mercedes-Benz,"$105,500",EQS 450 4MATIC,2023,"7,388 mi.",,1-Speed A/T,355.0HP Electric Motor Electric Fuel System,None reported
Lamborghini,"$359,991",Huracan Tecnica Coupe,2023,278 mi.,Gasoline,Automatic,"5.2L V-10 gasoline direct injection, DOHC, variable valve contro",None reported
Alfa,"$75,900",Romeo Giulia Quadrifoglio,2022,"1,966 mi.",Gasoline,8-Speed Automatic,2.9L V6 24V GDI DOHC Twin Turbo,None reported
Chevrolet,"$23,995",Trailblazer LT,2021,"50,648 mi.",Gasoline,Automatic CVT,1.2L I3 12V GDI DOHC Turbo,None reported
Toyota,"$29,500",Land Cruiser Base,1993,"231,500 mi.",–,A/T,–,None reported
Lamborghini,"$257,000",Urus Base,2021,"13,692 mi.",Gasoline,8-Speed A/T,641.0HP 4.0L 8 Cylinder Engine Gasoline Fuel,None reported
INFINITI,"$15,000",G37 x,2013,"60,058 mi.",Gasoline,A/T,328.0HP 3.7L V6 Cylinder Engine Gasoline Fuel,At least 1 accident or damage reported
Maserati,"$33,950",Levante S,2017,"54,423 mi.",Gasoline,8-Speed A/T,424.0HP 3.0L V6 Cylinder Engine Gasoline Fuel,None reported
Toyota,"$47,498",Highlander Limited,2022,"24,001 mi.",Gasoline,8-Speed Automatic,3.5L V6 24V PDI DOHC,None reported
Nissan,"$50,998",Armada SL,2022,"14,735 mi.",Gasoline,Automatic,5.6 Liter,None reported
Audi,"$42,998",Q5 Premium,2023,"2,425 mi.",Hybrid,Automatic,2.0 Liter TFSI,None reported
Ford,"$94,999",Shelby GT500 Base,2022,"2,050 mi.",Gasoline,Transmission w/Dual Shift Mode,760.0HP 5.2L 8 Cylinder Engine Gasoline Fuel,None reported
Lincoln,"$46,995",Navigator L Reserve,2019,"64,855 mi.",Gasoline,10-Speed A/T,450.0HP 3.5L V6 Cylinder Engine Gasoline Fuel,None reported
Mercedes-Benz,"$62,479",EQS 450+ Base,2022,"16,238 mi.",,1-Speed A/T,329.0HP Electric Motor Electric Fuel System,None reported
RAM,"$47,995",1500 Laramie,2022,"18,051 mi.",Gasoline,Automatic,5.7L V8 16V MPFI OHV,None reported
Lincoln,"$14,900",Town Car Base,2004,"36,524 mi.",Gasoline,4-Speed A/T,239.0HP 4.6L 8 Cylinder Engine Gasoline Fuel,None reported
Acura,"$39,998",TLX w/A-Spec Package,2022,"14,896 mi.",Gasoline,2,2.0 Liter DOHC Turbo,None reported
Toyota,"$29,999",Camry Hybrid LE,2022,"14,048 mi.",Hybrid,Automatic CVT,2.5L I4 16V PDI DOHC Hybrid,None reported
Honda,"$3,900",CR-V EX,2003,"224,000 mi.",Gasoline,M/T,160.0HP 2.4L 4 Cylinder Engine Gasoline Fuel,None reported
Mercedes-Benz,"$26,000",E-Class E 550,2014,"80,581 mi.",Gasoline,Transmission w/Dual Shift Mode,402.0HP 4.7L 8 Cylinder Engine Gasoline Fuel,None reported
Mazda,"$11,000",MX-5 Miata Grand Touring,2007,"81,400 mi.",Gasoline,6-Speed M/T,166.0HP 2.0L 4 Cylinder Engine Gasoline Fuel,At least 1 accident or damage reported
Porsche,"$63,000",718 Boxster Base,2019,"6,700 mi.",Gasoline,7-Speed A/T,300.0HP 2.0L 4 Cylinder Engine Gasoline Fuel,None reported
Ford,"$22,500",Transit-350 XLT,2015,"143,000 mi.",Gasoline,6-Speed A/T,275.0HP 3.7L V6 Cylinder Engine Gasoline Fuel,None reported
Kia,"$18,688",Sportage SX Turbo,2017,"87,842 mi.",Gasoline,6-Speed Automatic,2.0L I4 16V GDI DOHC Turbo,None reported
INFINITI,"$16,500",G37 S Sport,2010,"116,451 mi.",Gasoline,6-Speed M/T,328.0HP 3.7L V6 Cylinder Engine Gasoline Fuel,None reported
Nissan,"$27,900",Titan XD S,2019,"53,677 mi.",Gasoline,7-Speed A/T,390.0HP 5.6L 8 Cylinder Engine Gasoline Fuel,None reported
Audi,"$77,500",S7 2.9T Prestige,2021,"12,000 mi.",Hybrid,8-Speed A/T,444.0HP 2.9L V6 Cylinder Engine Gasoline/Mild Electric Hybrid,None reported
Land,"$43,998",Rover Discovery HSE,2019,"20,034 mi.",Gasoline,Automatic,3.0 Liter,None reported
Ford,"$68,000",Transit-350 XLT,2020,"32,000 mi.",Diesel,A/T,210.0HP 2.0L 4 Cylinder Engine Diesel Fuel,None reported
INFINITI,"$19,995",Q70 3.7,2014,"70,312 mi.",Gasoline,7-Speed A/T,330.0HP 3.7L V6 Cylinder Engine Gasoline Fuel,None reported
Jeep,"$54,000",Gladiator Rubicon,2022,"8,794 mi.",Gasoline,A/T,285.0HP 3.6L V6 Cylinder Engine Gasoline Fuel,None reported
Lincoln,"$5,900",MKX Base,2010,"156,000 mi.",Gasoline,6-Speed A/T,265.0HP 3.5L V6 Cylinder Engine Gasoline Fuel,At least 1 accident or damage reported
Porsche,"$134,999",911 Carrera 4S,2020,"25,568 mi.",Gasoline,7-Speed Manual,3.0L H6 24V GDI DOHC Twin Turbo,None reported
Mercedes-Benz,"$34,250",AMG C 43 Base 4MATIC,2018,"67,100 mi.",Gasoline,Transmission w/Dual Shift Mode,362.0HP 3.0L V6 Cylinder Engine Gasoline Fuel,At least 1 accident or damage reported
Porsche,"$37,000",Cayman Base,2014,"52,000 mi.",Gasoline,Transmission w/Dual Shift Mode,275.0HP 2.7L Flat 6 Cylinder Engine Gasoline Fuel,At least 1 accident or damage reported
Acura,"$12,000",MDX 3.7L Advance,2011,"137,200 mi.",Gasoline,Transmission w/Dual Shift Mode,300.0HP 3.7L V6 Cylinder Engine Gasoline Fuel,None reported
Volkswagen,"$32,000",Golf R 4-Door w/DCC & Navigation,2018,"36,000 mi.",Gasoline,7-Speed A/T,292.0HP 2.0L 4 Cylinder Engine Gasoline Fuel,At least 1 accident or damage reported
Kia,"$24,500",Forte GT-Line,2023,"15,500 mi.",Gasoline,CVT Transmission,147.0HP 2.0L 4 Cylinder Engine Gasoline Fuel,At least 1 accident or damage reported
BMW,"$96,998",M8 Competition,2020,"10,906 mi.",Gasoline,Automatic,4.4 Liter Twin Turbo,None reported
Lincoln,"$26,545",MKC Select,2019,"49,814 mi.",Gasoline,6-Speed Automatic,2.0L I4 16V GDI DOHC Turbo,None reported
BMW,"$86,999",i8 Base,2015,846 mi.,Plug-In Hybrid,A/T,357.0HP 1.5L 3 Cylinder Engine Plug-In Electric/Gas,None reported
Toyota,"$34,645",Highlander XLE,2021,"67,039 mi.",Gasoline,8-Speed Automatic,3.5L V6 24V PDI DOHC,None reported
Mazda,"$28,535",CX-30 Premium Package,2023,"2,636 mi.",Gasoline,6-Speed Automatic,2.5L I4 16V,None reported
Porsche,"$43,550",Cayenne Platinum Edition,2018,"50,166 mi.",Gasoline,8-Speed Automatic,3.6L V6 24V GDI DOHC,At least 1 accident or damage reported
Lincoln,"$27,500",MKZ Reserve,2017,"37,375 mi.",Gasoline,6-Speed A/T,400.0HP 3.0L V6 Cylinder Engine Gasoline Fuel,None reported
Tesla,"$31,000",Model 3 Standard Range Plus,2021,"21,600 mi.",,A/T,271.0HP Electric Motor Electric Fuel System,None reported
Porsche,"$69,000",718 Cayman S,2019,"9,500 mi.",Gasoline,7-Speed A/T,350.0HP 2.5L 4 Cylinder Engine Gasoline Fuel,At least 1 accident or damage reported
Chevrolet,"$16,000",Corvette Base,2005,"143,095 mi.",Gasoline,4-Speed A/T,400.0HP 6.0L 8 Cylinder Engine Gasoline Fuel,None reported
Acura,"$8,500",RSX Type S,2002,"80,000 mi.",Gasoline,6-Speed M/T,200.0HP 2.0L 4 Cylinder Engine Gasoline Fuel,At least 1 accident or damage reported
Ferrari,"$275,000",Roma Base,2021,"3,000 mi.",Gasoline,8-Speed A/T,611.0HP 3.9L 8 Cylinder Engine Gasoline Fuel,None reported
Porsche,"$45,000",Cayman S,2007,"5,856 mi.",Gasoline,6-Speed M/T,295.0HP 3.4L Flat 6 Cylinder Engine Gasoline Fuel,None reported
Rolls-Royce,"$488,880",Phantom Drophead Coupe Drophead,2013,"2,958 mi.",Gasoline,8-Speed Automatic,6.8L V12 48V GDI DOHC,None reported
Audi,"$74,900",SQ7 4.0T,2022,"28,927 mi.",Gasoline,Automatic,4.0L V8 32V GDI DOHC Twin Turbo,None reported
Mercedes-Benz,"$144,664",AMG GLS 63 4MATIC,2022,"4,102 mi.",Hybrid,9-Speed A/T,603.0HP 4.0L 8 Cylinder Engine Gasoline/Mild Electric Hybrid,None reported
Honda,"$38,500",Ridgeline RTL-E,2021,"14,442 mi.",Gasoline,9-Speed A/T,280.0HP 3.5L V6 Cylinder Engine Gasoline Fuel,None reported
Mercedes-Benz,"$12,995",CLK-Class 500 Cabriolet,2005,"64,000 mi.",Gasoline,7-Speed A/T,302.0HP 5.0L 8 Cylinder Engine Gasoline Fuel,None reported
Lexus,"$10,000",GX 470 Base,2004,"154,000 mi.",Gasoline,A/T,235.0HP 4.7L 8 Cylinder Engine Gasoline Fuel,At least 1 accident or damage reported
Lexus,"$27,000",NX 200t Base,2015,"54,000 mi.",Gasoline,6-Speed A/T,235.0HP 2.0L 4 Cylinder Engine Gasoline Fuel,None reported
Dodge,"$6,000",Dakota SLT Quad Cab,2007,"232,492 mi.",Gasoline,4-Speed A/T,210.0HP 3.7L V6 Cylinder Engine Gasoline Fuel,At least 1 accident or damage reported
Maserati,"$52,645",Ghibli S Q4 GranSport,2020,"25,721 mi.",Gasoline,8-Speed Automatic,3.0L V6 24V GDI DOHC Twin Turbo,None reported
Land,"$35,998",Rover Discovery Sport SE R-Dynamic,2020,"20,927 mi.",Gasoline,Automatic,2.0 Liter,None reported
Aston,"$159,500",Martin DBX Base,2021,"2,353 mi.",Gasoline,9-Speed Automatic,4.0L V8 32V GDI DOHC Twin Turbo,None reported
Audi,"$33,610",Q3 45 S line Premium,2022,"9,325 mi.",Gasoline,8-Speed Automatic,2.0L I4 16V GDI DOHC Turbo,None reported
Ford,"$28,616",Explorer XLT,2020,"61,001 mi.",Gasoline,10-Speed Automatic,2.3L I4 16V GDI DOHC Turbo,At least 1 accident or damage reported
Mercedes-Benz,"$46,900",AMG GLC 63 Base 4MATIC,2018,"71,962 mi.",Gasoline,9-Speed A/T,469.0HP 4.0L 8 Cylinder Engine Gasoline Fuel,None reported
Subaru,"$29,990",BRZ Premium,2023,"5,800 mi.",Gasoline,6-Speed M/T,228.0HP 2.4L 4 Cylinder Engine Gasoline Fuel,None reported
BMW,"$28,499",640 i,2016,"40,080 mi.",Gasoline,8-Speed A/T,315.0HP 3.0L Straight 6 Cylinder Engine Gasoline Fuel,None reported
Kia,"$36,500",Stinger GT2,2020,"57,000 mi.",Gasoline,A/T,365.0HP 3.3L V6 Cylinder Engine Gasoline Fuel,At least 1 accident or damage reported
Chevrolet,"$31,985",Bolt EUV Premier,2022,"7,624 mi.",,1-Speed Automatic,Electric,None reported
Subaru,"$9,999",Forester 2.5 XT,2004,"122,000 mi.",Gasoline,5-Speed M/T,210.0HP 2.5L 4 Cylinder Engine Gasoline Fuel,At least 1 accident or damage reported
Kia,"$36,998",Sportage X-Pro,2023,459 mi.,Gasoline,8-Speed Automatic,2.5L I4 16V PDI DOHC,None reported
BMW,"$40,500",M4 Base,2016,"62,500 mi.",Gasoline,7-Speed A/T,425.0HP 3.0L Straight 6 Cylinder Engine Gasoline Fuel,At least 1 accident or damage reported
Hyundai,"$17,500",Equus Signature,2013,"72,000 mi.",Gasoline,8-Speed A/T,429.0HP 5.0L 8 Cylinder Engine Gasoline Fuel,None reported
Mercedes-Benz,"$69,900",AMG E 53 4MATIC,2020,"8,375 mi.",Gasoline,"Automatic, 9-Spd 9G-Tronic","AMG 3L I-6 gasoline direct injection, DOHC, variable valve contr",None reported
BMW,"$53,000",M550 i xDrive,2020,"40,000 mi.",Gasoline,Transmission w/Dual Shift Mode,523.0HP 4.4L 8 Cylinder Engine Gasoline Fuel,None reported
Subaru,"$30,000",Impreza WRX STI,2014,"77,000 mi.",Gasoline,6-Speed M/T,305.0HP 2.5L 4 Cylinder Engine Gasoline Fuel,At least 1 accident or damage reported
Mercedes-Benz,"$159,998",AMG G 63 Base,2019,"19,593 mi.",Gasoline,Automatic,4.0 Liter Twin Turbo,None reported
Mazda,"$22,966",Mazda6 Grand Touring,2020,"35,902 mi.",Gasoline,6-Speed Automatic,2.5L I4 16V GDI DOHC Turbo,None reported
Hyundai,"$9,800",Veloster Base,2013,800 mi.,Gasoline,Transmission w/Dual Shift Mode,132.0HP 1.6L 4 Cylinder Engine Gasoline Fuel,None reported
Bentley,"$239,995",Bentayga S,2023,"2,600 mi.",Gasoline,8-Speed Automatic,4.0L V8 32V GDI DOHC Twin Turbo,None reported
Land,"$79,998",Rover Defender X-Dynamic SE,2023,"6,204 mi.",Hybrid,Automatic,3.0 Liter,None reported
Kia,"$37,405",Telluride SX,2020,"69,185 mi.",Gasoline,8-Speed Automatic,3.8L V6 24V GDI DOHC,None reported
Maserati,"$41,900",GranTurismo Sport,2015,"45,000 mi.",Gasoline,6-Speed A/T,454.0HP 4.7L 8 Cylinder Engine Gasoline Fuel,None reported
BMW,"$39,998",540 i xDrive,2020,"37,426 mi.",Gasoline,Automatic,2.0 Liter Turbo,None reported
INFINITI,"$8,500",M56 Base,2011,"137,000 mi.",Gasoline,Transmission w/Dual Shift Mode,420.0HP 5.6L 8 Cylinder Engine Gasoline Fuel,At least 1 accident or damage reported
Mazda,"$18,500",Mazda3 s Grand Touring,2016,"85,000 mi.",–,A/T,–,At least 1 accident or damage reported
Chevrolet,"$73,900",Corvette Stingray w/1LT,2023,"4,000 mi.",Gasoline,8-Speed A/T,490.0HP 6.2L 8 Cylinder Engine Gasoline Fuel,At least 1 accident or damage reported
Audi,"$47,598",Q5 S line Premium Plus,2023,"4,648 mi.",Hybrid,Automatic,2.0 Liter TFSI,None reported
Lexus,"$38,000",GX 460 Base,2018,"52,100 mi.",Gasoline,6-Speed A/T,301.0HP 4.6L 8 Cylinder Engine Gasoline Fuel,None reported
BMW,"$10,795",X1 sDrive28i,2014,"50,100 mi.",Gasoline,A/T,240.0HP 2.0L 4 Cylinder Engine Gasoline Fuel,None reported
Alfa,"$32,400",Romeo Stelvio Ti,2020,"41,000 mi.",Gasoline,8-Speed A/T,280.0HP 2.0L 4 Cylinder Engine Gasoline Fuel,None reported
RAM,"$34,000",1500 Big Horn,2021,"70,968 mi.",Gasoline,8-Speed A/T,395.0HP 5.7L 8 Cylinder Engine Gasoline Fuel,None reported
BMW,"$53,000",M4 Base,2015,"26,600 mi.",Gasoline,A/T,425.0HP 3.0L Straight 6 Cylinder Engine Gasoline Fuel,None reported
Tesla,"$84,500",Model X Long Range,2022,"15,443 mi.",,1-Speed A/T,670.0HP Electric Motor Electric Fuel System,None reported
Volvo,"$18,000",S90 T5 Momentum,2018,"95,000 mi.",Gasoline,8-Speed A/T,250.0HP 2.0L 4 Cylinder Engine Gasoline Fuel,None reported
Subaru,"$19,500",Impreza WRX Sti,2005,"94,000 mi.",Gasoline,6-Speed M/T,300.0HP 2.5L 4 Cylinder Engine Gasoline Fuel,None reported
BMW,"$57,998",X6 xDrive40i,2020,"45,076 mi.",Gasoline,Automatic,3.0 Liter Turbo,None reported
Cadillac,"$11,000",CTS 2.0L Turbo Luxury,2014,"110,000 mi.",Gasoline,A/T,272.0HP 2.0L 4 Cylinder Engine Gasoline Fuel,None reported
Land,"$21,590",Rover Discovery Sport HSE,2016,"49,083 mi.",Gasoline,9-Speed Automatic,2.0L I4 16V GDI DOHC Turbo,None reported
Genesis,"$27,500",G90 5.0 Ultimate,2017,"63,500 mi.",Gasoline,Transmission w/Dual Shift Mode,420.0HP 5.0L 8 Cylinder Engine Gasoline Fuel,None reported
Mercedes-Benz,"$18,000",CLK-Class CLK 350,2009,"21,500 mi.",Gasoline,A/T,268.0HP 3.5L V6 Cylinder Engine Gasoline Fuel,At least 1 accident or damage reported
Land,"$199,998",Rover Range Rover Autobiography,2023,324 mi.,Gasoline,Automatic,4.4 Liter,None reported
Kia,"$20,818",Optima EX,2019,"68,166 mi.",Gasoline,Automatic,"1.6L I-4 gasoline direct injection, DOHC, variable valve control",None reported
Toyota,"$31,853",Highlander SE,2018,"53,607 mi.",Gasoline,8-Speed Automatic,3.5L V6 24V PDI DOHC,At least 1 accident or damage reported
Mercedes-Benz,"$45,900",Sprinter 4500 High Roof,2019,"16,813 mi.",Diesel,Transmission w/Dual Shift Mode,188.0HP 3.0L V6 Cylinder Engine Diesel Fuel,
BMW,"$29,500",X1 xDrive28i,2020,"18,200 mi.",Gasoline,A/T,228.0HP 2.0L 4 Cylinder Engine Gasoline Fuel,At least 1 accident or damage reported
Audi,"$102,000",R8 5.2,2015,"51,000 mi.",Gasoline,Transmission w/Dual Shift Mode,550.0HP 5.2L 10 Cylinder Engine Gasoline Fuel,At least 1 accident or damage reported
Audi,"$42,800",S3 2.0T Tech Premium Plus,2018,"16,400 mi.",Gasoline,A/T,292.0HP 2.0L 4 Cylinder Engine Gasoline Fuel,None reported
Toyota,"$75,500",Tundra Hybrid TRD Pro,2022,"7,000 mi.",Hybrid,10-Speed A/T,437.0HP 3.4L V6 Cylinder Engine Gas/Electric Hybrid,None reported
Audi,"$52,900",SQ5 3.0T Premium Plus,2022,"8,497 mi.",Gasoline,Automatic,3.0L V6 24V GDI DOHC Turbo,None reported
Audi,"$20,000",A6 2.0T Premium Plus,2016,"68,000 mi.",Gasoline,Transmission w/Dual Shift Mode,252.0HP 2.0L 4 Cylinder Engine Gasoline Fuel,At least 1 accident or damage reported
Lamborghini,"$288,900",Huracan EVO Base,2022,"2,523 mi.",Gasoline,7-Speed Manual,5.2L V10 40V GDI DOHC,None reported
BMW,"$8,995",328 xi,2007,"83,000 mi.",Gasoline,6-Speed A/T,230.0HP 3.0L Straight 6 Cylinder Engine Gasoline Fuel,None reported
Audi,"$50,000",SQ5 3.0T Prestige,2018,"25,000 mi.",Gasoline,8-Speed A/T,354.0HP 3.0L V6 Cylinder Engine Gasoline Fuel,None reported
Cadillac,"$97,952",Escalade Sport Platinum,2021,"15,689 mi.",Diesel,10-Speed Automatic,3.0L I6 24V DDI DOHC Turbo Diesel,None reported
BMW,"$17,200",M235 i,2014,"125,450 mi.",Gasoline,6-Speed M/T,320.0HP 3.0L Straight 6 Cylinder Engine Gasoline Fuel,None reported
Kia,"$50,998",Telluride SX,2023,"9,822 mi.",Gasoline,8-Speed Automatic,3.8L V6 24V GDI DOHC,None reported
Chevrolet,"$22,000",Express 3500 Base,2008,"144,000 mi.",Gasoline,A/T,323.0HP 6.0L 8 Cylinder Engine Gasoline Fuel,None reported
GMC,"$27,654",Acadia SLE,2020,"30,900 mi.",Gasoline,9-Speed Automatic,2.5L I4 16V GDI DOHC,None reported
BMW,"$41,598",X3 xDrive30i,2021,"2,492 mi.",Gasoline,Automatic,2.0 Liter Turbo,None reported
Audi,"$14,000",TT 2.0T,2015,"126,760 mi.",Gasoline,A/T,211.0HP 2.0L 4 Cylinder Engine Gasoline Fuel,At least 1 accident or damage reported
Subaru,"$20,500",Outback 3.6R Touring,2017,"100,680 mi.",Gasoline,A/T,256.0HP 3.6L Flat 6 Cylinder Engine Gasoline Fuel,None reported
Mitsubishi,"$4,495",Eclipse Spyder GS,2001,"90,400 mi.",Gasoline,A/T,140.0HP 2.4L 4 Cylinder Engine Gasoline Fuel,None reported
Hyundai,"$29,800",Santa Fe SEL,2022,"26,895 mi.",Gasoline,8-Speed Automatic,2.5L I4 16V PDI DOHC,
BMW,"$67,000",M5 Base,2018,"20,500 mi.",Gasoline,8-Speed A/T,600.0HP 4.4L 8 Cylinder Engine Gasoline Fuel,None reported
Dodge,"$10,500",Ram 1500 ST,2011,"134,000 mi.",Gasoline,A/T,390.0HP 5.7L 8 Cylinder Engine Gasoline Fuel,At least 1 accident or damage reported
Ford,"$10,000",Fusion Energi Titanium,2015,"84,352 mi.",Plug-In Hybrid,CVT Transmission,188.0HP 2.0L 4 Cylinder Engine Plug-In Electric/Gas,At least 1 accident or damage reported
Toyota,"$71,000",Tundra Hybrid TRD Pro,2022,"19,000 mi.",Hybrid,10-Speed A/T,437.0HP 3.4L V6 Cylinder Engine Gas/Electric Hybrid,None reported
Land,"$17,500",Rover Range Rover Evoque Pure,2015,"115,550 mi.",Gasoline,9-Speed A/T,240.0HP 2.0L 4 Cylinder Engine Gasoline Fuel,None reported
Lincoln,"$9,750",Navigator Base,2009,"191,775 mi.",E85 Flex Fuel,6-Speed A/T,310.0HP 5.4L 8 Cylinder Engine Flex Fuel Capability,At least 1 accident or damage reported
Ford,"$46,998",Mustang Mach-E Select,2023,923 mi.,,Automatic,Standard Range Battery,None reported
Mercedes-Benz,"$75,000",Sprinter 3500 High Roof,2017,"124,630 mi.",Diesel,5-Speed A/T,188.0HP 3.0L V6 Cylinder Engine Diesel Fuel,None reported
Mercedes-Benz,"$95,000",AMG E 63 S 4MATIC,2019,"17,000 mi.",Gasoline,9-Speed A/T,603.0HP 4.0L 8 Cylinder Engine Gasoline Fuel,None reported
BMW,"$32,000",440 i xDrive,2018,"73,500 mi.",Gasoline,A/T,320.0HP 3.0L Straight 6 Cylinder Engine Gasoline Fuel,None reported
Acura,"$5,500",Integra LS,1998,"120,000 mi.",Gasoline,4-Speed A/T,140.0HP 1.8L 4 Cylinder Engine Gasoline Fuel,At least 1 accident or damage reported
Audi,"$36,340",Q7 55 Prestige,2019,"73,837 mi.",Gasoline,8-Speed Automatic,3.0L V6 24V GDI DOHC Supercharged,None reported
BMW,"$40,999",M6 Base,2014,"29,500 mi.",Gasoline,Transmission w/Dual Shift Mode,560.0HP 4.4L 8 Cylinder Engine Gasoline Fuel,None reported
Volkswagen,"$29,798",Arteon 2.0T SE,2021,"13,613 mi.",Gasoline,Automatic,2.0 Liter TSI,None reported
Lexus,"$120,990",LX 600 F SPORT,2023,"1,185 mi.",Gasoline,10-Speed A/T,409.0HP 3.4L V6 Cylinder Engine Gasoline Fuel,None reported
INFINITI,"$11,500",Q40 Base,2015,"143,250 mi.",Gasoline,Transmission w/Dual Shift Mode,328.0HP 3.7L V6 Cylinder Engine Gasoline Fuel,None reported
BMW,"$11,500",Z4 3.0i Roadster,2006,"46,508 mi.",Gasoline,Transmission w/Dual Shift Mode,215.0HP 3.0L Straight 6 Cylinder Engine Gasoline Fuel,At least 1 accident or damage reported
BMW,"$59,549",M6 Base,2015,"18,651 mi.",Gasoline,Transmission w/Dual Shift Mode,560.0HP 4.4L 8 Cylinder Engine Gasoline Fuel,None reported
BMW,"$39,998",X3 M40i,2019,"36,438 mi.",Gasoline,Automatic,3.0 Liter Turbo,None reported
Kia,"$15,363",Sorento LX,2014,"46,628 mi.",Gasoline,6-Speed Automatic,2.4L I4 16V GDI DOHC,None reported
Rivian,"$95,000",R1S Adventure Package,2023,"5,700 mi.",,1-Speed A/T,835.0HP Electric Motor Electric Fuel System,None reported
BMW,"$29,995",Z4 sDrive28i,2015,"57,550 mi.",Gasoline,6-Speed M/T,240.0HP 2.0L 4 Cylinder Engine Gasoline Fuel,None reported
Cadillac,"$60,999",CTS-V Base,2017,"48,600 mi.",Gasoline,Transmission w/Dual Shift Mode,640.0HP 6.2L 8 Cylinder Engine Gasoline Fuel,None reported
Ford,"$18,000",Transit Connect XL,2020,"119,000 mi.",Gasoline,A/T,169.0HP 2.5L 4 Cylinder Engine Gasoline Fuel,None reported
Land,"$72,000",Rover Range Rover Velar SVAutobiography Dynamic Edition,2020,"36,500 mi.",Gasoline,Transmission w/Dual Shift Mode,550.0HP 5.0L 8 Cylinder Engine Gasoline Fuel,None reported
Lexus,"$13,250",IS 250 Base,2010,"121,250 mi.",Gasoline,6-Speed A/T,204.0HP 2.5L V6 Cylinder Engine Gasoline Fuel,At least 1 accident or damage reported
BMW,"$78,350",X7 xDrive40i,2023,"2,437 mi.",Hybrid,Transmission w/Dual Shift Mode,375.0HP 3.0L Straight 6 Cylinder Engine Gasoline/Mild Electric Hybrid,None reported
Volvo,"$22,000",XC90 T6 Momentum,2018,"110,380 mi.",Gasoline,A/T,316.0HP 2.0L 4 Cylinder Engine Gasoline Fuel,At least 1 accident or damage reported
Hyundai,"$3,850",Tucson Limited,2008,"149,000 mi.",Gasoline,4-Speed A/T,173.0HP 2.7L V6 Cylinder Engine Gasoline Fuel,None reported
Dodge,"$37,995",Durango GT,2021,"14,684 mi.",Gasoline,8-Speed Automatic,3.6L V6 24V MPFI DOHC,None reported
Mercedes-Benz,"$39,000",AMG C 43 Base 4MATIC,2017,"39,000 mi.",Gasoline,9-Speed A/T,362.0HP 3.0L V6 Cylinder Engine Gasoline Fuel,At least 1 accident or damage reported
GMC,"$42,995",Yukon XL SLT,2019,"65,212 mi.",Gasoline,Automatic,5.3L V8 16V GDI OHV,None reported
Audi,"$91,500",RS Q8 4.0T,2020,"41,856 mi.",Gasoline,Transmission w/Dual Shift Mode,591.0HP 4.0L 8 Cylinder Engine Gasoline Fuel,None reported
Rivian,"$94,500",R1S Adventure Package,2023,655 mi.,,1-Speed A/T,835.0HP Electric Motor Electric Fuel System,None reported
Toyota,"$33,000",RAV4 Hybrid XLE,2019,"54,000 mi.",Hybrid,CVT Transmission,219.0HP 2.5L 4 Cylinder Engine Gas/Electric Hybrid,None reported
Alfa,"$53,900",Romeo Stelvio Quadrifoglio,2019,"26,500 mi.",Gasoline,8-Speed A/T,505.0HP 2.9L V6 Cylinder Engine Gasoline Fuel,None reported
Land,"$36,598",Rover Range Rover Evoque SE,2020,"38,356 mi.",Gasoline,Automatic,2.0 Liter,None reported
Alfa,"$35,345",Romeo Stelvio Ti Sport,2020,"21,487 mi.",Gasoline,8-Speed Automatic,2.0L I4 16V GDI SOHC Turbo,None reported
Cadillac,"$22,999",Escalade EXT Base,2007,"99,000 mi.",Gasoline,6-Speed A/T,403.0HP 6.2L 8 Cylinder Engine Gasoline Fuel,None reported
Ford,"$47,756",F-250 Lariat,2019,"35,597 mi.",E85 Flex Fuel,6-Speed Automatic,6.2L V8 16V MPFI SOHC Flexible Fuel,None reported
Nissan,"$9,950",350Z Enthusiast,2005,"130,307 mi.",Gasoline,5-Speed A/T,287.0HP 3.5L V6 Cylinder Engine Gasoline Fuel,None reported
Subaru,"$7,600",Legacy 2.5 i Premium,2010,"178,000 mi.",Gasoline,A/T,170.0HP 2.5L 4 Cylinder Engine Gasoline Fuel,None reported
Honda,"$3,000",Civic LX,2003,"160,265 mi.",Gasoline,A/T,115.0HP 1.7L 4 Cylinder Engine Gasoline Fuel,At least 1 accident or damage reported
McLaren,"$185,000",570S Spider,2020,"8,700 mi.",Gasoline,Transmission w/Dual Shift Mode,562.0HP 3.8L 8 Cylinder Engine Gasoline Fuel,None reported
Maserati,"$36,000",Ghibli S Q4,2016,"1,000 mi.",Gasoline,Transmission w/Dual Shift Mode,404.0HP 3.0L V6 Cylinder Engine Gasoline Fuel,None reported
Jeep,"$58,900",Wagoneer Series II 4x4,2022,"29,800 mi.",Gasoline,"Automatic, 8-Spd","HEMI 5.7L V-8 variable valve control, regular unleaded, engine w",None reported
Maserati,"$27,995",Ghibli S Q4,2017,"49,750 mi.",Gasoline,Transmission w/Dual Shift Mode,404.0HP 3.0L V6 Cylinder Engine Gasoline Fuel,None reported
Lexus,"$6,348",RX 300 Base,2002,"121,000 mi.",Gasoline,A/T,220.0HP 3.0L V6 Cylinder Engine Gasoline Fuel,None reported
Lincoln,"$2,000",Aviator Luxury,2005,"140,000 mi.",Gasoline,A/T,302.0HP 4.6L 8 Cylinder Engine Gasoline Fuel,None reported
Ford,"$21,500",Transit Connect XL,2018,"66,770 mi.",E85 Flex Fuel,6-Speed A/T,169.0HP 2.5L 4 Cylinder Engine Flex Fuel Capability,
Cadillac,"$19,998",SRX Luxury Collection,2016,"61,549 mi.",Gasoline,Automatic,3.6 Liter SIDI DOHC,At least 1 accident or damage reported
Lincoln,"$21,000",MKS EcoBoost,2016,"38,100 mi.",Gasoline,A/T,365.0HP 3.5L V6 Cylinder Engine Gasoline Fuel,None reported
Toyota,"$5,000",Yaris Base,2010,"138,071 mi.",Gasoline,5-Speed M/T,106.0HP 1.5L 4 Cylinder Engine Gasoline Fuel,None reported
Mercedes-Benz,"$72,000",AMG E 63 S 4MATIC,2019,"40,000 mi.",Gasoline,Transmission w/Dual Shift Mode,603.0HP 4.0L 8 Cylinder Engine Gasoline Fuel,At least 1 accident or damage reported
Mercedes-Benz,"$71,998",GLS 450 Base,2022,"41,545 mi.",Hybrid,Automatic,3.0 Liter DOHC Twin Turbo,None reported
Mercedes-Benz,"$127,899",G-Class G 550 4MATIC,2019,"47,850 mi.",Gasoline,A/T,416.0HP 4.0L 8 Cylinder Engine Gasoline Fuel,At least 1 accident or damage reported
Hyundai,"$11,000",Veloster Turbo R-Spec,2014,"128,000 mi.",Gasoline,6-Speed M/T,201.0HP 1.6L 4 Cylinder Engine Gasoline Fuel,None reported
Toyota,"$40,368",4Runner Limited,2019,"48,156 mi.",Gasoline,5-Speed Automatic,4.0L V6 24V MPFI DOHC,None reported
Mercedes-Benz,"$99,900",S-Class S 580 4MATIC,2021,"4,700 mi.",Hybrid,9-Speed A/T,496.0HP 4.0L 8 Cylinder Engine Gasoline/Mild Electric Hybrid,None reported
Audi,"$67,900",RS 7 4.0T Performance Prestige,2017,"39,071 mi.",Gasoline,8-Speed Automatic,4.0L V8 32V GDI DOHC Twin Turbo,None reported
Mazda,"$12,900",MX-5 Miata Base,1999,"96,680 mi.",Gasoline,5-Speed M/T,140.0HP 1.8L 4 Cylinder Engine Gasoline Fuel,At least 1 accident or damage reported
Mercedes-Benz,"$33,999",AMG C 43 Base,2017,"53,500 mi.",Gasoline,9-Speed A/T,362.0HP 3.0L V6 Cylinder Engine Gasoline Fuel,At least 1 accident or damage reported
Chevrolet,"$47,500",Corvette Z06,2007,"11,025 mi.",Gasoline,6-Speed M/T,505.0HP 7.0L 8 Cylinder Engine Gasoline Fuel,None reported
Ford,"$73,000",F-250 King Ranch,2021,"44,000 mi.",Diesel,10-Speed A/T,475.0HP 6.7L 8 Cylinder Engine Diesel Fuel,At least 1 accident or damage reported
Volkswagen,"$27,900",Tiguan 2.0T SE,2022,"11,000 mi.",Gasoline,A/T,184.0HP 2.0L 4 Cylinder Engine Gasoline Fuel,None reported
BMW,"$16,000",750 Li xDrive,2012,"103,000 mi.",Gasoline,6-Speed A/T,407.0HP 4.4L 8 Cylinder Engine Gasoline Fuel,None reported
BMW,"$128,995",M3 CS,2024,456 mi.,Gasoline,Transmission w/Dual Shift Mode,543.0HP 3.0L Straight 6 Cylinder Engine Gasoline Fuel,None reported
Lexus,"$37,300",GX 460 Base,2018,"64,000 mi.",Gasoline,6-Speed A/T,301.0HP 4.6L 8 Cylinder Engine Gasoline Fuel,None reported
Audi,"$25,999",Q7 3.0T Premium,2017,"108,000 mi.",Gasoline,8-Speed A/T,333.0HP 3.0L V6 Cylinder Engine Gasoline Fuel,None reported
Alfa,"$26,600",Romeo Stelvio Ti Sport,2018,"37,045 mi.",Gasoline,Transmission w/Dual Shift Mode,280.0HP 2.0L 4 Cylinder Engine Gasoline Fuel,At least 1 accident or damage reported
Land,"$95,998",Rover Defender X,2023,"5,433 mi.",Hybrid,Automatic,3.0 Liter,None reported
BMW,"$50,998",750 i xDrive,2019,"28,744 mi.",Gasoline,Automatic,4.4 Liter DOHC Twin Turbo,None reported
BMW,"$44,950",M3 Base,2015,"65,800 mi.",Gasoline,Transmission w/Dual Shift Mode,425.0HP 3.0L Straight 6 Cylinder Engine Gasoline Fuel,None reported
Rolls-Royce,"$314,900",Ghost Base,2021,850 mi.,Gasoline,A/T,563.0HP 6.7L 12 Cylinder Engine Gasoline Fuel,None reported
Audi,"$38,000",e-tron Prestige,2019,"33,012 mi.",,1-Speed A/T,355.0HP Electric Motor Electric Fuel System,None reported
Lexus,"$11,400",IS 250 Base,2011,"107,818 mi.",Gasoline,6-Speed A/T,204.0HP 2.5L V6 Cylinder Engine Gasoline Fuel,At least 1 accident or damage reported
Land,"$19,000",Rover Range Rover Evoque SE Premium,2016,"79,500 mi.",Gasoline,9-Speed A/T,240.0HP 2.0L 4 Cylinder Engine Gasoline Fuel,None reported
Ferrari,"$124,990",California T,2015,"20,000 mi.",Gasoline,7-Speed A/T,553.0HP 3.9L 8 Cylinder Engine Gasoline Fuel,At least 1 accident or damage reported
Lexus,"$63,997",LC 500 Base,2018,"37,000 mi.",Gasoline,10-Speed A/T,471.0HP 5.0L 8 Cylinder Engine Gasoline Fuel,None reported
Kia,"$38,998",EV6 Wind,2022,"11,945 mi.",,Automatic,111.2Ah / FR 70kW / RR 160kW (697V),None reported
GMC,"$5,800",Sierra 1500 SLE Crew Cab,2005,"131,800 mi.",Gasoline,4-Speed A/T,295.0HP 5.3L 8 Cylinder Engine Gasoline Fuel,At least 1 accident or damage reported
Lexus,"$8,995",ES 350 Base,2008,"146,000 mi.",Gasoline,A/T,272.0HP 3.5L V6 Cylinder Engine Gasoline Fuel,None reported
Nissan,"$29,000",370Z NISMO,2010,"29,000 mi.",Gasoline,M/T,350.0HP 3.7L V6 Cylinder Engine Gasoline Fuel,None reported
Dodge,"$5,700",Ram 1500 Laramie,2004,"141,209 mi.",Gasoline,A/T,345.0HP 5.7L 8 Cylinder Engine Gasoline Fuel,None reported
Ford,"$19,995",Expedition Limited,2016,"85,253 mi.",Gasoline,A/T,365.0HP 3.5L V6 Cylinder Engine Gasoline Fuel,None reported
INFINITI,"$17,800",QX70 Base,2015,"87,009 mi.",Gasoline,A/T,325.0HP 3.7L V6 Cylinder Engine Gasoline Fuel,None reported
BMW,"$105,900",X5 M Base,2023,"4,348 mi.",Gasoline,8-Speed Automatic,4.4L V8 32V GDI DOHC Twin Turbo,None reported
Lincoln,"$19,780",Navigator Select,2016,"158,000 mi.",Gasoline,Transmission w/Dual Shift Mode,380.0HP 3.5L V6 Cylinder Engine Gasoline Fuel,None reported
Volvo,"$36,000",V60 Cross Country T5,2020,"10,500 mi.",Gasoline,8-Speed A/T,250.0HP 2.0L 4 Cylinder Engine Gasoline Fuel,None reported
Audi,"$37,000",A7 3.0T Premium Plus,2018,"45,843 mi.",Gasoline,A/T,340.0HP 3.0L V6 Cylinder Engine Gasoline Fuel,None reported
Ford,"$31,621",Bronco Sport Outer Banks,2021,"15,198 mi.",Gasoline,8-Speed Automatic,1.5L I3 12V PDI DOHC Turbo,None reported
Volkswagen,"$5,500",Eurovan MV,2001,"220,000 mi.",Gasoline,A/T,140.0HP 2.8L V6 Cylinder Engine Gasoline Fuel,None reported
Jaguar,"$51,500",F-TYPE R,2017,"58,000 mi.",Gasoline,A/T,550.0HP 5.0L 8 Cylinder Engine Gasoline Fuel,None reported
Land,"$44,998",Rover Range Rover Evoque R-Dynamic HSE,2020,"30,424 mi.",Hybrid,Automatic,2.0 Liter,None reported
RAM,"$45,277",1500 Laramie,2021,"38,012 mi.",Gasoline,8-Speed Automatic,5.7L V8 16V MPFI OHV,None reported
Rivian,"$91,000",R1S Adventure Package,2023,"2,500 mi.",,A/T,835.0HP Electric Motor Electric Fuel System,None reported
BMW,"$91,900",M760 i xDrive,2021,"11,078 mi.",Gasoline,"Automatic, 8-Spd Sport w/Sport & Manual Modes","6.6L V-12 gasoline direct injection, DOHC, variable valve contro",None reported
Lexus,"$65,000",LX 570 Three-Row,2018,"50,000 mi.",Gasoline,A/T,383.0HP 5.7L 8 Cylinder Engine Gasoline Fuel,None reported
Land,"$38,000",Rover Range Rover Velar P250 SE R-Dynamic,2019,"58,000 mi.",Gasoline,A/T,247.0HP 2.0L 4 Cylinder Engine Gasoline Fuel,None reported
Acura,"$54,998",MDX w/Technology Package,2023,"3,415 mi.",Gasoline,F,3.5 Liter SOHC,None reported
Lexus,"$65,000",LC 500 Base,2018,"61,000 mi.",Gasoline,Transmission w/Dual Shift Mode,471.0HP 5.0L 8 Cylinder Engine Gasoline Fuel,None reported
Audi,"$43,500",SQ5 3.0T Prestige,2019,"48,500 mi.",Gasoline,Transmission w/Dual Shift Mode,349.0HP 3.0L V6 Cylinder Engine Gasoline Fuel,At least 1 accident or damage reported
Land,"$34,900",Rover Range Rover Velar P250 SE R-Dynamic,2018,"65,680 mi.",Gasoline,A/T,247.0HP 2.0L 4 Cylinder Engine Gasoline Fuel,At least 1 accident or damage reported
RAM,"$50,658",1500 Limited,2020,"44,362 mi.",Gasoline,8-Speed Automatic,5.7L V8 16V MPFI OHV,None reported
Audi,"$42,900",S4 3.0T Premium,2019,"18,603 mi.",Gasoline,8-Speed Automatic,3.0L V6 24V GDI DOHC Turbo,None reported
Audi,"$59,598",A8 4.0,2020,"35,999 mi.",Hybrid,Automatic,4.0 Liter Turbo,None reported
Cadillac,"$93,000",Escalade ESV Sport,2021,"8,044 mi.",Gasoline,Transmission w/Dual Shift Mode,420.0HP 6.2L 8 Cylinder Engine Gasoline Fuel,None reported
Mercedes-Benz,"$85,500",AMG GT AMG GT S,2016,"9,738 mi.",Gasoline,7-Speed A/T,503.0HP 4.0L 8 Cylinder Engine Gasoline Fuel,None reported
BMW,"$28,000",M3 Base,2009,"112,000 mi.",Gasoline,Transmission w/Dual Shift Mode,420.0HP 4.0L 8 Cylinder Engine Gasoline Fuel,At least 1 accident or damage reported
Honda,"$6,250",Accord EX-L,2009,"167,300 mi.",Gasoline,5-Speed A/T,190.0HP 2.4L 4 Cylinder Engine Gasoline Fuel,None reported
Rolls-Royce,"$449,995",Cullinan,2022,115 mi.,Gasoline,8-Speed Automatic,6.7L V12 48V GDI DOHC Twin Turbo,None reported
Cadillac,"$35,999",Escalade Premium,2015,"71,000 mi.",Gasoline,6-Speed A/T,420.0HP 6.2L 8 Cylinder Engine Gasoline Fuel,At least 1 accident or damage reported
Acura,"$36,570",RDX Technology Package,2020,"31,015 mi.",Gasoline,10-Speed Automatic,2.0L I4 16V GDI DOHC Turbo,None reported
BMW,"$29,999",X2 xDrive28i,2022,"33,000 mi.",Gasoline,Transmission w/Dual Shift Mode,228.0HP 2.0L 4 Cylinder Engine Gasoline Fuel,None reported
Chrysler,"$20,000",Pacifica Touring,2017,"63,000 mi.",–,9-Speed A/T,–,None reported
Buick,"$11,995",Verano Convenience,2013,"68,325 mi.",E85 Flex Fuel,Transmission w/Dual Shift Mode,180.0HP 2.4L 4 Cylinder Engine Flex Fuel Capability,None reported
Mercedes-Benz,"$104,900",AMG S 63 Base 4MATIC,2020,"20,937 mi.",Gasoline,9-Speed Automatic,4.0L V8 32V GDI DOHC Twin Turbo,None reported
RAM,"$48,000",2500 Tradesman,2021,"34,365 mi.",Gasoline,8-Speed A/T,410.0HP 6.4L 8 Cylinder Engine Gasoline Fuel,At least 1 accident or damage reported
Mercedes-Benz,"$44,900",Metris Base,2018,"32,000 mi.",Gasoline,Transmission w/Dual Shift Mode,208.0HP 2.0L 4 Cylinder Engine Gasoline Fuel,None reported
Land,"$36,998",Rover Range Rover Evoque S,2020,"40,237 mi.",Gasoline,Automatic,2.0 Liter,None reported
Volvo,"$50,000",XC90 T6 Inscription,2020,"22,500 mi.",Gasoline,A/T,316.0HP 2.0L 4 Cylinder Engine Gasoline Fuel,None reported
Ford,"$48,999",Expedition King Ranch,2020,"58,700 mi.",Gasoline,10-Speed A/T,375.0HP 3.5L V6 Cylinder Engine Gasoline Fuel,At least 1 accident or damage reported
Toyota,"$5,000",Highlander Hybrid Limited,2006,"264,893 mi.",Hybrid,A/T,208.0HP 3.3L V6 Cylinder Engine Gas/Electric Hybrid,At least 1 accident or damage reported
Toyota,"$8,500",Tundra SR5 Access Cab,2005,"209,500 mi.",Gasoline,5-Speed A/T,282.0HP 4.7L 8 Cylinder Engine Gasoline Fuel,None reported
Ford,"$87,500",Transit-350 Base,2023,195 mi.,Gasoline,10-Speed A/T,310.0HP 3.5L V6 Cylinder Engine Gasoline Fuel,None reported
Chevrolet,"$19,500",Express 3500 LT,2016,"120,000 mi.",Diesel,6-Speed A/T,260.0HP 6.6L 8 Cylinder Engine Diesel Fuel,None reported
Chevrolet,"$33,000",Bolt EUV Premier,2022,"14,676 mi.",,A/T,200.0HP Electric Motor Electric Fuel System,None reported
Jeep,"$42,998",Wrangler Unlimited 4xe Sahara,2021,"33,704 mi.",Hybrid,8-Speed Automatic,2.0L I4 16V GDI DOHC Turbo Hybrid,None reported
BMW,"$87,000",X7 xDrive40i,2023,"2,950 mi.",Hybrid,8-Speed A/T,375.0HP 3.0L Straight 6 Cylinder Engine Gasoline/Mild Electric Hybrid,None reported
Mercedes-Benz,"$87,500",AMG GT 53 Base,2021,"17,994 mi.",Gasoline,9-Speed Automatic,3.0L I6 24V GDI DOHC Turbo,None reported
Toyota,"$45,423",Tundra Limited,2020,"44,101 mi.",Gasoline,6-Speed Automatic,5.7L V8 32V MPFI DOHC,None reported
BMW,"$32,000",X1 xDrive28i,2021,"25,918 mi.",Gasoline,Transmission w/Dual Shift Mode,228.0HP 2.0L 4 Cylinder Engine Gasoline Fuel,None reported
BMW,"$15,300",135 i,2008,"87,000 mi.",Gasoline,A/T,300.0HP 3.0L Straight 6 Cylinder Engine Gasoline Fuel,None reported
Mazda,"$20,500",Mazda3 Touring,2018,"28,333 mi.",Gasoline,Transmission w/Dual Shift Mode,184.0HP 2.5L 4 Cylinder Engine Gasoline Fuel,None reported
Audi,"$39,999",A7 3.0T Premium Plus,2018,"29,294 mi.",Gasoline,A/T,340.0HP 3.0L V6 Cylinder Engine Gasoline Fuel,None reported
Saturn,"$14,995",Sky Red Line,2008,"37,000 mi.",Gasoline,A/T,260.0HP 2.0L 4 Cylinder Engine Gasoline Fuel,None reported
BMW,"$9,950",Z4 2.5i Roadster,2005,"138,000 mi.",Gasoline,5-Speed A/T,184.0HP 2.5L Straight 6 Cylinder Engine Gasoline Fuel,None reported
Volvo,"$65,000",XC90 Hybrid T8 Inscription,2020,"44,487 mi.",Plug-In Hybrid,8-Speed A/T,400.0HP 2.0L 4 Cylinder Engine Plug-In Electric/Gas,None reported
Acura,"$38,781",TLX A-Spec,2021,"16,878 mi.",Gasoline,10-Speed Automatic,2.0L I4 16V GDI DOHC Turbo,None reported
Acura,"$46,598",MDX w/Technology Package,2022,"30,177 mi.",Gasoline,2,3.5L 24V SOHC I-VTEC V6,None reported
Chevrolet,"$67,100",Tahoe High Country,2021,"53,000 mi.",Gasoline,10-Speed A/T,420.0HP 6.2L 8 Cylinder Engine Gasoline Fuel,At least 1 accident or damage reported
Tesla,"$42,000",Model Y Long Range,2021,"61,308 mi.",,A/T,425.0HP Electric Motor Electric Fuel System,None reported
Mercedes-Benz,"$11,495",GLK-Class GLK 350,2013,"99,200 mi.",Gasoline,A/T,302.0HP 3.5L V6 Cylinder Engine Gasoline Fuel,
Chevrolet,"$33,299",Traverse LS,2022,"32,117 mi.",Gasoline,Automatic,3.6L V6 24V GDI DOHC,None reported
BMW,"$16,800",550 Gran Turismo i,2013,"79,341 mi.",Gasoline,A/T,445.0HP 4.4L 8 Cylinder Engine Gasoline Fuel,None reported
Land,"$5,750",Rover Range Rover Sport HSE,2007,"220,000 mi.",Gasoline,A/T,300.0HP 4.4L 8 Cylinder Engine Gasoline Fuel,None reported
BMW,"$43,000",430 i xDrive,2021,"16,900 mi.",Gasoline,8-Speed A/T,255.0HP 2.0L 4 Cylinder Engine Gasoline Fuel,None reported
Porsche,"$24,999",Cayman Base,2007,"75,137 mi.",Gasoline,M/T,245.0HP 2.7L Flat 6 Cylinder Engine Gasoline Fuel,At least 1 accident or damage reported
Ford,"$62,595",Expedition Max King Ranch,2021,"37,594 mi.",Gasoline,10-Speed Automatic,3.5L V6 24V PDI DOHC Twin Turbo,None reported
Rivian,"$94,000",R1S Adventure Package,2023,250 mi.,,A/T,835.0HP Electric Motor Electric Fuel System,
Mercedes-Benz,"$42,598",GLC 300 GLC 300,2021,"12,771 mi.",Gasoline,Automatic,2.0 Liter Turbo,None reported
Ford,"$48,000",Mustang Shelby GT500,2012,"6,400 mi.",Gasoline,6-Speed M/T,550.0HP 5.4L 8 Cylinder Engine Gasoline Fuel,None reported
Tesla,"$36,300",Model Y Long Range,2021,"69,548 mi.",,1-Speed A/T,425.0HP Electric Motor Electric Fuel System,At least 1 accident or damage reported
Nissan,"$15,900",370Z Base,2009,"79,893 mi.",Gasoline,7-Speed A/T,332.0HP 3.7L V6 Cylinder Engine Gasoline Fuel,None reported
Toyota,"$33,000",Sequoia Platinum,2014,"124,838 mi.",Gasoline,A/T,381.0HP 5.7L 8 Cylinder Engine Gasoline Fuel,None reported
Nissan,"$63,900",NV Passenger NV3500 HD SL V8,2020,"14,353 mi.",Gasoline,A/T,375.0HP 5.6L 8 Cylinder Engine Gasoline Fuel,None reported
Ford,"$33,500",Transit Connect XL w/Rear Symmetrical Doors,2022,"22,985 mi.",Gasoline,A/T,169.0HP 2.5L 4 Cylinder Engine Gasoline Fuel,None reported
INFINITI,"$18,900",QX80 Base,2014,"161,894 mi.",Gasoline,7-Speed A/T,400.0HP 5.6L 8 Cylinder Engine Gasoline Fuel,None reported
Aston,"$39,000",Martin V8 Vantage Base,2008,"25,025 mi.",Gasoline,6-Speed A/T,380.0HP 4.3L 8 Cylinder Engine Gasoline Fuel,At least 1 accident or damage reported
Porsche,"$107,998",911 Carrera S,2017,"16,701 mi.",Gasoline,–,3.0 Liter,None reported
Lotus,"$69,250",Evora 400 Base,2017,"19,650 mi.",Gasoline,6-Speed M/T,400.0HP 3.5L V6 Cylinder Engine Gasoline Fuel,None reported
Land,"$45,000",Rover Range Rover Velar P250 S R-Dynamic,2020,"29,500 mi.",Gasoline,A/T,247.0HP 2.0L 4 Cylinder Engine Gasoline Fuel,None reported
Nissan,"$6,700",Xterra S,2007,"132,272 mi.",Gasoline,M/T,261.0HP 4.0L V6 Cylinder Engine Gasoline Fuel,At least 1 accident or damage reported
Dodge,"$13,500",Charger R/T,2012,"122,000 mi.",Gasoline,5-Speed A/T,370.0HP 5.7L 8 Cylinder Engine Gasoline Fuel,At least 1 accident or damage reported
Buick,"$31,755",Encore GX Essence,2022,"18,185 mi.",Gasoline,Automatic CVT,1.3L I3 12V GDI DOHC Turbo,None reported
Nissan,"$13,999",Leaf S,2018,"56,450 mi.",,A/T,147.0HP Electric Motor Electric Fuel System,At least 1 accident or damage reported
Nissan,"$4,200",Leaf SL,2012,"102,000 mi.",,1-Speed A/T,107.0HP Electric Motor Electric Fuel System,None reported
Jeep,"$83,998",Grand Wagoneer Series III,2022,"18,428 mi.",Gasoline,Automatic,6.4 Liter,None reported
Nissan,"$65,990",Z Proto Spec,2023,535 mi.,Gasoline,6-Speed M/T,400.0HP 3.0L V6 Cylinder Engine Gasoline Fuel,None reported
Land,"$15,900",Rover Range Rover Sport HSE,2013,"81,648 mi.",Gasoline,"Auto, 6-Spd w/CmdShft","5L V-8 gasoline direct injection, DOHC, variable valve control,",None reported
Porsche,"$22,550",Boxster S,2003,"138,202 mi.",Gasoline,6-Speed Manual,3.2L H6 24V MPFI DOHC,At least 1 accident or damage reported
Bentley,"$37,900",Continental GT Base,2004,"69,600 mi.",Gasoline,A/T,550.0HP 6.0L 12 Cylinder Engine Gasoline Fuel,None reported
Jaguar,"$53,600",F-TYPE R,2018,"39,900 mi.",Gasoline,8-Speed A/T,550.0HP 5.0L 8 Cylinder Engine Gasoline Fuel,None reported
Cadillac,"$85,000",Escalade ESV Sport,2021,"36,500 mi.",Gasoline,Transmission w/Dual Shift Mode,420.0HP 6.2L 8 Cylinder Engine Gasoline Fuel,None reported
Audi,"$31,990",TT 2.0T,2018,"42,650 mi.",Gasoline,Transmission w/Dual Shift Mode,220.0HP 2.0L 4 Cylinder Engine Gasoline Fuel,None reported
Jeep,"$35,297",Wrangler Unlimited Sahara,2020,"68,816 mi.",Gasoline,8-Speed Automatic,2.0L I4 16V GDI DOHC Turbo,None reported
Audi,"$29,995",S6 4.0T,2016,"91,188 mi.",Gasoline,7-Speed A/T,450.0HP 4.0L 8 Cylinder Engine Gasoline Fuel,None reported
GMC,"$31,900",Sierra 2500 SLE,2015,"116,210 mi.",E85 Flex Fuel,Transmission Overdrive Switch,360.0HP 6.0L 8 Cylinder Engine Flex Fuel Capability,None reported
Tesla,"$44,998",Model 3 Long Range,2022,"3,077 mi.",,Automatic,Dual Motor - Standard,None reported
Mazda,"$52,991",CX-90 Premium,2024,"3,880 mi.",Gasoline,8-Speed Automatic,2.5L,None reported
Ford,"$11,499",C-Max Energi SE,2017,"67,482 mi.",Plug-In Hybrid,CVT Transmission,188.0HP 2.0L 4 Cylinder Engine Plug-In Electric/Gas,At least 1 accident or damage reported
Cadillac,"$52,000",Escalade ESV Platinum,2018,"67,726 mi.",Gasoline,10-Speed A/T,420.0HP 6.2L 8 Cylinder Engine Gasoline Fuel,None reported
Audi,"$10,500",TT 3.2 Cabriolet quattro,2008,"207,000 mi.",Gasoline,6-Speed M/T,250.0HP 3.2L V6 Cylinder Engine Gasoline Fuel,At least 1 accident or damage reported
Hyundai,"$25,987",Santa Fe SE,2021,"35,550 mi.",Gasoline,8-Speed Automatic,2.5L I4 16V PDI DOHC,At least 1 accident or damage reported
Mercedes-Benz,"$46,599",AMG GLE AMG GLE 63 S-Model 4MATIC,2016,"44,000 mi.",Gasoline,7-Speed A/T,577.0HP 5.5L 8 Cylinder Engine Gasoline Fuel,None reported
Mercedes-Benz,"$54,500",SL-Class SL 550,2015,"11,249 mi.",Gasoline,7-Speed A/T,429.0HP 4.7L 8 Cylinder Engine Gasoline Fuel,None reported
Acura,"$17,500",MDX 3.5L Technology Package,2014,"111,650 mi.",Gasoline,6-Speed A/T,290.0HP 3.5L V6 Cylinder Engine Gasoline Fuel,At least 1 accident or damage reported
RAM,"$67,999",2500 Laramie,2019,"18,526 mi.",Diesel,6-Speed Automatic,6.7L I6 24V DDI OHV Turbo Diesel,None reported
Audi,"$15,500",A7 Premium,2012,"103,272 mi.",Gasoline,8-Speed A/T,310.0HP 3.0L V6 Cylinder Engine Gasoline Fuel,None reported
BMW,"$73,600",M2 Base,2023,"1,160 mi.",Gasoline,6-Speed M/T,453.0HP 3.0L Straight 6 Cylinder Engine Gasoline Fuel,None reported
RAM,"$34,918",1500 Laramie,2019,"107,714 mi.",Gasoline,8-Speed Automatic,5.7L V8 16V MPFI OHV,None reported
Audi,"$17,000",Q5 2.0T Premium Plus,2013,"111,773 mi.",Gasoline,8-Speed A/T,211.0HP 2.0L 4 Cylinder Engine Gasoline Fuel,None reported
Cadillac,"$22,500",XTS Luxury,2019,"54,002 mi.",Gasoline,A/T,304.0HP 3.6L V6 Cylinder Engine Gasoline Fuel,At least 1 accident or damage reported
Volkswagen,"$13,000",Jetta 1.4T SE,2016,"87,000 mi.",Gasoline,Transmission w/Dual Shift Mode,150.0HP 1.4L 4 Cylinder Engine Gasoline Fuel,At least 1 accident or damage reported
Ford,"$31,700",Focus RS Base,2016,"49,700 mi.",Gasoline,6-Speed M/T,350.0HP 2.3L 4 Cylinder Engine Gasoline Fuel,None reported
Mercedes-Benz,"$64,600",AMG C 63 S,2017,"34,500 mi.",Gasoline,7-Speed A/T,503.0HP 4.0L 8 Cylinder Engine Gasoline Fuel,None reported
Ford,"$29,614",Bronco Sport Big Bend,2021,"31,729 mi.",Gasoline,8-Speed Automatic,1.5L I3 12V PDI DOHC Turbo,At least 1 accident or damage reported
Jeep,"$43,663",Gladiator Overland,2021,"7,388 mi.",Gasoline,8-Speed Automatic,3.6L V6 24V MPFI DOHC,None reported
BMW,"$20,995",330e iPerformance,2017,"41,550 mi.",Plug-In Hybrid,Transmission w/Dual Shift Mode,247.0HP 2.0L 4 Cylinder Engine Plug-In Electric/Gas,None reported
Mercedes-Benz,"$25,625",GLC 300 Base 4MATIC,2018,"44,486 mi.",Gasoline,9-Speed Automatic,2.0L I4 16V GDI DOHC Turbo,None reported
Acura,"$33,000",MDX 3.7L Advance,2013,"20,750 mi.",Gasoline,6-Speed A/T,300.0HP 3.7L V6 Cylinder Engine Gasoline Fuel,None reported
Genesis,"$41,000",G70 3.3T,2022,"12,000 mi.",Gasoline,8-Speed A/T,365.0HP 3.3L V6 Cylinder Engine Gasoline Fuel,None reported
Lexus,"$98,000",LX 570 Three-Row,2021,"14,206 mi.",Gasoline,A/T,383.0HP 5.7L 8 Cylinder Engine Gasoline Fuel,None reported
Jeep,"$43,500",Grand Cherokee L Limited,2022,"31,700 mi.",Gasoline,A/T,293.0HP 3.6L V6 Cylinder Engine Gasoline Fuel,None reported
Hyundai,"$24,999",IONIQ Plug-In Hybrid SEL,2022,"13,044 mi.",Plug-In Hybrid,A/T,139.0HP 1.6L 4 Cylinder Engine Plug-In Electric/Gas,At least 1 accident or damage reported
Kia,"$6,975",Sportage LX,2009,"100,730 mi.",Gasoline,A/T,173.0HP 2.7L V6 Cylinder Engine Gasoline Fuel,None reported
BMW,"$76,500",X5 PHEV xDrive45e,2023,"5,338 mi.",Plug-In Hybrid,8-Speed A/T,389.0HP 3.0L Straight 6 Cylinder Engine Plug-In Electric/Gas,None reported
Ford,"$23,598",Expedition EL XLT,2014,"85,149 mi.",Gasoline,Automatic,5.4 Liter,None reported
BMW,"$67,250",X6 M Base,2018,"48,291 mi.",Gasoline,Transmission w/Dual Shift Mode,567.0HP 4.4L 8 Cylinder Engine Gasoline Fuel,None reported
Volkswagen,"$14,000",Eurovan MV,2001,"111,887 mi.",Gasoline,A/T,140.0HP 2.8L V6 Cylinder Engine Gasoline Fuel,None reported
Rolls-Royce,"$69,000",Ghost Base,2010,"79,000 mi.",Gasoline,8-Speed A/T,563.0HP 6.6L 12 Cylinder Engine Gasoline Fuel,None reported
Lincoln,"$26,500",Navigator Reserve,2016,"125,000 mi.",Gasoline,Transmission w/Dual Shift Mode,380.0HP 3.5L V6 Cylinder Engine Gasoline Fuel,None reported
Mercedes-Benz,"$39,777",GLA 250 Base 4MATIC,2022,"13,777 mi.",Gasoline,8-Speed A/T,221.0HP 2.0L 4 Cylinder Engine Gasoline Fuel,At least 1 accident or damage reported
RAM,"$41,741",1500 Big Horn,2022,"14,920 mi.",Gasoline,Automatic,3.6L V6 24V MPFI DOHC,None reported
Jeep,"$56,740",Grand Cherokee L Summit,2022,"14,627 mi.",Gasoline,Automatic,3.6L V6 24V MPFI DOHC,None reported
Volvo,"$5,800",S80 3.2,2010,"90,050 mi.",Gasoline,A/T,235.0HP 3.2L Straight 6 Cylinder Engine Gasoline Fuel,None reported
Subaru,"$25,000",BRZ Premium,2014,"45,000 mi.",Gasoline,6-Speed M/T,200.0HP 2.0L 4 Cylinder Engine Gasoline Fuel,At least 1 accident or damage reported
Chevrolet,"$39,500",Corvette Base,1998,"7,666 mi.",Gasoline,4-Speed A/T,340.0HP 5.7L 8 Cylinder Engine Gasoline Fuel,None reported
Hummer,"$29,994",H2 SUT,2006,"89,900 mi.",Gasoline,4-Speed A/T,325.0HP 6.0L 8 Cylinder Engine Gasoline Fuel,None reported
Audi,"$101,998",RS 7 4.0T,2021,"14,724 mi.",Hybrid,Automatic,4.0 Liter TFSI,None reported
Ford,"$10,999",Edge Sport,2011,"132,000 mi.",Gasoline,Transmission w/Dual Shift Mode,305.0HP 3.7L V6 Cylinder Engine Gasoline Fuel,At least 1 accident or damage reported
GMC,"$6,500",Terrain SLT,2010,"32,652 mi.",Gasoline,6-Speed A/T,182.0HP 2.4L 4 Cylinder Engine Gasoline Fuel,None reported
Land,"$72,567",Rover Range Rover 5.0L Supercharged Autobiography LWB,2018,"36,632 mi.",Gasoline,8-Speed A/T,518.0HP 5.0L 8 Cylinder Engine Gasoline Fuel,
Jeep,"$37,500",Grand Cherokee WK Laredo X,2022,"11,164 mi.",Gasoline,8-Speed A/T,293.0HP 3.6L V6 Cylinder Engine Gasoline Fuel,None reported
BMW,"$63,999",M4 Base,2020,"22,655 mi.",Gasoline,7-Speed A/T,425.0HP 3.0L Straight 6 Cylinder Engine Gasoline Fuel,None reported
Mercedes-Benz,"$135,000",AMG GT 63 S 4-Door,2019,"9,500 mi.",Gasoline,Transmission w/Dual Shift Mode,630.0HP 4.0L 8 Cylinder Engine Gasoline Fuel,None reported
Chevrolet,"$29,900",Camaro 1LT,2021,"10,300 mi.",Gasoline,M/T,335.0HP 3.6L V6 Cylinder Engine Gasoline Fuel,None reported
BMW,"$54,000",X6 M Base,2018,"48,000 mi.",Gasoline,8-Speed A/T,567.0HP 4.4L 8 Cylinder Engine Gasoline Fuel,None reported
Mercedes-Benz,"$10,000",CLK-Class 550,2007,"138,000 mi.",Gasoline,7-Speed A/T,382.0HP 5.5L 8 Cylinder Engine Gasoline Fuel,At least 1 accident or damage reported
RAM,"$81,900",1500 TRX,2022,"24,058 mi.",Gasoline,"Automatic, 8-Spd","HEMI 6.2L V-8 intercooled supercharger, premium unleaded, engine",None reported
Audi,"$67,000",RS 7 4.0T Prestige,2016,"31,500 mi.",Gasoline,8-Speed A/T,560.0HP 4.0L 8 Cylinder Engine Gasoline Fuel,None reported
Porsche,"$55,998",Macan S,2020,"19,701 mi.",Gasoline,Automatic,3.0 Liter,None reported
Genesis,"$50,500",GV70 3.5T Sport,2022,"10,200 mi.",Gasoline,A/T,375.0HP 3.5L V6 Cylinder Engine Gasoline Fuel,None reported
Aston,"$33,995",Martin V8 Vantage Base,2008,"62,378 mi.",Gasoline,M/T,380.0HP 4.3L 8 Cylinder Engine Gasoline Fuel,At least 1 accident or damage reported
Nissan,"$10,200",350Z Touring,2006,"84,200 mi.",Gasoline,6-Speed M/T,300.0HP 3.5L V6 Cylinder Engine Gasoline Fuel,None reported
Toyota,"$18,800",Sequoia SR5,2013,"138,700 mi.",E85 Flex Fuel,A/T,381.0HP 5.7L 8 Cylinder Engine Flex Fuel Capability,At least 1 accident or damage reported
Chevrolet,"$62,900",Tahoe Premier,2021,"41,050 mi.",Gasoline,10-Speed A/T,355.0HP 5.3L 8 Cylinder Engine Gasoline Fuel,None reported
Jeep,"$24,590",Compass Limited,2020,"39,192 mi.",Gasoline,9-Speed Automatic,2.4L I4 16V MPFI SOHC,None reported
BMW,"$47,998",430 430i,2022,"7,758 mi.",Gasoline,Automatic,2.0 Liter Turbo,None reported
Ford,"$33,410",Bronco Sport Outer Banks,2021,"31,654 mi.",Gasoline,8-Speed Automatic,1.5L I3 12V PDI DOHC Turbo,None reported
Mercedes-Benz,"$42,000",AMG C 63 Base,2017,"63,000 mi.",Gasoline,A/T,469.0HP 4.0L 8 Cylinder Engine Gasoline Fuel,At least 1 accident or damage reported
Volvo,"$3,550",S40 T5,2005,"257,700 mi.",Gasoline,6-Speed M/T,218.0HP 2.5L 5 Cylinder Engine Gasoline Fuel,None reported
Mercedes-Benz,"$29,500",GLE 350 Base 4MATIC,2017,"57,000 mi.",Gasoline,7-Speed A/T,302.0HP 3.5L V6 Cylinder Engine Gasoline Fuel,At least 1 accident or damage reported
Chevrolet,"$29,999",Silverado 1500 1LT,2017,"89,000 mi.",Gasoline,6-Speed A/T,355.0HP 5.3L 8 Cylinder Engine Gasoline Fuel,None reported
Chevrolet,"$28,000",Tahoe LTZ,2015,"134,500 mi.",Gasoline,A/T,355.0HP 5.3L 8 Cylinder Engine Gasoline Fuel,None reported
Acura,"$47,950",MDX Technology,2022,"15,895 mi.",Gasoline,10-Speed Automatic,3.5L V6 24V GDI SOHC,None reported
Bentley,"$162,950",Bentayga Speed,2020,"15,109 mi.",Gasoline,8-Speed Automatic,6.0L W12 48V PDI DOHC Twin Turbo,
Rolls-Royce,"$695,000",Cullinan,2022,398 mi.,Gasoline,8-Speed Automatic,6.7L V12 48V GDI DOHC Twin Turbo,None reported
Genesis,"$44,249",GV70 2.5T,2022,"20,319 mi.",Gasoline,Transmission w/Dual Shift Mode,300.0HP 2.5L 4 Cylinder Engine Gasoline Fuel,None reported
Pontiac,"$2,500",Firebird Base,1999,"158,000 mi.",Gasoline,4-Speed A/T,200.0HP 3.8L V6 Cylinder Engine Gasoline Fuel,At least 1 accident or damage reported
Lexus,"$51,998",GX 460 Base,2021,"40,906 mi.",Gasoline,Automatic,4.6 Liter,None reported
BMW,"$85,998",ALPINA B7 ALPINA B7 xDrive,2020,"33,749 mi.",Gasoline,Automatic,4.4 Liter Twin Turbo,None reported
BMW,"$92,900",M4 Competition xDrive,2023,"1,120 mi.",Gasoline,8-Speed A/T,503.0HP 3.0L Straight 6 Cylinder Engine Gasoline Fuel,None reported
Jeep,"$38,383",Grand Cherokee L Limited,2021,"26,088 mi.",Gasoline,8-Speed Automatic,3.6L V6 24V MPFI DOHC,None reported
Kia,"$24,000",Forte GT-Line,2022,"14,950 mi.",Gasoline,A/T,147.0HP 2.0L 4 Cylinder Engine Gasoline Fuel,At least 1 accident or damage reported
Kia,"$14,699",Forte LX,2018,"47,466 mi.",Gasoline,Automatic,"2L I-4 DOHC, D-CVVT variable valve control, engine with 147HP",None reported
BMW,"$98,900",X6 M Base,2022,"10,376 mi.",Gasoline,8-Speed Automatic,4.4L V8 32V GDI DOHC Twin Turbo,None reported
RAM,"$41,950",ProMaster 3500 High Roof,2021,"18,500 mi.",Gasoline,A/T,280.0HP 3.6L V6 Cylinder Engine Gasoline Fuel,None reported
Volkswagen,"$38,322",Atlas Cross Sport 3.6L V6 SEL Premium,2021,"24,596 mi.",Gasoline,8-Speed Automatic,3.6L V6 24V GDI DOHC,None reported
Hyundai,"$27,599",Santa Fe SEL,2021,"2,905 mi.",Gasoline,8-Speed Automatic,2.5L I4 16V PDI DOHC,None reported
Jaguar,"$21,000",XF 3.0 Portfolio,2015,"71,290 mi.",Gasoline,A/T,340.0HP 3.0L V6 Cylinder Engine Gasoline Fuel,At least 1 accident or damage reported
Audi,"$63,000",A7 55 Premium Plus,2022,"15,000 mi.",Hybrid,A/T,335.0HP 3.0L V6 Cylinder Engine Gasoline/Mild Electric Hybrid,None reported
INFINITI,"$22,000",QX30 Premium,2017,"37,900 mi.",Gasoline,7-Speed A/T,208.0HP 2.0L 4 Cylinder Engine Gasoline Fuel,None reported
Mercedes-Benz,"$244,896",AMG G 63 4MATIC,2022,"2,000 mi.",Gasoline,Transmission w/Dual Shift Mode,577.0HP 4.0L 8 Cylinder Engine Gasoline Fuel,
Mercedes-Benz,"$43,500",AMG C 43 AMG C 43 4MATIC,2019,"32,500 mi.",Gasoline,9-Speed A/T,385.0HP 3.0L V6 Cylinder Engine Gasoline Fuel,None reported
Mitsubishi,"$28,000",Lancer Evolution Base,2003,"61,491 mi.",Gasoline,5-Speed M/T,271.0HP 2.0L 4 Cylinder Engine Gasoline Fuel,At least 1 accident or damage reported
Jeep,"$24,590",Wrangler Unlimited Sport,2013,"77,634 mi.",Gasoline,5-Speed Automatic,3.6L V6 24V MPFI DOHC,None reported
Audi,"$18,999",A3 2.0 TDI Premium Plus,2015,"83,000 mi.",Diesel,6-Speed A/T,150.0HP 2.0L 4 Cylinder Engine Diesel Fuel,At least 1 accident or damage reported
Volkswagen,"$4,300",Jetta GLX VR6,2002,"121,800 mi.",Gasoline,5-Speed M/T,174.0HP 2.8L V6 Cylinder Engine Gasoline Fuel,None reported
BMW,"$68,998",ALPINA B7 ALPINA B7 xDrive,2020,"65,852 mi.",Gasoline,Automatic,4.4 Liter Twin Turbo,None reported
Bentley,"$272,950",Bentayga Azure First Edition,2023,"1,335 mi.",Gasoline,8-Speed Automatic,4.0L V8 32V GDI DOHC Twin Turbo,None reported
Mercedes-Benz,"$15,000",CLA-Class CLA 250,2014,"83,315 mi.",Gasoline,A/T,208.0HP 2.0L 4 Cylinder Engine Gasoline Fuel,None reported
BMW,"$85,000",i8 Base,2019,"18,421 mi.",Plug-In Hybrid,6-Speed A/T,369.0HP 1.5L 3 Cylinder Engine Plug-In Electric/Gas,
Lexus,"$16,500",CT 200h Premium,2015,"101,000 mi.",Hybrid,A/T,134.0HP 1.8L 4 Cylinder Engine Gas/Electric Hybrid,At least 1 accident or damage reported
Toyota,"$44,999",Tundra SR5,2022,"29,322 mi.",Gasoline,10-Speed Automatic,3.4L V6 24V PDI DOHC Twin Turbo,None reported
Mercedes-Benz,"$35,999",SLC 300 Base,2019,"23,900 mi.",Gasoline,9-Speed A/T,241.0HP 2.0L 4 Cylinder Engine Gasoline Fuel,None reported
Mercedes-Benz,"$47,999",AMG C AMG C 63 S,2016,"40,515 mi.",Gasoline,7-Speed Automatic,4.0L V8 32V GDI DOHC Twin Turbo,At least 1 accident or damage reported
Ford,"$36,994",F-150 XLT,2020,"67,516 mi.",Gasoline,Automatic,3.5L V6 24V PDI DOHC Twin Turbo,None reported
Mazda,"$8,300",CX-9 Grand Touring,2010,"155,000 mi.",Gasoline,6-Speed A/T,273.0HP 3.7L V6 Cylinder Engine Gasoline Fuel,None reported
Honda,"$35,557",Ridgeline RTL-E,2019,"26,998 mi.",Gasoline,6-Speed Automatic,3.5L V6 24V GDI SOHC,None reported
Bentley,"$115,000",Bentayga Onyx Edition,2018,"18,500 mi.",Gasoline,8-Speed A/T,600.0HP 6.0L 12 Cylinder Engine Gasoline Fuel,None reported
MINI,"$6,880",Cooper S Clubman Base,2009,"137,600 mi.",Gasoline,6-Speed M/T,172.0HP 1.6L 4 Cylinder Engine Gasoline Fuel,None reported
Nissan,"$3,950",Murano SL,2005,"125,500 mi.",Gasoline,CVT Transmission,245.0HP 3.5L V6 Cylinder Engine Gasoline Fuel,None reported
Bentley,"$113,990",Bentayga V8,2019,"22,039 mi.",Gasoline,8-Speed A/T,542.0HP 4.0L 8 Cylinder Engine Gasoline Fuel,None reported
Nissan,"$3,200",Juke SV,2011,"137,483 mi.",Gasoline,CVT Transmission,188.0HP 1.6L 4 Cylinder Engine Gasoline Fuel,None reported
Ford,"$40,500",Expedition Max Limited,2019,"67,500 mi.",Gasoline,10-Speed A/T,375.0HP 3.5L V6 Cylinder Engine Gasoline Fuel,None reported
Ford,"$53,722",Expedition Max King Ranch,2020,"52,000 mi.",Gasoline,10-Speed A/T,375.0HP 3.5L V6 Cylinder Engine Gasoline Fuel,At least 1 accident or damage reported
Lamborghini,"$259,000",Murcielago Base,2006,"10,000 mi.",Gasoline,A/T,571.0HP 6.2L 12 Cylinder Engine Gasoline Fuel,None reported
Chevrolet,"$26,000",Suburban LT,2017,"195,361 mi.",Gasoline,Transmission Overdrive Switch,355.0HP 5.3L 8 Cylinder Engine Gasoline Fuel,At least 1 accident or damage reported
Bentley,"$103,000",Bentayga Onyx Edition,2018,"32,500 mi.",Gasoline,A/T,600.0HP 6.0L 12 Cylinder Engine Gasoline Fuel,At least 1 accident or damage reported
BMW,"$81,330",M760 i xDrive,2019,"14,806 mi.",Gasoline,Transmission w/Dual Shift Mode,601.0HP 6.6L 12 Cylinder Engine Gasoline Fuel,At least 1 accident or damage reported
Genesis,"$48,950",GV70 2.5T,2022,"11,000 mi.",Gasoline,A/T,300.0HP 2.5L 4 Cylinder Engine Gasoline Fuel,At least 1 accident or damage reported
Chevrolet,"$18,500",Tahoe LT,2011,"92,530 mi.",E85 Flex Fuel,A/T,320.0HP 5.3L 8 Cylinder Engine Flex Fuel Capability,At least 1 accident or damage reported
Dodge,"$30,000",Durango GT,2017,"34,845 mi.",Gasoline,A/T,295.0HP 3.6L V6 Cylinder Engine Gasoline Fuel,At least 1 accident or damage reported
Porsche,"$85,500",718 Cayman GTS,2018,"16,280 mi.",Gasoline,Transmission w/Dual Shift Mode,365.0HP 2.5L 4 Cylinder Engine Gasoline Fuel,None reported
Porsche,"$32,000",Cayman Base,2011,"77,000 mi.",Gasoline,A/T,265.0HP 2.9L Flat 6 Cylinder Engine Gasoline Fuel,None reported
Porsche,"$38,500",Panamera Turbo,2010,"63,000 mi.",Gasoline,7-Speed A/T,500.0HP 4.8L 8 Cylinder Engine Gasoline Fuel,At least 1 accident or damage reported
Lexus,"$25,500",ES 350 Base,2016,"39,700 mi.",Gasoline,6-Speed A/T,268.0HP 3.5L V6 Cylinder Engine Gasoline Fuel,None reported
Kia,"$9,200",Optima Hybrid LX,2013,"103,111 mi.",Hybrid,A/T,199.0HP 2.4L 4 Cylinder Engine Gas/Electric Hybrid,At least 1 accident or damage reported
Land,"$35,998",Rover Range Rover Velar R-Dynamic SE,2019,"75,897 mi.",Gasoline,Automatic,2.0 Liter,None reported
Jaguar,"$34,000",XF S,2017,"55,000 mi.",Gasoline,Transmission w/Dual Shift Mode,380.0HP 3.0L V6 Cylinder Engine Gasoline Fuel,None reported
Lexus,"$13,450",GX 470 Base,2005,"114,000 mi.",Gasoline,A/T,270.0HP 4.7L 8 Cylinder Engine Gasoline Fuel,At least 1 accident or damage reported
Mercedes-Benz,"$17,500",GL-Class GL 550,2011,"80,124 mi.",Gasoline,7-Speed A/T,382.0HP 5.5L 8 Cylinder Engine Gasoline Fuel,None reported
BMW,"$144,900",X6 M Base,2023,"7,000 mi.",Gasoline,Transmission w/Dual Shift Mode,600.0HP 4.4L 8 Cylinder Engine Gasoline Fuel,None reported
RAM,"$65,688",1500 Longhorn,2023,"4,285 mi.",Gasoline,Automatic,5.7L V8 16V MPFI OHV,None reported
Lamborghini,"$234,900",Huracan LP580-2S,2019,"17,175 mi.",Gasoline,7-Speed Automatic with Auto-Shift,5.2L V10 40V GDI DOHC,None reported
Toyota,"$37,999",Highlander Hybrid Limited Platinum,2017,"34,049 mi.",Hybrid,Automatic CVT,3.5L V6 24V PDI DOHC Hybrid,None reported
Audi,"$39,990",e-tron Prestige,2019,"16,000 mi.",,A/T,355.0HP Electric Motor Electric Fuel System,At least 1 accident or damage reported
GMC,"$25,000",Suburban 2500,1996,"95,000 mi.",Gasoline,4-Speed A/T,290.0HP 7.4L 8 Cylinder Engine Gasoline Fuel,None reported
Land,"$72,995",Rover Range Rover Velar SVAutobiography Dynamic Edition,2020,"59,355 mi.",Gasoline,Automatic,V8,None reported
Chevrolet,"$36,000",Bolt EUV Premier,2022,"31,000 mi.",,1-Speed A/T,200.0HP Electric Motor Electric Fuel System,None reported
BMW,"$36,000",M240 i,2019,"19,300 mi.",Gasoline,8-Speed A/T,335.0HP 3.0L Straight 6 Cylinder Engine Gasoline Fuel,None reported
Cadillac,"$16,900",Escalade EXT Base,2009,"155,000 mi.",E85 Flex Fuel,6-Speed A/T,403.0HP 6.2L 8 Cylinder Engine Flex Fuel Capability,At least 1 accident or damage reported
Scion,"$6,500",tC Release Series 6.0,2010,"120,010 mi.",Gasoline,4-Speed A/T,161.0HP 2.4L 4 Cylinder Engine Gasoline Fuel,At least 1 accident or damage reported
Kia,"$10,900",Optima EX,2012,"152,520 mi.",Gasoline,6-Speed A/T,200.0HP 2.4L 4 Cylinder Engine Gasoline Fuel,None reported
Honda,"$9,599",Civic EX,1993,"58,981 mi.",–,A/T,–,None reported
Maserati,"$2,954,083",Quattroporte Base,2005,"32,000 mi.",Gasoline,Transmission w/Dual Shift Mode,394.0HP 4.2L 8 Cylinder Engine Gasoline Fuel,At least 1 accident or damage reported
Porsche,"$50,000",Panamera Turbo,2015,"47,000 mi.",Gasoline,Transmission w/Dual Shift Mode,520.0HP 4.8L 8 Cylinder Engine Gasoline Fuel,None reported
Genesis,"$43,499",G70 2.0T,2023,"2,046 mi.",Gasoline,8-Speed A/T,252.0HP 2.0L 4 Cylinder Engine Gasoline Fuel,None reported
Chevrolet,"$22,995",Trailblazer LS,2021,"24,965 mi.",Gasoline,Automatic CVT,1.2L I3 12V GDI DOHC Turbo,At least 1 accident or damage reported
Toyota,"$7,850",Camry LE,2005,"108,000 mi.",Gasoline,5-Speed A/T,160.0HP 2.4L 4 Cylinder Engine Gasoline Fuel,None reported
Toyota,"$18,300",Sienna LE,2015,"76,000 mi.",Gasoline,A/T,266.0HP 3.5L V6 Cylinder Engine Gasoline Fuel,None reported
Porsche,"$78,500",911 Carrera S,2014,"30,000 mi.",Gasoline,7-Speed A/T,400.0HP 3.8L Flat 6 Cylinder Engine Gasoline Fuel,None reported
Volvo,"$29,900",V60 T6 R-Design Platinum,2015,"59,271 mi.",Gasoline,6-Speed A/T,325.0HP 3.0L Straight 6 Cylinder Engine Gasoline Fuel,None reported
Lexus,"$119,500",LX 600 Premium,2023,"1,500 mi.",Gasoline,10-Speed A/T,409.0HP 3.4L V6 Cylinder Engine Gasoline Fuel,
BMW,"$24,950",330e iPerformance,2017,"52,500 mi.",Plug-In Hybrid,Transmission w/Dual Shift Mode,247.0HP 2.0L 4 Cylinder Engine Plug-In Electric/Gas,At least 1 accident or damage reported
Tesla,"$36,495",Model Y Long Range,2020,"23,100 mi.",,A/T,425.0HP Electric Motor Electric Fuel System,None reported
FIAT,"$22,500",124 Spider Abarth,2017,"45,000 mi.",Gasoline,6-Speed M/T,164.0HP 1.4L 4 Cylinder Engine Gasoline Fuel,At least 1 accident or damage reported
Dodge,"$6,500",Ram 1500 Quad Cab,2002,"179,000 mi.",Gasoline,A/T,245.0HP 5.9L 8 Cylinder Engine Gasoline Fuel,At least 1 accident or damage reported
Toyota,"$84,900",Supra A91-MT Edition,2023,"1,500 mi.",Gasoline,6-Speed M/T,382.0HP 3.0L Straight 6 Cylinder Engine Gasoline Fuel,None reported
BMW,"$66,998",X7 xDrive40i,2022,"38,671 mi.",Hybrid,Automatic,3.0 Liter Turbo,None reported
Jeep,"$15,750",Wrangler Unlimited X,2007,"135,465 mi.",Gasoline,A/T,205.0HP 3.8L V6 Cylinder Engine Gasoline Fuel,None reported
MINI,"$17,000",Countryman Cooper S ALL4,2014,"79,000 mi.",Gasoline,Transmission w/Dual Shift Mode,181.0HP 1.6L 4 Cylinder Engine Gasoline Fuel,None reported
Nissan,"$17,000",Maxima SV,2012,"42,259 mi.",Gasoline,CVT Transmission,290.0HP 3.5L V6 Cylinder Engine Gasoline Fuel,At least 1 accident or damage reported
Toyota,"$6,500",Camry Solara SLE V6,2006,"159,890 mi.",Gasoline,A/T,225.0HP 3.3L V6 Cylinder Engine Gasoline Fuel,At least 1 accident or damage reported
Maserati,"$75,000",Grecale Modena,2023,"2,200 mi.",Hybrid,Transmission w/Dual Shift Mode,325.0HP 2.0L 4 Cylinder Engine Gasoline/Mild Electric Hybrid,None reported
Lexus,"$52,000",RX 450h Base,2022,"15,833 mi.",Hybrid,CVT Transmission,308.0HP 3.5L V6 Cylinder Engine Gas/Electric Hybrid,None reported
BMW,"$13,500",328 i xDrive,2013,"96,000 mi.",Gasoline,Transmission w/Dual Shift Mode,240.0HP 2.0L 4 Cylinder Engine Gasoline Fuel,At least 1 accident or damage reported
BMW,"$15,500",135 i,2009,"72,900 mi.",Gasoline,6-Speed A/T,300.0HP 3.0L Straight 6 Cylinder Engine Gasoline Fuel,None reported
BMW,"$94,998",X7 M50i,2021,"7,121 mi.",Gasoline,Automatic,4.4 Liter Twin Turbo,None reported
Hyundai,"$44,000",Tucson Hybrid SEL Convenience,2023,"3,402 mi.",Hybrid,A/T,226.0HP 1.6L 4 Cylinder Engine Gas/Electric Hybrid,None reported
Volvo,"$13,900",C30 T5 Premier Plus,2013,"73,000 mi.",Gasoline,A/T,227.0HP 2.5L 5 Cylinder Engine Gasoline Fuel,None reported
Karma,"$51,000",Revero Base,2018,"21,000 mi.",,A/T,403.0HP 2.0L Electric Motor Electric Fuel System,None reported
BMW,"$63,598",X7 xDrive40i,2021,"30,309 mi.",Hybrid,Automatic,3.0 Liter Turbo,None reported
Ford,"$38,000",Mustang Mach-E California Route 1,2021,"24,000 mi.",,1-Speed A/T,290.0HP Electric Motor Electric Fuel System,None reported
BMW,"$23,999",740 i,2016,"73,000 mi.",Gasoline,Transmission w/Dual Shift Mode,320.0HP 3.0L Straight 6 Cylinder Engine Gasoline Fuel,None reported
Ford,"$24,998",Edge SEL,2019,"26,465 mi.",Gasoline,8-Speed Automatic,2.0L I4 16V GDI DOHC Turbo,None reported
Volkswagen,"$34,645",Arteon 2.0T SEL Premium R-Line,2020,"26,870 mi.",Gasoline,8-Speed Automatic,2.0L I4 16V GDI DOHC Turbo,At least 1 accident or damage reported
Honda,"$10,500",Pilot EX,2004,"184,000 mi.",Gasoline,A/T,240.0HP 3.5L V6 Cylinder Engine Gasoline Fuel,At least 1 accident or damage reported
BMW,"$132,998",X7 ALPINA XB7,2022,"4,514 mi.",Gasoline,Automatic,4.4 Liter Twin Turbo,None reported
RAM,"$48,000",2500 Tradesman,2022,"1,300 mi.",Gasoline,8-Speed A/T,410.0HP 6.4L 8 Cylinder Engine Gasoline Fuel,None reported
Jeep,"$26,500",Grand Cherokee Limited,2018,"49,924 mi.",Gasoline,8-Speed A/T,293.0HP 3.6L V6 Cylinder Engine Gasoline Fuel,None reported
GMC,"$57,850",Yukon Denali,2019,"36,526 mi.",Gasoline,10-Speed A/T,420.0HP 6.2L 8 Cylinder Engine Gasoline Fuel,None reported
BMW,"$45,950",M6 Base,2015,"37,000 mi.",Gasoline,Transmission w/Dual Shift Mode,560.0HP 4.4L 8 Cylinder Engine Gasoline Fuel,None reported
Acura,"$24,840",MDX 3.5L w/Advance & Entertainment Pkgs,2017,"79,884 mi.",Gasoline,9-Speed Automatic,3.5L V6 24V GDI SOHC,At least 1 accident or damage reported
Volkswagen,"$19,000",Beetle 1.8T,2016,"30,000 mi.",Gasoline,Transmission w/Dual Shift Mode,170.0HP 1.8L 4 Cylinder Engine Gasoline Fuel,At least 1 accident or damage reported
BMW,"$101,000",X6 M Base,2021,"11,102 mi.",Gasoline,8-Speed A/T,600.0HP 4.4L 8 Cylinder Engine Gasoline Fuel,None reported
Ford,"$19,000",Mustang GT Premium,2012,"105,500 mi.",Gasoline,6-Speed M/T,412.0HP 5.0L 8 Cylinder Engine Gasoline Fuel,None reported
BMW,"$65,998",X7 xDrive50i,2019,"31,157 mi.",Gasoline,Automatic,4.4 Liter GDI DOHC Twin Turbo,None reported
Kia,"$20,708",Sorento LX V6,2019,"86,204 mi.",Gasoline,8-Speed Automatic,3.3L V6 24V GDI DOHC,At least 1 accident or damage reported
BMW,"$17,995",435 i,2014,"80,211 mi.",Gasoline,A/T,300.0HP 3.0L Straight 6 Cylinder Engine Gasoline Fuel,At least 1 accident or damage reported
Aston,"$69,995",Martin V8 Vantage Base,2010,"25,991 mi.",Gasoline,6-Speed A/T,420.0HP 4.7L 8 Cylinder Engine Gasoline Fuel,None reported
Mercedes-Benz,"$8,400",CLK-Class CLK 350,2008,"73,000 mi.",Gasoline,7-Speed A/T,268.0HP 3.5L V6 Cylinder Engine Gasoline Fuel,None reported
BMW,"$35,000",740 i,2018,"40,989 mi.",Gasoline,8-Speed A/T,320.0HP 3.0L Straight 6 Cylinder Engine Gasoline Fuel,None reported
Dodge,"$6,000",Caliber Express,2010,"102,681 mi.",Gasoline,M/T,158.0HP 2.0L 4 Cylinder Engine Gasoline Fuel,None reported
Acura,"$13,888",ZDX Base,2010,"123,000 mi.",Gasoline,Transmission w/Dual Shift Mode,300.0HP 3.7L V6 Cylinder Engine Gasoline Fuel,At least 1 accident or damage reported
Jeep,"$7,200",Wrangler X,2005,"160,900 mi.",Gasoline,4-Speed A/T,190.0HP 4.0L Straight 6 Cylinder Engine Gasoline Fuel,At least 1 accident or damage reported
BMW,"$21,900",M3 Base,2011,"105,000 mi.",Gasoline,6-Speed M/T,414.0HP 4.0L 8 Cylinder Engine Gasoline Fuel,At least 1 accident or damage reported
Kia,"$41,000",Sportage Plug-In Hybrid X-Line,2023,"1,340 mi.",Plug-In Hybrid,A/T,177.0HP 1.6L 4 Cylinder Engine Plug-In Electric/Gas,None reported
Ford,"$41,999",Mustang Mach-E Premium,2021,"17,850 mi.",,A/T,266.0HP Electric Motor Electric Fuel System,None reported
BMW,"$34,950",M3 Base,2011,"72,277 mi.",Gasoline,Transmission w/Dual Shift Mode,414.0HP 4.0L 8 Cylinder Engine Gasoline Fuel,None reported
Jeep,"$46,000",Wrangler Rubicon,2023,"7,000 mi.",Hybrid,8-Speed A/T,285.0HP 3.6L V6 Cylinder Engine Gasoline/Mild Electric Hybrid,None reported
Porsche,"$99,000",Panamera 4 Platinum Edition,2022,"10,627 mi.",Gasoline,"Automatic, 8-Spd PDK Dual-Clutch","2.9L V-6 gasoline direct injection, DOHC, variable valve control",None reported
Ford,"$28,590",Explorer XLT,2020,"67,015 mi.",Gasoline,10-Speed Automatic,2.3L I4 16V GDI DOHC Turbo,None reported
BMW,"$62,000",M4 Base,2018,"19,600 mi.",Gasoline,7-Speed A/T,425.0HP 3.0L Straight 6 Cylinder Engine Gasoline Fuel,At least 1 accident or damage reported
Ford,"$42,500",Mustang Mach-E Premium,2022,"5,800 mi.",,1-Speed A/T,346.0HP Electric Motor Electric Fuel System,None reported
FIAT,"$14,999",500e Battery Electric,2017,"33,812 mi.",,1-Speed A/T,111.0HP Electric Motor Electric Fuel System,None reported
Cadillac,"$26,950",Escalade Luxury,2015,"99,897 mi.",Gasoline,8-Speed A/T,420.0HP 6.2L 8 Cylinder Engine Gasoline Fuel,None reported
Mercedes-Benz,"$29,000",SL-Class SL 550,2014,"127,500 mi.",Gasoline,Transmission w/Dual Shift Mode,429.0HP 4.7L 8 Cylinder Engine Gasoline Fuel,None reported
Ford,"$59,203",Expedition Limited,2021,"23,842 mi.",Gasoline,10-Speed Automatic,3.5L V6 24V PDI DOHC Twin Turbo,None reported
Rivian,"$91,000",R1S Adventure Package,2023,"2,108 mi.",,1-Speed A/T,835.0HP Electric Motor Electric Fuel System,None reported
BMW,"$39,985",M6 Base,2014,"65,550 mi.",Gasoline,Transmission w/Dual Shift Mode,560.0HP 4.4L 8 Cylinder Engine Gasoline Fuel,None reported
Lamborghini,"$210,000",Huracan LP580-2,2017,"22,000 mi.",Gasoline,Transmission w/Dual Shift Mode,573.0HP 5.2L 10 Cylinder Engine Gasoline Fuel,None reported
Ford,"$68,995",Bronco Wildtrak Advanced,2022,"15,600 mi.",Gasoline,Transmission w/Dual Shift Mode,315.0HP 2.7L V6 Cylinder Engine Gasoline Fuel,At least 1 accident or damage reported
Lexus,"$81,900",LC 500 Base,2021,"22,400 mi.",Gasoline,A/T,471.0HP 5.0L 8 Cylinder Engine Gasoline Fuel,None reported
Lexus,"$31,900",LS 460 Crafted Line,2015,"89,150 mi.",Gasoline,A/T,360.0HP 4.6L 8 Cylinder Engine Gasoline Fuel,None reported
BMW,"$81,000",M4 Base,2023,"15,000 mi.",Gasoline,"Automatic, 8-Spd M STEPTRONIC w/Drivelogic, Sport & Manual Modes","3L I-6 gasoline direct injection, DOHC, Double VANOS variable va",None reported
Audi,"$25,000",A3 2.0T Tech Premium,2018,"49,500 mi.",Gasoline,6-Speed A/T,220.0HP 2.0L 4 Cylinder Engine Gasoline Fuel,None reported
Audi,"$13,850",S8 4.2 quattro,2003,"126,000 mi.",Gasoline,Transmission w/Dual Shift Mode,360.0HP 4.2L 8 Cylinder Engine Gasoline Fuel,
Volkswagen,"$15,550",Golf GTI 2.0T Autobahn 4-Door,2015,"85,385 mi.",Gasoline,6-Speed M/T,210.0HP 2.0L 4 Cylinder Engine Gasoline Fuel,None reported
Cadillac,"$123,999",Escalade Sport,2023,"3,000 mi.",Diesel,A/T,277.0HP 3.0L Straight 6 Cylinder Engine Diesel Fuel,None reported
Hyundai,"$19,190",Tucson SE,2018,"66,126 mi.",Gasoline,6-Speed Automatic,2.0L I4 16V GDI DOHC,None reported
Toyota,"$35,000",GR86 Premium,2023,"1,075 mi.",Gasoline,6-Speed M/T,228.0HP 2.4L 4 Cylinder Engine Gasoline Fuel,None reported
Ford,"$98,900",Bronco Raptor,2023,"2,489 mi.",Gasoline,10-Speed Automatic,3.0L V6 24V GDI DOHC Twin Turbo,None reported
Hyundai,"$28,500",Santa Fe SEL,2021,"25,000 mi.",Gasoline,8-Speed A/T,191.0HP 2.5L 4 Cylinder Engine Gasoline Fuel,None reported
Nissan,"$20,900",Armada Platinum,2017,"92,000 mi.",Gasoline,7-Speed A/T,390.0HP 5.6L 8 Cylinder Engine Gasoline Fuel,None reported
Lexus,"$14,500",GX 470 Base,2008,"123,500 mi.",Gasoline,A/T,263.0HP 4.7L 8 Cylinder Engine Gasoline Fuel,At least 1 accident or damage reported
Cadillac,"$12,000",CTS Premium,2013,"105,000 mi.",Gasoline,6-Speed A/T,318.0HP 3.6L V6 Cylinder Engine Gasoline Fuel,At least 1 accident or damage reported
Audi,"$63,000",R8 Base,2008,"49,000 mi.",Gasoline,6-Speed M/T,420.0HP 4.2L 8 Cylinder Engine Gasoline Fuel,None reported
Jaguar,"$47,598",F-PACE S,2020,"28,357 mi.",Gasoline,Automatic,3.0 Liter,None reported
Chevrolet,"$32,000",Silverado 1500 1LT,2018,"81,000 mi.",E85 Flex Fuel,A/T,285.0HP 4.3L V6 Cylinder Engine Flex Fuel Capability,None reported
Ford,"$52,000",Expedition Limited,2021,"45,000 mi.",Gasoline,Transmission w/Dual Shift Mode,375.0HP 3.5L V6 Cylinder Engine Gasoline Fuel,None reported
Toyota,"$16,000",Sequoia Platinum,2011,"173,456 mi.",E85 Flex Fuel,6-Speed A/T,381.0HP 5.7L 8 Cylinder Engine Flex Fuel Capability,At least 1 accident or damage reported
BMW,"$60,000",M440 i,2021,"13,700 mi.",Hybrid,8-Speed A/T,382.0HP 3.0L Straight 6 Cylinder Engine Gasoline/Mild Electric Hybrid,
Audi,"$42,500",A8 L 55,2019,"93,400 mi.",Hybrid,A/T,335.0HP 3.0L V6 Cylinder Engine Gasoline/Mild Electric Hybrid,None reported
Toyota,"$18,200",Avalon XLE,2015,"90,000 mi.",Gasoline,6-Speed A/T,268.0HP 3.5L V6 Cylinder Engine Gasoline Fuel,None reported
Porsche,"$32,000",Macan Base,2017,"40,600 mi.",Gasoline,7-Speed A/T,252.0HP 2.0L 4 Cylinder Engine Gasoline Fuel,None reported
Lexus,"$47,124",IS 350 F Sport,2023,"20,121 mi.",Gasoline,8-Speed A/T,311.0HP 3.5L V6 Cylinder Engine Gasoline Fuel,None reported
Mercedes-Benz,"$175,000",Metris Base,2020,"3,921 mi.",Gasoline,7-Speed Automatic,2.0L I4 16V GDI DOHC Turbo,None reported
Lexus,"$10,400",RX 350 Base,2011,"187,450 mi.",Gasoline,A/T,275.0HP 3.5L V6 Cylinder Engine Gasoline Fuel,At least 1 accident or damage reported
Toyota,"$68,000",Supra A91 Edition,2021,"6,400 mi.",Gasoline,Transmission w/Dual Shift Mode,382.0HP 3.0L Straight 6 Cylinder Engine Gasoline Fuel,None reported
Mercedes-Benz,"$37,995",AMG C 43 Base 4MATIC,2017,"54,500 mi.",Gasoline,9-Speed A/T,362.0HP 3.0L V6 Cylinder Engine Gasoline Fuel,None reported
BMW,"$42,000",X6 xDrive50i,2017,"78,500 mi.",Gasoline,8-Speed A/T,445.0HP 4.4L 8 Cylinder Engine Gasoline Fuel,At least 1 accident or damage reported
Chevrolet,"$36,000",Tahoe LT,2018,"75,000 mi.",Gasoline,6-Speed A/T,355.0HP 5.3L 8 Cylinder Engine Gasoline Fuel,None reported
Ford,"$42,500",F-150 SVT Raptor,2014,"89,988 mi.",Gasoline,A/T,411.0HP 6.2L 8 Cylinder Engine Gasoline Fuel,At least 1 accident or damage reported
Subaru,"$7,100",Outback 3.0 R VDC Limited,2005,"107,000 mi.",Gasoline,A/T,250.0HP 3.0L Flat 6 Cylinder Engine Gasoline Fuel,None reported
Alfa,"$28,500",Romeo Giulia Ti,2019,"21,400 mi.",Gasoline,8-Speed A/T,280.0HP 2.0L 4 Cylinder Engine Gasoline Fuel,None reported
Mazda,"$6,950",CX-7 Grand Touring,2007,"83,150 mi.",Gasoline,6-Speed A/T,244.0HP 2.3L 4 Cylinder Engine Gasoline Fuel,None reported
Ford,"$36,500",F-150 Platinum,2018,"92,000 mi.",Diesel,10-Speed A/T,250.0HP 3.0L V6 Cylinder Engine Diesel Fuel,At least 1 accident or damage reported
Mercedes-Benz,"$54,599",GLE 350 Base 4MATIC,2021,"15,042 mi.",Gasoline,9-Speed Automatic,2.0L I4 16V GDI DOHC Turbo,None reported
Audi,"$35,000",A7 3.0T Premium Plus,2017,"39,000 mi.",Gasoline,Transmission w/Dual Shift Mode,333.0HP 3.0L V6 Cylinder Engine Gasoline Fuel,At least 1 accident or damage reported
RAM,"$46,500",2500 Laramie,2017,"67,483 mi.",Gasoline,6-Speed A/T,410.0HP 6.4L 8 Cylinder Engine Gasoline Fuel,At least 1 accident or damage reported
Tesla,"$29,975",Model S 70D,2015,"62,089 mi.",,A/T,329.0HP Electric Motor Electric Fuel System,None reported
Audi,"$53,500",S8 4.0T Plus,2017,"54,300 mi.",Gasoline,8-Speed A/T,605.0HP 4.0L 8 Cylinder Engine Gasoline Fuel,None reported
Hyundai,"$29,000",Sonata Hybrid Limited,2022,"30,565 mi.",Hybrid,A/T,192.0HP 2.0L 4 Cylinder Engine Gas/Electric Hybrid,None reported
Audi,"$22,000",A8 L 4.0T,2016,"142,666 mi.",Gasoline,8-Speed A/T,450.0HP 4.0L 8 Cylinder Engine Gasoline Fuel,At least 1 accident or damage reported
Ford,"$6,999",Ranger Sport SuperCab,2009,"166,200 mi.",Gasoline,A/T,207.0HP 4.0L V6 Cylinder Engine Gasoline Fuel,At least 1 accident or damage reported
INFINITI,"$19,977",Q50 Hybrid Premium,2015,"88,977 mi.",Hybrid,7-Speed A/T,354.0HP 3.5L V6 Cylinder Engine Gas/Electric Hybrid,At least 1 accident or damage reported
BMW,"$20,990",M3 Base,2011,"114,890 mi.",Gasoline,Transmission w/Dual Shift Mode,414.0HP 4.0L 8 Cylinder Engine Gasoline Fuel,None reported
Mercedes-Benz,"$4,750",E-Class E 350 4MATIC,2009,"171,000 mi.",Gasoline,5-Speed A/T,268.0HP 3.5L V6 Cylinder Engine Gasoline Fuel,At least 1 accident or damage reported
Ford,"$28,590",Explorer sport,2019,"90,067 mi.",Gasoline,6-Speed Automatic,3.5L V6 24V GDI DOHC Twin Turbo,None reported
Chevrolet,"$15,000",Camaro 1LT,2014,"97,579 mi.",Gasoline,Transmission w/Dual Shift Mode,323.0HP 3.6L V6 Cylinder Engine Gasoline Fuel,At least 1 accident or damage reported
Mazda,"$20,500",MX-5 Miata RF Grand Touring,2017,"52,000 mi.",Gasoline,6-Speed M/T,155.0HP 2.0L 4 Cylinder Engine Gasoline Fuel,At least 1 accident or damage reported
Jeep,"$38,405",Grand Cherokee L Limited,2021,"25,968 mi.",Gasoline,8-Speed Automatic,3.6L V6 24V MPFI DOHC,None reported
MINI,"$17,495",Hardtop Cooper S,2016,"41,680 mi.",Gasoline,6-Speed A/T,189.0HP 2.0L 4 Cylinder Engine Gasoline Fuel,None reported
Saab,"$7,500",9-3 SE,2002,"77,200 mi.",Gasoline,5-Speed M/T,205.0HP 2.0L 4 Cylinder Engine Gasoline Fuel,None reported
BMW,"$43,000",X5 xDrive40i,2019,"50,000 mi.",Gasoline,8-Speed A/T,335.0HP 3.0L Straight 6 Cylinder Engine Gasoline Fuel,None reported
Porsche,"$58,998",Macan,2021,"21,613 mi.",Gasoline,Automatic,2.0 Liter,None reported
Audi,"$39,998",Q3 S line Premium Plus,2022,"17,377 mi.",Gasoline,Automatic,2.0 Liter TFSI,None reported
GMC,"$29,645",Acadia SLE,2020,"30,426 mi.",Gasoline,9-Speed Automatic,2.5L I4 16V GDI DOHC,
Audi,"$6,500",allroad 2.7T,2005,"153,000 mi.",Gasoline,M/T,250.0HP 2.7L V6 Cylinder Engine Gasoline Fuel,At least 1 accident or damage reported
Mercury,"$23,000",Marauder Base,2004,"56,600 mi.",Gasoline,Transmission Overdrive Switch,302.0HP 4.6L 8 Cylinder Engine Gasoline Fuel,None reported
Hyundai,"$12,700",Genesis 3.8,2015,"116,612 mi.",Gasoline,8-Speed A/T,311.0HP 3.8L V6 Cylinder Engine Gasoline Fuel,At least 1 accident or damage reported
Audi,"$30,000",SQ5 3.0T Premium Plus,2018,"72,000 mi.",Gasoline,A/T,354.0HP 3.0L V6 Cylinder Engine Gasoline Fuel,At least 1 accident or damage reported
Audi,"$50,000",A8 L 55,2019,"39,000 mi.",Hybrid,8-Speed A/T,335.0HP 3.0L V6 Cylinder Engine Gasoline/Mild Electric Hybrid,None reported
Lincoln,"$10,099",Navigator Base,2008,"149,000 mi.",Gasoline,A/T,300.0HP 5.4L 8 Cylinder Engine Gasoline Fuel,None reported
BMW,"$64,000",M4 Base,2018,"19,300 mi.",Gasoline,6-Speed M/T,425.0HP 3.0L Straight 6 Cylinder Engine Gasoline Fuel,None reported
Mazda,"$36,969",CX-9 Carbon Edition,2021,"27,836 mi.",Gasoline,6-Speed Automatic,2.5L I4 16V GDI DOHC Turbo,None reported
Chevrolet,"$78,999",Corvette Stingray w/1LT,2023,"3,273 mi.",Gasoline,Transmission w/Dual Shift Mode,490.0HP 6.2L 8 Cylinder Engine Gasoline Fuel,None reported
Ford,"$36,000",F-150 Lariat,2017,"74,349 mi.",Gasoline,10-Speed A/T,375.0HP 3.5L V6 Cylinder Engine Gasoline Fuel,None reported
Ford,"$55,000",F-250 Lariat,2019,"85,000 mi.",Diesel,6-Speed A/T,450.0HP 6.7L 8 Cylinder Engine Diesel Fuel,At least 1 accident or damage reported
Ferrari,"$259,500",Roma Base,2022,"2,250 mi.",Gasoline,8-Speed A/T,611.0HP 3.9L 8 Cylinder Engine Gasoline Fuel,None reported
Mercedes-Benz,"$33,000",GLS 450 Base 4MATIC,2017,"46,100 mi.",Gasoline,9-Speed A/T,362.0HP 3.0L V6 Cylinder Engine Gasoline Fuel,At least 1 accident or damage reported
Hyundai,"$28,000",Santa Fe SEL Plus 2.4,2019,"49,500 mi.",Gasoline,8-Speed A/T,185.0HP 2.4L 4 Cylinder Engine Gasoline Fuel,None reported
Mercedes-Benz,"$23,500",E-Class E 350,2012,"31,130 mi.",Gasoline,7-Speed A/T,302.0HP 3.5L V6 Cylinder Engine Gasoline Fuel,None reported
Ford,"$12,240",F-250 XLT SuperCab Super Duty,2008,"149,460 mi.",Diesel,A/T,350.0HP 6.4L 8 Cylinder Engine Diesel Fuel,At least 1 accident or damage reported
Mercury,"$15,500",Marauder Base,2003,"90,000 mi.",Gasoline,4-Speed A/T,302.0HP 4.6L 8 Cylinder Engine Gasoline Fuel,At least 1 accident or damage reported
Ford,"$57,000",Transit-350 XLT,2021,"48,000 mi.",E85 Flex Fuel,A/T,275.0HP 3.5L V6 Cylinder Engine Flex Fuel Capability,None reported
Mercedes-Benz,"$15,500",C-Class C 300 4MATIC Sport,2013,"98,000 mi.",Gasoline,A/T,248.0HP 3.5L V6 Cylinder Engine Gasoline Fuel,At least 1 accident or damage reported
Volkswagen,"$38,698",Arteon SEL R-Line,2022,"18,655 mi.",Gasoline,Automatic,2.0 Liter TSI,None reported
Chevrolet,"$24,950",Suburban 2500 LS,2006,"60,000 mi.",Gasoline,A/T,325.0HP 8.1L 8 Cylinder Engine Gasoline Fuel,At least 1 accident or damage reported
Chevrolet,"$15,000",Suburban 1500 LT,2014,"169,500 mi.",E85 Flex Fuel,A/T,320.0HP 5.3L 8 Cylinder Engine Flex Fuel Capability,None reported
Mitsubishi,"$6,000",Eclipse GS,2008,"189,500 mi.",Gasoline,5-Speed M/T,162.0HP 2.4L 4 Cylinder Engine Gasoline Fuel,None reported
Toyota,"$68,500",Land Cruiser Base,2016,"91,000 mi.",Gasoline,A/T,381.0HP 5.7L 8 Cylinder Engine Gasoline Fuel,None reported
Genesis,"$41,299",G80 2.5T,2022,"7,396 mi.",Gasoline,8-Speed Automatic,2.5L I4 16V PDI DOHC Turbo,None reported
Toyota,"$8,250",Tundra SR5 Access Cab,2004,"229,450 mi.",Gasoline,A/T,240.0HP 4.7L 8 Cylinder Engine Gasoline Fuel,None reported
Maserati,"$125,900",Quattroporte Modena Q4,2023,"8,603 mi.",Gasoline,8-Speed Automatic,3.0L V6 24V GDI DOHC Twin Turbo,None reported
Audi,"$44,900",RS 5 4.2,2014,"49,098 mi.",Gasoline,Transmission w/Dual Shift Mode,450.0HP 4.2L 8 Cylinder Engine Gasoline Fuel,At least 1 accident or damage reported
Nissan,"$28,906",Rogue S,2022,"21,212 mi.",Gasoline,Automatic CVT,1.5L I3 12V GDI DOHC Turbo,None reported
Porsche,"$28,600",Panamera 4S,2010,"62,743 mi.",Gasoline,Transmission w/Dual Shift Mode,400.0HP 4.8L 8 Cylinder Engine Gasoline Fuel,None reported
BMW,"$49,999",M440 i xDrive,2021,"24,300 mi.",Hybrid,8-Speed A/T,382.0HP 3.0L Straight 6 Cylinder Engine Gasoline/Mild Electric Hybrid,None reported
Cadillac,"$19,500",Escalade Premium,2010,"104,000 mi.",E85 Flex Fuel,A/T,403.0HP 6.2L 8 Cylinder Engine Flex Fuel Capability,None reported
Volvo,"$27,800",S60 T6 Momentum,2020,"46,250 mi.",Gasoline,8-Speed Automatic,2.0L I4 16V GDI DOHC,At least 1 accident or damage reported
Mazda,"$40,655",CX-9 Touring Plus,2023,"1,930 mi.",Gasoline,6-Speed Automatic,2.5L I4 16V GDI DOHC Turbo,At least 1 accident or damage reported
Chrysler,"$35,850",Pacifica Hybrid Touring L,2022,"61,494 mi.",Hybrid,Automatic CVT,3.6L V6 24V MPFI DOHC Hybrid,None reported
Jeep,"$35,273",Wrangler Unlimited Sport,2020,"24,040 mi.",Gasoline,8-Speed Automatic,2.0L I4 16V GDI DOHC Turbo,None reported
Toyota,"$4,300",Highlander Base,2001,"231,581 mi.",Gasoline,A/T,220.0HP 3.0L V6 Cylinder Engine Gasoline Fuel,None reported
Ford,"$38,500",F-150 Lariat,2019,"81,000 mi.",Gasoline,10-Speed A/T,375.0HP 3.5L V6 Cylinder Engine Gasoline Fuel,None reported
Ford,"$115,000",Bronco,1974,"6,217 mi.",–,–,–,None reported
Land,"$44,998",Rover Discovery Sport S R-Dynamic,2022,"23,568 mi.",Gasoline,Automatic,2.0 Liter,None reported
Mazda,"$18,000",Mazda6 Touring,2020,"78,700 mi.",Gasoline,A/T,187.0HP 2.5L 4 Cylinder Engine Gasoline Fuel,None reported
Kia,"$11,900",Optima EX,2015,"109,580 mi.",Gasoline,6-Speed A/T,192.0HP 2.4L 4 Cylinder Engine Gasoline Fuel,At least 1 accident or damage reported
Lexus,"$4,500",RX 350 Base,2009,"178,000 mi.",Gasoline,A/T,270.0HP 3.5L V6 Cylinder Engine Gasoline Fuel,At least 1 accident or damage reported
Mitsubishi,"$11,970",Outlander Sport 2.4 SE,2016,"131,193 mi.",Gasoline,Automatic CVT,2.4L I4 16V MPFI DOHC,None reported
Mercedes-Benz,"$25,900",GLS 450 Base 4MATIC,2017,"106,000 mi.",Gasoline,9-Speed A/T,362.0HP 3.0L V6 Cylinder Engine Gasoline Fuel,None reported
Audi,"$27,500",A3 2.0T Premium,2019,"28,211 mi.",Gasoline,Transmission w/Dual Shift Mode,184.0HP 2.0L 4 Cylinder Engine Gasoline Fuel,At least 1 accident or damage reported
Audi,"$14,998",A4 2.0T Premium,2015,"91,403 mi.",E85 Flex Fuel,8-Speed Automatic,2.0L I4 16V GDI DOHC Turbo Flexible Fuel,None reported
Mercedes-Benz,"$16,800",CLA-Class CLA 250,2016,"88,600 mi.",Gasoline,A/T,208.0HP 2.0L 4 Cylinder Engine Gasoline Fuel,At least 1 accident or damage reported
INFINITI,"$22,450",FX50 Base,2011,"84,900 mi.",Gasoline,7-Speed A/T,390.0HP 5.0L 8 Cylinder Engine Gasoline Fuel,
Kia,"$28,998",K5 EX,2021,"11,154 mi.",Gasoline,8-Speed Automatic,1.6L I4 16V GDI DOHC Turbo,None reported
BMW,"$30,750",X5 eDrive xDrive40e,2018,"45,090 mi.",Plug-In Hybrid,8-Speed A/T,313.0HP 2.0L 4 Cylinder Engine Plug-In Electric/Gas,At least 1 accident or damage reported
Mercedes-Benz,"$11,900",SLK-Class SLK230 Kompressor,2003,"33,272 mi.",Gasoline,A/T,192.0HP 2.3L 4 Cylinder Engine Gasoline Fuel,At least 1 accident or damage reported
Jeep,"$12,499",Wrangler SE,2003,"71,000 mi.",Gasoline,5-Speed M/T,150.0HP 2.4L 4 Cylinder Engine Gasoline Fuel,None reported
Kia,"$36,500",Telluride SX,2020,"55,400 mi.",Gasoline,8-Speed A/T,291.0HP 3.8L V6 Cylinder Engine Gasoline Fuel,
Land,"$14,490",Rover LR4 Lux,2012,"141,525 mi.",Gasoline,A/T,375.0HP 5.0L 8 Cylinder Engine Gasoline Fuel,None reported
Jaguar,"$21,900",XKR Base,2007,"50,000 mi.",Gasoline,Transmission w/Dual Shift Mode,420.0HP 4.2L 8 Cylinder Engine Gasoline Fuel,At least 1 accident or damage reported
BMW,"$71,995",M4 Base,2020,"29,140 mi.",Gasoline,M/T,425.0HP 3.0L Straight 6 Cylinder Engine Gasoline Fuel,None reported
BMW,"$56,900",M340 i xDrive,2022,"9,000 mi.",Hybrid,8-Speed A/T,382.0HP 3.0L Straight 6 Cylinder Engine Gasoline/Mild Electric Hybrid,None reported
Mercedes-Benz,"$83,598",AMG GLE 53 AMG GLE 53,2021,"5,595 mi.",Hybrid,Automatic,3.0 Liter Turbo,None reported
RAM,"$48,190",1500 Laramie,2022,"34,121 mi.",Gasoline,Automatic,5.7L V8 16V MPFI OHV,None reported
BMW,"$35,999",ALPINA B7 Base,2013,"36,750 mi.",Gasoline,A/T,445.0HP 4.4L 8 Cylinder Engine Gasoline Fuel,None reported
Mercedes-Benz,"$12,000",C-Class C280 4MATIC,2007,"49,626 mi.",Gasoline,A/T,228.0HP 3.0L V6 Cylinder Engine Gasoline Fuel,None reported
Jeep,"$16,500",Compass High Altitude,2017,"45,000 mi.",Gasoline,A/T,172.0HP 2.4L 4 Cylinder Engine Gasoline Fuel,At least 1 accident or damage reported
Toyota,"$36,000",Highlander Hybrid XLE,2019,"69,350 mi.",Hybrid,A/T,306.0HP 3.5L V6 Cylinder Engine Gas/Electric Hybrid,None reported
BMW,"$98,900",X5 M Base,2022,"8,307 mi.",Gasoline,8-Speed Automatic,4.4L V8 32V GDI DOHC Twin Turbo,None reported
BMW,"$84,645",M3 Base,2023,"4,106 mi.",Gasoline,6-Speed Manual,3.0L I6 24V GDI DOHC Twin Turbo,None reported
BMW,"$36,950",M3 Base,1999,"184,700 mi.",Gasoline,5-Speed M/T,240.0HP 3.2L Straight 6 Cylinder Engine Gasoline Fuel,None reported
Maserati,"$41,900",Quattroporte S Q4 GranLusso,2018,"57,500 mi.",Gasoline,8-Speed A/T,424.0HP 3.0L V6 Cylinder Engine Gasoline Fuel,None reported
Acura,"$39,650",RDX Advance Package,2021,"29,000 mi.",Gasoline,10-Speed A/T,272.0HP 2.0L 4 Cylinder Engine Gasoline Fuel,None reported
Mercedes-Benz,"$19,000",GLA-Class GLA 250 4MATIC,2015,"61,675 mi.",Gasoline,Transmission w/Dual Shift Mode,208.0HP 2.0L 4 Cylinder Engine Gasoline Fuel,At least 1 accident or damage reported
Mercedes-Benz,"$45,000",Sprinter 3500XD High Roof,2021,"33,300 mi.",Diesel,7-Speed A/T,188.0HP 3.0L V6 Cylinder Engine Diesel Fuel,None reported
Cadillac,"$17,498",XTS Luxury,2014,"62,950 mi.",Gasoline,6-Speed A/T,304.0HP 3.6L V6 Cylinder Engine Gasoline Fuel,At least 1 accident or damage reported
Chevrolet,"$19,750",Camaro 2LT,2015,"56,675 mi.",Gasoline,Transmission w/Dual Shift Mode,323.0HP 3.6L V6 Cylinder Engine Gasoline Fuel,None reported
Porsche,"$23,000",Cayenne S,2013,"92,000 mi.",Gasoline,8-Speed A/T,400.0HP 4.8L 8 Cylinder Engine Gasoline Fuel,None reported
Dodge,"$12,000",Magnum R/T,2005,"96,000 mi.",Gasoline,5-Speed A/T,340.0HP 5.7L 8 Cylinder Engine Gasoline Fuel,At least 1 accident or damage reported
INFINITI,"$23,000",Q70 3.7X,2014,"33,500 mi.",Gasoline,7-Speed A/T,330.0HP 3.7L V6 Cylinder Engine Gasoline Fuel,None reported
Land,"$112,000",Rover Range Rover SV Autobiography Dynamic SWB,2020,"16,754 mi.",Gasoline,8-Speed A/T,557.0HP 5.0L 8 Cylinder Engine Gasoline Fuel,None reported
Toyota,"$9,250",Camry Hybrid Base,2007,"53,249 mi.",Hybrid,A/T,147.0HP 2.4L 4 Cylinder Engine Gas/Electric Hybrid,At least 1 accident or damage reported
GMC,"$12,500",Acadia SLT-1,2016,"119,000 mi.",Gasoline,A/T,281.0HP 3.6L V6 Cylinder Engine Gasoline Fuel,None reported
Lincoln,"$36,999",Corsair Reserve,2021,"29,336 mi.",Gasoline,8-Speed Automatic,2.0L I4 16V GDI DOHC Turbo,None reported
RAM,"$41,000",2500 SLT,2017,"86,000 mi.",Diesel,6-Speed A/T,350.0HP 6.7L Straight 6 Cylinder Engine Diesel Fuel,At least 1 accident or damage reported
RAM,"$40,500",3500 Laramie,2014,"177,000 mi.",Diesel,6-Speed A/T,385.0HP 6.7L Straight 6 Cylinder Engine Diesel Fuel,At least 1 accident or damage reported
Mercedes-Benz,"$15,900",GL-Class GL 450 4MATIC,2013,"93,500 mi.",Gasoline,A/T,362.0HP 4.6L 8 Cylinder Engine Gasoline Fuel,At least 1 accident or damage reported
BMW,"$54,999",M5 Base,2018,"47,700 mi.",Gasoline,8-Speed A/T,600.0HP 4.4L 8 Cylinder Engine Gasoline Fuel,At least 1 accident or damage reported
Ford,"$24,500",Mustang SVT Cobra,2003,"97,496 mi.",Gasoline,6-Speed M/T,390.0HP 4.6L 8 Cylinder Engine Gasoline Fuel,
Acura,"$26,599",ILX Premium Package,2022,"16,120 mi.",Gasoline,8-Speed Automatic with Auto-Shift,2.4L I4 16V GDI DOHC,None reported
Buick,"$2,800",Rainier CXL,2005,"147,589 mi.",Gasoline,A/T,275.0HP 4.2L Straight 6 Cylinder Engine Gasoline Fuel,At least 1 accident or damage reported
Cadillac,"$22,000",Escalade Luxury,2013,"95,570 mi.",E85 Flex Fuel,A/T,403.0HP 6.2L 8 Cylinder Engine Flex Fuel Capability,At least 1 accident or damage reported
Mercedes-Benz,"$52,000",S-Class S 560,2018,"45,791 mi.",Gasoline,9-Speed A/T,463.0HP 4.0L 8 Cylinder Engine Gasoline Fuel,None reported
INFINITI,"$25,950",QX80 Base,2016,"60,000 mi.",Gasoline,7-Speed A/T,400.0HP 5.6L 8 Cylinder Engine Gasoline Fuel,At least 1 accident or damage reported
Buick,"$18,795",Encore Preferred,2019,"50,000 mi.",Gasoline,6-Speed A/T,138.0HP 1.4L 4 Cylinder Engine Gasoline Fuel,None reported
Mercedes-Benz,"$43,999",GLS 450 Base 4MATIC,2019,"33,481 mi.",Gasoline,9-Speed Automatic,3.0L V6 24V GDI DOHC Twin Turbo,None reported
Jeep,"$5,900",Liberty Limited,2010,"107,000 mi.",Gasoline,A/T,210.0HP 3.7L V6 Cylinder Engine Gasoline Fuel,None reported
Mercedes-Benz,"$37,000",S-Class S 63 AMG,2011,"60,000 mi.",Gasoline,Transmission w/Dual Shift Mode,536.0HP 5.5L 8 Cylinder Engine Gasoline Fuel,At least 1 accident or damage reported
Audi,"$28,000",A8 L 3.0T,2016,"55,000 mi.",Gasoline,A/T,333.0HP 3.0L V6 Cylinder Engine Gasoline Fuel,None reported
Mazda,"$25,500",CX-30 2.5 S Select Package,2022,"4,004 mi.",Gasoline,6-Speed A/T,186.0HP 2.5L 4 Cylinder Engine Gasoline Fuel,None reported
Bentley,"$59,400",Continental GT Speed,2009,"57,800 mi.",Gasoline,6-Speed A/T,600.0HP 6.0L 12 Cylinder Engine Gasoline Fuel,
Bentley,"$217,950",Continental GT V8,2022,"10,972 mi.",Gasoline,8-Speed Automatic with Auto-Shift,4.0L V8 32V GDI DOHC Twin Turbo,None reported
Bentley,"$197,750",Flying Spur V8,2022,"27,858 mi.",Gasoline,8-Speed Automatic with Auto-Shift,4.0L V8 32V GDI DOHC Twin Turbo,None reported
Porsche,"$106,798",911 Carrera 4S,2018,"31,678 mi.",Gasoline,–,3.0 Liter,None reported
Volkswagen,"$29,950",Golf R 4-Door,2016,"47,144 mi.",Gasoline,6-Speed M/T,292.0HP 2.0L 4 Cylinder Engine Gasoline Fuel,None reported
Hyundai,"$4,000",Genesis Coupe 3.8 Grand Touring,2011,"165,454 mi.",Gasoline,6-Speed A/T,306.0HP 3.8L V6 Cylinder Engine Gasoline Fuel,At least 1 accident or damage reported
Ford,"$25,500",F-150 XLT,2018,"98,000 mi.",Gasoline,10-Speed A/T,375.0HP 3.5L V6 Cylinder Engine Gasoline Fuel,At least 1 accident or damage reported
Hyundai,"$22,749",Tucson Limited,2020,"39,913 mi.",Gasoline,6-Speed Automatic,2.4L I4 16V GDI DOHC,None reported
Ford,"$12,990",Mustang V6,2013,"147,191 mi.",Gasoline,6-Speed A/T,305.0HP 3.7L V6 Cylinder Engine Gasoline Fuel,At least 1 accident or damage reported
BMW,"$25,980",435 i,2014,"53,600 mi.",Gasoline,8-Speed A/T,300.0HP 3.0L Straight 6 Cylinder Engine Gasoline Fuel,None reported
Dodge,"$17,000",Challenger R/T,2010,"100,100 mi.",–,Transmission w/Dual Shift Mode,–,None reported
Mercedes-Benz,"$199,995",AMG G 63 Base,2020,"1,750 mi.",Gasoline,9-Speed A/T,577.0HP 4.0L 8 Cylinder Engine Gasoline Fuel,None reported
Dodge,"$104,500",Challenger SRT Hellcat,2020,"2,750 mi.",Gasoline,8-Speed A/T,797.0HP 6.2L 8 Cylinder Engine Gasoline Fuel,None reported
Porsche,"$35,500",Boxster Base,2013,"40,800 mi.",Gasoline,7-Speed A/T,265.0HP 2.7L Flat 6 Cylinder Engine Gasoline Fuel,None reported
Porsche,"$49,500",Macan Base,2018,"36,798 mi.",Gasoline,7-Speed Automatic with Auto-Shift,2.0L I4 16V GDI DOHC Turbo,At least 1 accident or damage reported
Ford,"$49,883",F-250 XL,2021,"77,699 mi.",Diesel,Automatic,6.7L V8 32V DDI OHV Turbo Diesel,
Ford,"$14,900",Mustang GT,2010,"87,500 mi.",Gasoline,A/T,315.0HP 4.6L 8 Cylinder Engine Gasoline Fuel,At least 1 accident or damage reported
Chevrolet,"$38,500",Suburban LT,2020,"93,000 mi.",Gasoline,A/T,355.0HP 5.3L 8 Cylinder Engine Gasoline Fuel,None reported
Mercedes-Benz,"$28,251",C-Class C 300 4MATIC,2018,"41,515 mi.",Gasoline,9-Speed Automatic,2.0L I4 16V GDI DOHC Turbo,None reported
RAM,"$33,242",1500 Classic Warlock,2019,"19,000 mi.",E85 Flex Fuel,8-Speed Automatic,3.6L V6 24V MPFI DOHC Flexible Fuel,At least 1 accident or damage reported
Toyota,"$76,373",Sequoia SR5,2023,"1,539 mi.",Hybrid,Automatic,3.4L V6 24V PDI DOHC Twin Turbo Hybrid,At least 1 accident or damage reported
BMW,"$68,000",M5 Base,2018,"31,090 mi.",Gasoline,8-Speed A/T,600.0HP 4.4L 8 Cylinder Engine Gasoline Fuel,At least 1 accident or damage reported
Mazda,"$25,099",Mazda3 FWD w/Premium Package,2022,"21,701 mi.",Gasoline,6-Speed Automatic,2.5L I4 16V,None reported
Nissan,"$15,998",Rogue SL,2016,"97,726 mi.",Gasoline,Variable,"2.5L I-4 DOHC, variable valve control, regular unleaded, engine",At least 1 accident or damage reported
Audi,"$34,000",A7 3.0T Prestige,2015,"73,000 mi.",Diesel,8-Speed A/T,240.0HP 3.0L V6 Cylinder Engine Diesel Fuel,None reported
Genesis,"$31,900",G80 3.8,2020,"23,600 mi.",Gasoline,A/T,311.0HP 3.8L V6 Cylinder Engine Gasoline Fuel,None reported
Rolls-Royce,"$166,900",Ghost Base,2016,"8,755 mi.",Gasoline,A/T,563.0HP 6.6L 12 Cylinder Engine Gasoline Fuel,None reported
BMW,"$67,900",M6 Gran Coupe Base,2019,"20,500 mi.",Gasoline,Transmission w/Dual Shift Mode,560.0HP 4.4L 8 Cylinder Engine Gasoline Fuel,None reported
Ford,"$18,750",Mustang V6,2013,"57,912 mi.",Gasoline,6-Speed M/T,305.0HP 3.7L V6 Cylinder Engine Gasoline Fuel,At least 1 accident or damage reported
BMW,"$18,500",650 i,2009,"35,000 mi.",Gasoline,A/T,360.0HP 4.8L 8 Cylinder Engine Gasoline Fuel,None reported
Nissan,"$29,895",Leaf SV PLUS,2023,"7,089 mi.",,1-Speed A/T,214.0HP Electric Motor Electric Fuel System,At least 1 accident or damage reported
Lincoln,"$30,890",MKC Reserve,2019,"35,469 mi.",Gasoline,6-Speed Automatic,2.3L I4 16V GDI DOHC Turbo,
Kia,"$46,787",Telluride EX,2022,"14,676 mi.",Gasoline,8-Speed Automatic,3.8L V6 24V GDI DOHC,None reported
Lincoln,"$79,999",Navigator Reserve,2022,"13,750 mi.",Gasoline,10-Speed A/T,440.0HP 3.5L V6 Cylinder Engine Gasoline Fuel,None reported
Mercedes-Benz,"$62,500",S-Class S 550 4MATIC,2015,"13,300 mi.",Gasoline,A/T,449.0HP 4.7L 8 Cylinder Engine Gasoline Fuel,None reported
Chevrolet,"$27,000",Suburban LT,2017,"117,000 mi.",Gasoline,6-Speed A/T,6.0L 8 Cylinder Engine Gasoline Fuel,None reported
Audi,"$50,000",A7 55 Premium,2020,"27,100 mi.",Hybrid,A/T,335.0HP 3.0L V6 Cylinder Engine Gasoline/Mild Electric Hybrid,None reported
Ford,"$20,989",Mustang EcoBoost Premium,2017,"89,352 mi.",Gasoline,6-Speed A/T,310.0HP 2.3L 4 Cylinder Engine Gasoline Fuel,At least 1 accident or damage reported
Chevrolet,"$8,500",Cruze LS,2018,"100,000 mi.",Gasoline,A/T,153.0HP 1.4L 4 Cylinder Engine Gasoline Fuel,At least 1 accident or damage reported
Land,"$75,500",Rover Range Rover HSE SWB,2020,"16,000 mi.",Hybrid,A/T,395.0HP 3.0L Straight 6 Cylinder Engine Gasoline/Mild Electric Hybrid,None reported
Land,"$62,999",Rover Defender S,2023,"15,200 mi.",Gasoline,A/T,296.0HP 2.0L 4 Cylinder Engine Gasoline Fuel,None reported
BMW,"$38,995",650 i,2012,"39,960 mi.",Gasoline,6-Speed M/T,400.0HP 4.4L 8 Cylinder Engine Gasoline Fuel,None reported
Ford,"$13,500",Mustang Base,2008,"119,000 mi.",Gasoline,A/T,210.0HP 4.0L V6 Cylinder Engine Gasoline Fuel,At least 1 accident or damage reported
Kia,"$29,998",K5 GT-Line,2022,"10,971 mi.",Gasoline,8-Speed Automatic,1.6L I4 16V GDI DOHC Turbo,None reported
Mazda,"$11,500",Mazda3 i Touring,2014,"118,500 mi.",Gasoline,M/T,155.0HP 2.0L 4 Cylinder Engine Gasoline Fuel,At least 1 accident or damage reported
Kia,"$45,899",Stinger GT1,2021,"8,288 mi.",Gasoline,8-Speed A/T,365.0HP 3.3L V6 Cylinder Engine Gasoline Fuel,None reported
Chevrolet,"$74,500",Camaro ZL1,2023,"2,950 mi.",Gasoline,10-Speed A/T,650.0HP 6.2L 8 Cylinder Engine Gasoline Fuel,None reported
Mercedes-Benz,"$78,000",AMG G 63 Base,2017,"73,000 mi.",Gasoline,7-Speed A/T,563.0HP 5.5L 8 Cylinder Engine Gasoline Fuel,At least 1 accident or damage reported
Ford,"$14,900",Thunderbird Premium,2005,"82,000 mi.",Gasoline,Transmission w/Dual Shift Mode,280.0HP 3.9L 8 Cylinder Engine Gasoline Fuel,None reported
Audi,"$38,999",e-tron Prestige,2019,"7,874 mi.",,1-Speed Automatic,Electric,None reported
GMC,"$39,750",Sierra 1500 SLT,2017,"49,105 mi.",Gasoline,8-Speed A/T,420.0HP 6.2L 8 Cylinder Engine Gasoline Fuel,None reported
Kia,"$40,000",Telluride LX,2023,"5,500 mi.",Gasoline,8-Speed A/T,291.0HP 3.8L V6 Cylinder Engine Gasoline Fuel,None reported
Chevrolet,"$26,000",Corvette Base,2005,"36,700 mi.",Gasoline,6-Speed M/T,400.0HP 6.0L 8 Cylinder Engine Gasoline Fuel,None reported
BMW,"$34,000",650 i,2014,"40,000 mi.",Gasoline,Transmission w/Dual Shift Mode,445.0HP 4.4L 8 Cylinder Engine Gasoline Fuel,None reported
Nissan,"$17,500",Rogue SL,2017,"78,110 mi.",Gasoline,A/T,170.0HP 2.5L 4 Cylinder Engine Gasoline Fuel,
GMC,"$19,780",Acadia Denali,2015,"74,864 mi.",Gasoline,A/T,288.0HP 3.6L V6 Cylinder Engine Gasoline Fuel,None reported
Cadillac,"$93,500",Escalade Premium Luxury Platinum,2021,"15,350 mi.",Gasoline,10-Speed A/T,420.0HP 6.2L 8 Cylinder Engine Gasoline Fuel,None reported
Nissan,"$72,999",GT-R Premium,2010,"46,100 mi.",Gasoline,6-Speed A/T,485.0HP 3.8L V6 Cylinder Engine Gasoline Fuel,None reported
Toyota,"$31,000",Highlander XLE,2018,"61,454 mi.",Gasoline,A/T,295.0HP 3.5L V6 Cylinder Engine Gasoline Fuel,None reported
BMW,"$54,500",X7 xDrive40i,2020,"45,241 mi.",Gasoline,A/T,335.0HP 3.0L Straight 6 Cylinder Engine Gasoline Fuel,None reported
INFINITI,"$27,000",QX60 Base,2018,"48,000 mi.",Gasoline,CVT Transmission,295.0HP 3.5L V6 Cylinder Engine Gasoline Fuel,None reported
Lexus,"$18,500",IS 250C Base,2010,"68,500 mi.",Gasoline,6-Speed M/T,204.0HP 2.5L V6 Cylinder Engine Gasoline Fuel,None reported
GMC,"$51,899",Sierra 1500 Denali,2019,"43,433 mi.",Gasoline,Automatic,5.3L V8 16V GDI OHV,None reported
Chevrolet,"$20,995",SSR Base,2005,"122,961 mi.",Gasoline,4-Speed Automatic,6.0L V8 16V MPFI OHV,None reported
Dodge,"$19,750",Challenger R/T,2014,"92,861 mi.",Gasoline,5-Speed A/T,375.0HP 5.7L 8 Cylinder Engine Gasoline Fuel,None reported
Hyundai,"$21,400",Equus Signature,2016,"72,000 mi.",Gasoline,8-Speed A/T,429.0HP 5.0L 8 Cylinder Engine Gasoline Fuel,None reported
Lamborghini,"$649,999",Aventador SVJ Base,2019,"6,929 mi.",Gasoline,A/T,759.0HP 6.5L 12 Cylinder Engine Gasoline Fuel,None reported
Ford,"$10,500",Mustang GT,2003,"83,000 mi.",Gasoline,A/T,260.0HP 4.6L 8 Cylinder Engine Gasoline Fuel,None reported
Audi,"$39,599",e-tron Premium,2021,"18,031 mi.",,1-Speed Automatic,Electric,None reported
Toyota,"$78,900",Sequoia Limited,2023,"8,200 mi.",Hybrid,10-Speed A/T,437.0HP 3.4L V6 Cylinder Engine Gas/Electric Hybrid,None reported
Land,"$74,900",Rover Range Rover Sport HST MHEV,2020,"19,000 mi.",Hybrid,Transmission w/Dual Shift Mode,395.0HP 3.0L Straight 6 Cylinder Engine Gasoline/Mild Electric Hybrid,
Jeep,"$42,599",Grand Cherokee L Limited,2022,"12,875 mi.",Gasoline,8-Speed Automatic,3.6L V6 24V MPFI DOHC,None reported
Maserati,"$36,000",GranTurismo Sport,2015,"32,000 mi.",Gasoline,A/T,454.0HP 4.7L 8 Cylinder Engine Gasoline Fuel,None reported
BMW,"$37,500",M5 Base,2013,"61,145 mi.",Gasoline,7-Speed A/T,560.0HP 4.4L 8 Cylinder Engine Gasoline Fuel,At least 1 accident or damage reported
Mercedes-Benz,"$43,900",C-Class 4MATIC Sedan,2022,"9,612 mi.",Gasoline,"Automatic, 9-Spd 9G-Tronic","2L I-4 gasoline direct injection, DOHC, variable valve control,",None reported
Land,"$143,998",Rover Range Rover Sport First Edition,2023,"3,534 mi.",Hybrid,Automatic,4.4 Liter,None reported
Ford,"$14,000",F-150 Lariat,2011,"152,000 mi.",Gasoline,6-Speed A/T,365.0HP 3.5L V6 Cylinder Engine Gasoline Fuel,None reported
Audi,"$7,000",A4 2.0T Premium,2012,"129,567 mi.",Gasoline,A/T,211.0HP 2.0L 4 Cylinder Engine Gasoline Fuel,None reported
BMW,"$41,995",540 i xDrive,2019,"36,000 mi.",Gasoline,8-Speed A/T,335.0HP 3.0L Straight 6 Cylinder Engine Gasoline Fuel,At least 1 accident or damage reported
BMW,"$12,500",X6 xDrive35i,2009,"92,008 mi.",Gasoline,6-Speed A/T,300.0HP 3.0L Straight 6 Cylinder Engine Gasoline Fuel,None reported
Ford,"$10,300",Mustang Base,1998,"63,900 mi.",Gasoline,A/T,150.0HP 3.8L V6 Cylinder Engine Gasoline Fuel,None reported
Toyota,"$17,500",Sequoia Limited,2012,"150,900 mi.",Gasoline,A/T,381.0HP 5.7L 8 Cylinder Engine Gasoline Fuel,None reported
Dodge,"$50,000",Challenger R/T Scat Pack,2019,"43,000 mi.",–,6-Speed M/T,–,None reported
Land,"$63,998",Rover Range Rover 3.0L Supercharged,2018,"38,020 mi.",Gasoline,Automatic,5.0 Liter,None reported
Audi,"$61,059",Q8 55 Premium Plus,2021,"14,750 mi.",Hybrid,Transmission w/Dual Shift Mode,335.0HP 3.0L V6 Cylinder Engine Gasoline/Mild Electric Hybrid,None reported
Subaru,"$23,000",WRX Base,2015,"52,500 mi.",Gasoline,6-Speed M/T,268.0HP 2.0L 4 Cylinder Engine Gasoline Fuel,None reported
Chevrolet,"$21,000",Suburban LT,2017,"207,571 mi.",Gasoline,6-Speed A/T,355.0HP 5.3L 8 Cylinder Engine Gasoline Fuel,At least 1 accident or damage reported
INFINITI,"$29,900",QX60 Pure,2020,"39,000 mi.",Gasoline,A/T,295.0HP 3.5L V6 Cylinder Engine Gasoline Fuel,None reported
Porsche,"$28,000",Cayman Base,2011,"66,000 mi.",Gasoline,A/T,265.0HP 2.9L Flat 6 Cylinder Engine Gasoline Fuel,
INFINITI,"$16,000",QX60 Base,2017,"93,500 mi.",Gasoline,A/T,295.0HP 3.5L V6 Cylinder Engine Gasoline Fuel,None reported
BMW,"$64,000",M4 Base,2018,"7,200 mi.",Gasoline,7-Speed A/T,425.0HP 3.0L Straight 6 Cylinder Engine Gasoline Fuel,None reported
Maserati,"$238,900",MC20 MC20,2022,"1,220 mi.",Gasoline,"Automatic, 8-Spd Dual-Clutch","Nettuno 3L V-6 port/direct injection, DOHC, variable valve contr",None reported
Land,"$90,000",Rover Defender SE,2023,"8,421 mi.",Hybrid,A/T,395.0HP 3.0L Straight 6 Cylinder Engine Gasoline/Mild Electric Hybrid,None reported
BMW,"$84,900",M8 Base,2020,"25,520 mi.",Gasoline,8-Speed Automatic,4.4L V8 32V GDI DOHC Twin Turbo,None reported
Tesla,"$41,999",Model Y Performance,2020,"30,554 mi.",,1-Speed Automatic,Electric,None reported
Volvo,"$54,900",C40 Recharge Pure Electric Twin Ultimate,2023,"17,000 mi.",,A/T,402.0HP Electric Motor Electric Fuel System,None reported
Mercedes-Benz,"$30,999",SL-Class SL 550,2011,"41,314 mi.",Gasoline,Transmission w/Dual Shift Mode,382.0HP 5.5L 8 Cylinder Engine Gasoline Fuel,At least 1 accident or damage reported
Land,"$64,500",Rover Range Rover P525 HSE SWB,2020,"49,899 mi.",Gasoline,Transmission w/Dual Shift Mode,518.0HP 5.0L 8 Cylinder Engine Gasoline Fuel,At least 1 accident or damage reported
Ford,"$4,500",Escape XLT,2012,"186,268 mi.",E85 Flex Fuel,6-Speed A/T,240.0HP 3.0L V6 Cylinder Engine Flex Fuel Capability,None reported
Lexus,"$25,995",ES 350 Base,2016,"51,335 mi.",Gasoline,6-Speed A/T,268.0HP 3.5L V6 Cylinder Engine Gasoline Fuel,At least 1 accident or damage reported
Porsche,"$99,750",718 Boxster GTS,2019,"10,400 mi.",Gasoline,A/T,365.0HP 2.5L 4 Cylinder Engine Gasoline Fuel,None reported
Mercedes-Benz,"$142,998",G-Class G 550,2020,"20,622 mi.",Gasoline,Automatic,4.0 Liter Twin Turbo,None reported
RAM,"$45,861",1500 Big Horn,2022,"19,376 mi.",Gasoline,Automatic,5.7L V8 16V MPFI OHV,None reported
Audi,"$187,900",R8 5.2 V10 performance,2020,"12,245 mi.",Gasoline,7-Speed Automatic with Auto-Shift,5.2L V10 40V PDI DOHC,None reported
Mitsubishi,"$57,000",Lancer Evolution IX,2006,"77,000 mi.",Gasoline,5-Speed M/T,286.0HP 2.0L 4 Cylinder Engine Gasoline Fuel,None reported
Acura,"$24,000",TL Technology,2013,"40,000 mi.",Gasoline,6-Speed A/T,280.0HP 3.5L V6 Cylinder Engine Gasoline Fuel,None reported
Cadillac,"$10,000",CTS Luxury,2012,"113,000 mi.",Gasoline,6-Speed A/T,270.0HP 3.0L V6 Cylinder Engine Gasoline Fuel,None reported
Chevrolet,"$46,000",Camaro 1SS,2022,"7,600 mi.",Gasoline,6-Speed M/T,455.0HP 6.2L 8 Cylinder Engine Gasoline Fuel,At least 1 accident or damage reported
Toyota,"$29,900",Camry Hybrid LE,2022,"20,400 mi.",Hybrid,CVT Transmission,208.0HP 2.5L 4 Cylinder Engine Gas/Electric Hybrid,None reported
Ford,"$39,000",Transit-350 XLT,2019,"115,000 mi.",Gasoline,A/T,310.0HP 3.5L V6 Cylinder Engine Gasoline Fuel,None reported
Lexus,"$7,000",RX 450h Base,2012,"239,000 mi.",Hybrid,A/T,295.0HP 3.5L V6 Cylinder Engine Gas/Electric Hybrid,None reported
Jaguar,"$32,998",F-TYPE V6 S,2014,"62,194 mi.",Gasoline,Automatic,3.0 Liter SC ULEV,None reported
Jeep,"$38,598",Wrangler Sahara,2020,"22,138 mi.",Gasoline,Automatic,3.6 Liter,None reported
Porsche,"$62,500",718 Boxster S,2017,"48,900 mi.",Gasoline,Transmission w/Dual Shift Mode,350.0HP 2.5L 4 Cylinder Engine Gasoline Fuel,None reported
Audi,"$117,000",R8 5.2,2014,"21,800 mi.",Gasoline,Transmission w/Dual Shift Mode,525.0HP 5.2L 10 Cylinder Engine Gasoline Fuel,None reported
Lincoln,"$16,750",MKZ Base,2016,"68,200 mi.",Gasoline,6-Speed A/T,300.0HP 3.7L V6 Cylinder Engine Gasoline Fuel,At least 1 accident or damage reported
Chevrolet,"$7,000",S-10 LS Crew Cab,2001,"139,000 mi.",Gasoline,A/T,190.0HP 4.3L V6 Cylinder Engine Gasoline Fuel,None reported
Mercedes-Benz,"$130,000",G-Class G 550 4MATIC,2021,"76,100 mi.",Gasoline,A/T,416.0HP 4.0L 8 Cylinder Engine Gasoline Fuel,None reported
Lexus,"$54,998",RX 350 RX 350 F SPORT Handling,2022,"14,330 mi.",Gasoline,Automatic,3.5 Liter DOHC,None reported
BMW,"$45,999",750 i xDrive,2019,"41,906 mi.",Gasoline,8-Speed A/T,445.0HP 4.4L 8 Cylinder Engine Gasoline Fuel,At least 1 accident or damage reported
Chevrolet,"$21,500",Camaro 2SS,2016,"164,000 mi.",Gasoline,8-Speed A/T,455.0HP 6.2L 8 Cylinder Engine Gasoline Fuel,None reported
Ford,"$7,945",Fusion Hybrid SE,2013,"161,933 mi.",Hybrid,Automatic CVT,2.0L I4 16V MPFI DOHC Hybrid,None reported
Hyundai,"$34,580",Santa Cruz 2.5T Limited,2022,"22,829 mi.",Gasoline,Automatic,2.5L I4 16V PDI DOHC Turbo,None reported
Lexus,"$59,950",RX 350 F Sport,2023,"5,483 mi.",Gasoline,8-Speed Automatic,2.4L I4 16V PDI DOHC Turbo,None reported
Land,"$31,000",Rover Range Rover Evoque S,2020,"46,891 mi.",Gasoline,9-Speed A/T,246.0HP 2.0L 4 Cylinder Engine Gasoline Fuel,At least 1 accident or damage reported
Chevrolet,"$39,000",Suburban LT,2019,"72,000 mi.",Gasoline,A/T,355.0HP 5.3L 8 Cylinder Engine Gasoline Fuel,At least 1 accident or damage reported
Porsche,"$129,900",718 Spyder Base,2020,"3,400 mi.",Gasoline,6-Speed M/T,414.0HP 4.0L Flat 6 Cylinder Engine Gasoline Fuel,None reported
Chevrolet,"$30,000",Camaro 1LT,2021,"18,000 mi.",Gasoline,10-Speed A/T,335.0HP 3.6L V6 Cylinder Engine Gasoline Fuel,At least 1 accident or damage reported
Jeep,"$39,998",Gladiator Freedom,2021,"30,630 mi.",Gasoline,Automatic,3.6 Liter,None reported
Toyota,"$33,580",Tacoma Double Cab,2007,"24,985 mi.",Gasoline,5-Speed A/T,236.0HP 4.0L V6 Cylinder Engine Gasoline Fuel,
GMC,"$93,999",Yukon Denali Ultimate,2023,"9,978 mi.",Gasoline,10-Speed A/T,420.0HP 6.2L 8 Cylinder Engine Gasoline Fuel,None reported
Ford,"$77,999",Shelby GT350R Base,2018,"18,500 mi.",Gasoline,M/T,526.0HP 5.2L 8 Cylinder Engine Gasoline Fuel,At least 1 accident or damage reported
Cadillac,"$79,990",Escalade Premium Luxury Platinum,2021,"72,843 mi.",Gasoline,10-Speed Automatic,6.2L V8 16V GDI OHV,None reported
Buick,"$20,000",LaCrosse Base,2017,"67,500 mi.",Gasoline,8-Speed A/T,310.0HP 3.6L V6 Cylinder Engine Gasoline Fuel,None reported
Tesla,"$65,990",Model X Long Range Plus,2020,"43,534 mi.",,1-Speed A/T,534.0HP Electric Motor Electric Fuel System,None reported
Mercedes-Benz,"$28,500",E-Class E 300 4MATIC,2017,"36,900 mi.",Gasoline,9-Speed A/T,241.0HP 2.0L 4 Cylinder Engine Gasoline Fuel,None reported
Chevrolet,"$39,998",Tahoe LT,2017,"61,720 mi.",E85 Flex Fuel,Automatic,5.3 Liter,At least 1 accident or damage reported
Kia,"$43,329",Telluride EX,2022,"35,938 mi.",Gasoline,8-Speed Automatic,3.8L V6 24V GDI DOHC,None reported
Toyota,"$63,100",Tundra Hybrid Limited,2023,"10,748 mi.",Hybrid,Automatic,3.4L V6 24V PDI DOHC Twin Turbo Hybrid,None reported
Audi,"$107,900",S8 4.0T quattro,2023,"4,457 mi.",Gasoline,Automatic,4.0L V8 32V GDI DOHC Twin Turbo,None reported
Nissan,"$26,498",Armada Platinum,2018,"108,206 mi.",Gasoline,Automatic,5.6 Liter,At least 1 accident or damage reported
Land,"$46,598",Rover Discovery HSE,2020,"32,705 mi.",Diesel,Automatic,3.0 Liter,None reported
Kia,"$32,913",Telluride S,2020,"74,026 mi.",Gasoline,8-Speed Automatic,3.8L V6 24V GDI DOHC,None reported
Lexus,"$45,950",GS 350 F Sport,2020,"24,651 mi.",Gasoline,6-Speed Automatic,3.5L V6 24V PDI DOHC,None reported
BMW,"$69,000",X6 xDrive40i,2022,"13,000 mi.",Hybrid,Transmission w/Dual Shift Mode,335.0HP 3.0L Straight 6 Cylinder Engine Gasoline/Mild Electric Hybrid,None reported
Land,"$133,500",Rover Range Rover P400 SE SWB,2023,"11,700 mi.",Hybrid,Transmission w/Dual Shift Mode,395.0HP 3.0L Straight 6 Cylinder Engine Gasoline/Mild Electric Hybrid,None reported
Chevrolet,"$54,000",Silverado 3500 High Country,2015,"77,500 mi.",Diesel,6-Speed A/T,397.0HP 6.6L 8 Cylinder Engine Diesel Fuel,None reported
Maserati,"$7,999",Quattroporte Sport GT,2007,"82,000 mi.",Gasoline,Transmission w/Dual Shift Mode,394.0HP 4.2L 8 Cylinder Engine Gasoline Fuel,At least 1 accident or damage reported
Dodge,"$489,995",Viper GTC,2017,"1,389 mi.",Gasoline,M/T,645.0HP 8.4L 10 Cylinder Engine Gasoline Fuel,None reported
Ford,"$55,329",Expedition Limited,2021,"29,830 mi.",Gasoline,10-Speed Automatic,3.5L V6 24V PDI DOHC Twin Turbo,None reported
Mazda,"$17,800",Mazda6 i Grand Touring,2016,"83,100 mi.",–,A/T,–,None reported
Kia,"$16,500",Optima LX,2019,"62,660 mi.",Gasoline,A/T,185.0HP 2.4L 4 Cylinder Engine Gasoline Fuel,None reported
Land,"$59,000",Rover Range Rover Sport SVR,2018,"56,006 mi.",Gasoline,Transmission w/Dual Shift Mode,575.0HP 5.0L 8 Cylinder Engine Gasoline Fuel,None reported
Lexus,"$52,998",RX 450h F SPORT Handling,2021,"31,365 mi.",Hybrid,Variable,3.5 Liter DOHC,None reported
Lincoln,"$14,900",Town Car Base,2004,"27,600 mi.",Gasoline,4-Speed A/T,239.0HP 4.6L 8 Cylinder Engine Gasoline Fuel,None reported
Honda,"$19,600",Civic Si,2012,"47,245 mi.",Gasoline,6-Speed M/T,201.0HP 2.4L 4 Cylinder Engine Gasoline Fuel,None reported
Lexus,"$31,990",RX 450h Base,2017,"73,948 mi.",Hybrid,A/T,308.0HP 3.5L V6 Cylinder Engine Gas/Electric Hybrid,None reported
RAM,"$31,953",1500 Classic Warlock,2019,"36,757 mi.",E85 Flex Fuel,8-Speed Automatic,3.6L V6 24V MPFI DOHC Flexible Fuel,None reported
Tesla,"$48,000",Model Y Long Range,2023,"4,786 mi.",,A/T,425.0HP Electric Motor Electric Fuel System,None reported
Audi,"$78,900",RS 3 2.5T,2023,"1,900 mi.",Gasoline,Transmission w/Dual Shift Mode,401.0HP 2.5L 5 Cylinder Engine Gasoline Fuel,None reported
Hyundai,"$15,000",Genesis Coupe 3.8 R-Spec,2014,"52,060 mi.",Gasoline,6-Speed M/T,348.0HP 3.8L V6 Cylinder Engine Gasoline Fuel,At least 1 accident or damage reported
Porsche,"$41,500",Boxster RS 60 Spyder,2008,"58,000 mi.",Gasoline,6-Speed M/T,303.0HP 3.4L Flat 6 Cylinder Engine Gasoline Fuel,None reported
Ford,"$26,095",F-250 XLT,2010,"52,246 mi.",Diesel,6-Speed Manual,6.4L V8 32V DDI OHV Twin Turbo Diesel,None reported
Kia,"$16,999",Sorento EX,2016,"64,290 mi.",Gasoline,6-Speed Automatic,2.0L I4 16V GDI DOHC Turbo,None reported
Nissan,"$21,500",370Z Touring,2009,"37,500 mi.",Gasoline,6-Speed M/T,332.0HP 3.7L V6 Cylinder Engine Gasoline Fuel,None reported
Genesis,"$40,750",G70 2.0T,2023,"2,121 mi.",Gasoline,8-Speed A/T,252.0HP 2.0L 4 Cylinder Engine Gasoline Fuel,None reported
Land,"$26,000",Rover Range Rover Sport Supercharged,2013,"57,000 mi.",Gasoline,Transmission w/Dual Shift Mode,510.0HP 5.0L 8 Cylinder Engine Gasoline Fuel,None reported
Mercedes-Benz,"$69,500",S-Class S 560 4MATIC,2020,"22,000 mi.",Gasoline,A/T,463.0HP 4.0L 8 Cylinder Engine Gasoline Fuel,None reported
Ford,"$66,500",Bronco Wildtrak Advanced,2023,"2,000 mi.",Gasoline,A/T,315.0HP 2.7L V6 Cylinder Engine Gasoline Fuel,None reported
RAM,"$32,000",1500 SLT,2018,"61,802 mi.",E85 Flex Fuel,8-Speed A/T,305.0HP 3.6L V6 Cylinder Engine Flex Fuel Capability,None reported
Dodge,"$17,500",Challenger R/T,2010,"73,000 mi.",–,A/T,–,None reported
Chevrolet,"$7,500",Sonic LT,2013,"110,000 mi.",–,A/T,–,None reported
Jeep,"$13,500",Grand Cherokee Laredo,2013,"106,700 mi.",E85 Flex Fuel,6-Speed A/T,290.0HP 3.6L V6 Cylinder Engine Flex Fuel Capability,None reported
Audi,"$35,999",RS 5 4.2,2013,"75,965 mi.",Gasoline,7-Speed A/T,450.0HP 4.2L 8 Cylinder Engine Gasoline Fuel,At least 1 accident or damage reported
Jeep,"$48,995",Grand Cherokee L Overland,2022,"31,804 mi.",Gasoline,Automatic,3.6L V6 24V MPFI DOHC,At least 1 accident or damage reported
Mazda,"$11,500",MX-5 Miata Base,1992,"125,800 mi.",–,5-Speed M/T,–,None reported
Chrysler,"$6,000",Crossfire Limited,2005,"116,320 mi.",Gasoline,5-Speed A/T,215.0HP 3.2L V6 Cylinder Engine Gasoline Fuel,At least 1 accident or damage reported
Audi,"$9,900",S5 4.2 Premium Plus,2011,"156,875 mi.",Gasoline,6-Speed M/T,354.0HP 4.2L 8 Cylinder Engine Gasoline Fuel,At least 1 accident or damage reported
Tesla,"$85,000",Model X Base,2023,197 mi.,,A/T,670.0HP Electric Motor Electric Fuel System,None reported
Cadillac,"$28,500",CT4 Luxury,2020,"35,200 mi.",Gasoline,8-Speed A/T,237.0HP 2.0L 4 Cylinder Engine Gasoline Fuel,None reported
Maserati,"$19,000",Ghibli S Q4,2014,"76,000 mi.",Gasoline,A/T,404.0HP 3.0L V6 Cylinder Engine Gasoline Fuel,None reported
Jaguar,"$34,500",F-PACE 25t Premium,2019,"29,000 mi.",Gasoline,A/T,247.0HP 2.0L 4 Cylinder Engine Gasoline Fuel,None reported
BMW,"$44,495",750 i xDrive,2019,"33,499 mi.",Gasoline,A/T,445.0HP 4.4L 8 Cylinder Engine Gasoline Fuel,At least 1 accident or damage reported
Acura,"$30,999",TLX V6 Advance,2019,"25,779 mi.",Gasoline,9-Speed Automatic,3.5L V6 24V GDI SOHC,At least 1 accident or damage reported
GMC,"$9,500",Terrain SLT-1,2015,"76,296 mi.",Gasoline,6-Speed A/T,182.0HP 2.4L 4 Cylinder Engine Gasoline Fuel,At least 1 accident or damage reported
BMW,"$12,800",i3 Base w/Range Extender,2014,"29,553 mi.",,1-Speed A/T,170.0HP 0.65L Electric Motor Electric Fuel System,None reported
Nissan,"$4,500",Versa 1.8 S,2011,"109,902 mi.",Gasoline,A/T,122.0HP 1.8L 4 Cylinder Engine Gasoline Fuel,None reported
Mercedes-Benz,"$33,500",C-Class C 300 4MATIC,2019,"23,083 mi.",Gasoline,9-Speed A/T,255.0HP 2.0L 4 Cylinder Engine Gasoline Fuel,None reported
Toyota,"$4,199",Matrix XRS,2003,"143,600 mi.",Gasoline,6-Speed M/T,180.0HP 1.8L 4 Cylinder Engine Gasoline Fuel,None reported
RAM,"$54,800",1500 Limited,2021,"22,000 mi.",Gasoline,8-Speed A/T,395.0HP 5.7L 8 Cylinder Engine Gasoline Fuel,None reported
Mercedes-Benz,"$81,500",AMG E 53 Base 4MATIC,2022,"13,000 mi.",Hybrid,9-Speed A/T,429.0HP 3.0L Straight 6 Cylinder Engine Gasoline/Mild Electric Hybrid,None reported
Audi,"$28,000",A5 2.0T Premium,2018,"53,000 mi.",Gasoline,A/T,252.0HP 2.0L 4 Cylinder Engine Gasoline Fuel,At least 1 accident or damage reported
Lincoln,"$52,999",Navigator Reserve,2019,"44,741 mi.",Gasoline,10-Speed A/T,450.0HP 3.5L V6 Cylinder Engine Gasoline Fuel,None reported
Audi,"$5,700",A6 3.2 quattro,2008,"202,000 mi.",Gasoline,A/T,255.0HP 3.2L V6 Cylinder Engine Gasoline Fuel,At least 1 accident or damage reported
Chevrolet,"$6,995",Silverado 1500 LT Crew Cab,2006,"215,000 mi.",Gasoline,A/T,345.0HP 6.0L 8 Cylinder Engine Gasoline Fuel,At least 1 accident or damage reported
Mercedes-Benz,"$49,998",S-Class S 560,2019,"77,138 mi.",Gasoline,Automatic,4.0 Liter,None reported
Volvo,"$25,999",XC90 T6 Momentum,2018,"90,641 mi.",Gasoline,8-Speed Automatic,2.0L I4 16V GDI DOHC,None reported
Toyota,"$7,700",Camry SE,2011,"177,702 mi.",Gasoline,A/T,179.0HP 2.5L 4 Cylinder Engine Gasoline Fuel,At least 1 accident or damage reported
Mercedes-Benz,"$29,497",Metris Base,2018,"58,350 mi.",Gasoline,7-Speed A/T,208.0HP 2.0L 4 Cylinder Engine Gasoline Fuel,None reported
Chevrolet,"$17,000",Camaro 2LT,2010,"86,170 mi.",Gasoline,6-Speed A/T,304.0HP 3.6L V6 Cylinder Engine Gasoline Fuel,At least 1 accident or damage reported
Mazda,"$20,199",MX-5 Miata Grand Touring,2012,"36,568 mi.",Gasoline,6-Speed M/T,167.0HP 2.0L 4 Cylinder Engine Gasoline Fuel,At least 1 accident or damage reported
Ford,"$16,250",Escape SE,2015,"54,357 mi.",Gasoline,6-Speed A/T,173.0HP 1.6L 4 Cylinder Engine Gasoline Fuel,None reported
Mercedes-Benz,"$59,598",S-Class S 63 AMG,2015,"20,394 mi.",Gasoline,Automatic,5.5 Liter,At least 1 accident or damage reported
Kia,"$31,113",Niro EX,2023,"7,578 mi.",Hybrid,Automatic,1.6L I4 16V GDI DOHC Hybrid,None reported
Porsche,"$20,900",Boxster Base,2010,"64,800 mi.",Gasoline,6-Speed M/T,255.0HP 2.9L Flat 6 Cylinder Engine Gasoline Fuel,At least 1 accident or damage reported
Toyota,"$27,750",4Runner Trail,2016,"117,780 mi.",Gasoline,5-Speed A/T,270.0HP 4.0L V6 Cylinder Engine Gasoline Fuel,None reported
Hyundai,"$18,200",Kona EV SEL,2019,"33,100 mi.",,1-Speed A/T,201.0HP Electric Motor Electric Fuel System,None reported
Land,"$18,750",Rover Range Rover Evoque SE,2016,"86,202 mi.",Gasoline,9-Speed A/T,240.0HP 2.0L 4 Cylinder Engine Gasoline Fuel,None reported
Ford,"$19,550",E350 Super Duty XLT,2012,"163,000 mi.",E85 Flex Fuel,A/T,255.0HP 5.4L 8 Cylinder Engine Flex Fuel Capability,None reported
Mercedes-Benz,"$24,900",SL-Class SL500 Roadster,2004,"35,400 mi.",Gasoline,7-Speed A/T,302.0HP 5.0L 8 Cylinder Engine Gasoline Fuel,None reported
Jeep,"$22,000",Compass Trailhawk,2018,"31,000 mi.",Gasoline,9-Speed A/T,180.0HP 2.4L 4 Cylinder Engine Gasoline Fuel,None reported
Mercedes-Benz,"$40,998",S-Class S 560 4MATIC,2018,"103,069 mi.",Gasoline,Automatic,4.0 Liter,None reported
Mercedes-Benz,"$135,800",G-Class G 550 4MATIC,2021,"22,480 mi.",Gasoline,A/T,416.0HP 4.0L 8 Cylinder Engine Gasoline Fuel,None reported
Tesla,"$39,500",Model X P90D,2016,"91,000 mi.",,A/T,691.0HP Electric Motor Electric Fuel System,None reported
Lexus,"$44,800",IS-F Base,2010,"41,500 mi.",Gasoline,8-Speed A/T,416.0HP 5.0L 8 Cylinder Engine Gasoline Fuel,At least 1 accident or damage reported
BMW,"$13,000",335 i,2010,"91,545 mi.",Gasoline,6-Speed A/T,300.0HP 3.0L Straight 6 Cylinder Engine Gasoline Fuel,None reported
Audi,"$162,500",RS 7 4.0T,2022,"4,100 mi.",Hybrid,8-Speed A/T,591.0HP 4.0L 8 Cylinder Engine Gasoline/Mild Electric Hybrid,None reported
Buick,"$5,000",Lucerne CXL,2006,"110,000 mi.",Gasoline,A/T,275.0HP 4.6L 8 Cylinder Engine Gasoline Fuel,None reported
Lincoln,"$18,500",MKX Reserve,2016,"88,000 mi.",Gasoline,Transmission w/Dual Shift Mode,335.0HP 2.7L V6 Cylinder Engine Gasoline Fuel,None reported
Nissan,"$37,000",Armada Platinum,2018,"42,833 mi.",Gasoline,Transmission w/Dual Shift Mode,390.0HP 5.6L 8 Cylinder Engine Gasoline Fuel,None reported
Porsche,"$114,998",911 Carrera,2020,"23,278 mi.",Gasoline,Automatic,3.0 Liter,None reported
Mercedes-Benz,"$15,300",E-Class 400E,1993,"106,983 mi.",–,4-Speed A/T,–,None reported
BMW,"$24,995",435 Gran Coupe i,2015,"60,100 mi.",Gasoline,8-Speed A/T,300.0HP 3.0L Straight 6 Cylinder Engine Gasoline Fuel,None reported
Jeep,"$69,685",Wagoneer Series III,2022,"17,381 mi.",Gasoline,8-Speed Automatic,5.7L V8 16V MPFI OHV,None reported
Cadillac,"$12,995",ATS 2.5L,2013,"63,172 mi.",Gasoline,A/T,202.0HP 2.5L 4 Cylinder Engine Gasoline Fuel,At least 1 accident or damage reported
Ford,"$10,900",Transit Connect XLT,2010,"72,000 mi.",Gasoline,A/T,136.0HP 2.0L 4 Cylinder Engine Gasoline Fuel,At least 1 accident or damage reported
Kia,"$47,500",EV6 GT-Line,2022,"4,820 mi.",,1-Speed A/T,320.0HP Electric Motor Electric Fuel System,None reported
Audi,"$25,990",S5 3.0T Premium Plus,2014,"67,900 mi.",Gasoline,6-Speed M/T,333.0HP 3.0L V6 Cylinder Engine Gasoline Fuel,
Toyota,"$38,000",Tundra SR,2018,"51,000 mi.",Gasoline,A/T,381.0HP 5.7L 8 Cylinder Engine Gasoline Fuel,None reported
Jeep,"$35,000",Wrangler Unlimited Freedom Edition,2013,"54,500 mi.",Gasoline,A/T,285.0HP 3.6L V6 Cylinder Engine Gasoline Fuel,None reported
Maserati,"$16,500",Quattroporte Base,2006,"61,840 mi.",Gasoline,Transmission w/Dual Shift Mode,394.0HP 4.2L 8 Cylinder Engine Gasoline Fuel,None reported
Mercedes-Benz,"$16,750",CLS-Class CLS500,2006,"28,950 mi.",Gasoline,7-Speed A/T,302.0HP 5.0L 8 Cylinder Engine Gasoline Fuel,
GMC,"$5,000",Sierra 3500 SLE,2002,"300,000 mi.",Diesel,5-Speed A/T,300.0HP 6.6L 8 Cylinder Engine Diesel Fuel,At least 1 accident or damage reported
Nissan,"$17,000",Frontier SL,2011,"103,400 mi.",Gasoline,5-Speed A/T,261.0HP 4.0L V6 Cylinder Engine Gasoline Fuel,At least 1 accident or damage reported
BMW,"$109,900",M5 Base,2023,816 mi.,Gasoline,8-Speed Automatic,4.4L V8 32V GDI DOHC Twin Turbo,None reported
Porsche,"$489,000",911 R,2016,719 mi.,Gasoline,6-Speed Manual,4.0L H6 24V GDI DOHC,None reported
Land,"$81,998",Rover Defender X-Dynamic SE,2023,"3,678 mi.",Hybrid,Automatic,3.0 Liter,None reported
Ford,"$22,000",F-150 XL,2016,"107,000 mi.",E85 Flex Fuel,6-Speed A/T,385.0HP 5.0L 8 Cylinder Engine Flex Fuel Capability,At least 1 accident or damage reported
BMW,"$114,998",M8 Competition,2022,"5,018 mi.",Gasoline,Automatic,4.4 Liter Twin Turbo,None reported
Porsche,"$71,400",911 Carrera S,2010,"13,850 mi.",Gasoline,6-Speed M/T,385.0HP 3.8L Flat 6 Cylinder Engine Gasoline Fuel,None reported
Volvo,"$11,400",XC70 3.2,2008,"46,700 mi.",Gasoline,6-Speed A/T,235.0HP 3.2L Straight 6 Cylinder Engine Gasoline Fuel,
Chrysler,"$27,798",300 Touring,2021,"21,478 mi.",Gasoline,Automatic,3.6 Liter,None reported
Honda,"$20,499",Insight EX,2020,"64,200 mi.",Hybrid,CVT Transmission,151.0HP 1.5L 4 Cylinder Engine Gas/Electric Hybrid,At least 1 accident or damage reported
Porsche,"$36,250",Cayman S,2006,"31,075 mi.",Gasoline,5-Speed Automatic,3.4L H6 24V MPFI DOHC,None reported
Tesla,"$47,800",Model Y Performance,2022,"25,250 mi.",,1-Speed A/T,455.0HP Electric Motor Electric Fuel System,None reported
BMW,"$71,950",M5 Competition,2020,"35,400 mi.",Gasoline,8-Speed A/T,617.0HP 4.4L 8 Cylinder Engine Gasoline Fuel,None reported
Audi,"$16,000",S4 4.2 quattro,2004,"74,030 mi.",Gasoline,6-Speed M/T,340.0HP 4.2L 8 Cylinder Engine Gasoline Fuel,None reported
Ford,"$69,998",F-250 Platinum,2021,"48,549 mi.",Diesel,Automatic,6.7L V8 32V DDI OHV Turbo Diesel,None reported
Kia,"$32,500",Seltos S,2023,"5,182 mi.",Gasoline,A/T,146.0HP 2.0L 4 Cylinder Engine Gasoline Fuel,None reported
RAM,"$33,500",ProMaster 2500 High Roof,2019,"31,681 mi.",Gasoline,A/T,280.0HP 3.6L V6 Cylinder Engine Gasoline Fuel,At least 1 accident or damage reported
BMW,"$80,998",M760 M760i xDrive,2020,"23,430 mi.",Gasoline,Automatic,6.6 Liter Twin Turbo,None reported
Mercedes-Benz,"$29,000",E-Class E 400,2015,"30,300 mi.",Gasoline,A/T,329.0HP 3.0L V6 Cylinder Engine Gasoline Fuel,At least 1 accident or damage reported
Cadillac,"$14,599",XTS Luxury,2016,"112,000 mi.",Gasoline,A/T,304.0HP 3.6L V6 Cylinder Engine Gasoline Fuel,At least 1 accident or damage reported
INFINITI,"$19,990",Q50 Premium,2014,"127,356 mi.",Gasoline,7-Speed A/T,328.0HP 3.7L V6 Cylinder Engine Gasoline Fuel,At least 1 accident or damage reported
Volkswagen,"$28,890",Touareg V6 Executive,2017,"50,600 mi.",Gasoline,8-Speed A/T,280.0HP 3.6L V6 Cylinder Engine Gasoline Fuel,At least 1 accident or damage reported
Chevrolet,"$9,950",Suburban 1500 LTZ,2011,"194,000 mi.",E85 Flex Fuel,6-Speed A/T,320.0HP 5.3L 8 Cylinder Engine Flex Fuel Capability,None reported
Toyota,"$44,750",Tundra SR5,2021,"33,455 mi.",Gasoline,6-Speed A/T,381.0HP 5.7L 8 Cylinder Engine Gasoline Fuel,None reported
BMW,"$35,750",X1 sDrive28i,2022,"43,000 mi.",Gasoline,8-Speed A/T,228.0HP 2.0L 4 Cylinder Engine Gasoline Fuel,None reported
Mercedes-Benz,"$35,300",GL-Class GL 550 4MATIC,2016,"46,102 mi.",Gasoline,7-Speed A/T,429.0HP 4.7L 8 Cylinder Engine Gasoline Fuel,None reported
Cadillac,"$21,000",XTS Luxury,2019,"59,000 mi.",Gasoline,6-Speed A/T,304.0HP 3.6L V6 Cylinder Engine Gasoline Fuel,None reported
Jaguar,"$9,500",XJ8 Base,2004,"134,000 mi.",Gasoline,6-Speed A/T,294.0HP 4.2L 8 Cylinder Engine Gasoline Fuel,At least 1 accident or damage reported
Chevrolet,"$150,000",Camaro ZL1,2020,"3,715 mi.",Gasoline,A/T,650.0HP 6.2L 8 Cylinder Engine Gasoline Fuel,None reported
Mercedes-Benz,"$24,000",Sprinter 2500,2012,"100,245 mi.",Diesel,A/T,188.0HP 3.0L V6 Cylinder Engine Diesel Fuel,At least 1 accident or damage reported
Mercedes-Benz,"$42,999",C-Class C 300 4MATIC,2022,"8,583 mi.",Gasoline,9-Speed Automatic,2.0L I4 16V GDI DOHC Turbo,None reported
Dodge,"$5,700",Dakota SLT,2003,"141,800 mi.",Gasoline,A/T,230.0HP 4.7L 8 Cylinder Engine Gasoline Fuel,At least 1 accident or damage reported
Audi,"$13,800",A5 2.0T Premium Plus,2012,"77,000 mi.",Gasoline,8-Speed A/T,211.0HP 2.0L 4 Cylinder Engine Gasoline Fuel,None reported
Audi,"$31,500",A5 2.0T Premium,2018,"67,035 mi.",Gasoline,Transmission w/Dual Shift Mode,252.0HP 2.0L 4 Cylinder Engine Gasoline Fuel,At least 1 accident or damage reported
Audi,"$19,500",S5 3.0 Premium Plus,2012,"61,450 mi.",Gasoline,7-Speed A/T,333.0HP 3.0L V6 Cylinder Engine Gasoline Fuel,None reported
Porsche,"$52,590",Panamera GTS,2015,"39,500 mi.",Gasoline,Transmission w/Dual Shift Mode,440.0HP 4.8L 8 Cylinder Engine Gasoline Fuel,None reported
Mercedes-Benz,"$128,900",AMG GT C,2020,"6,600 mi.",Gasoline,Transmission w/Dual Shift Mode,550.0HP 4.0L 8 Cylinder Engine Gasoline Fuel,None reported
Chevrolet,"$51,500",Camaro 2SS,2023,"2,300 mi.",Gasoline,6-Speed M/T,455.0HP 6.2L 8 Cylinder Engine Gasoline Fuel,None reported
Audi,"$61,998",Q7 Premium Plus,2023,"10,601 mi.",Hybrid,Automatic,3.0 Liter TFSI,None reported
Maserati,"$67,000",GranTurismo MC,2018,"18,000 mi.",Gasoline,Transmission w/Dual Shift Mode,454.0HP 4.7L 8 Cylinder Engine Gasoline Fuel,None reported
GMC,"$67,963",Sierra 2500 AT4,2022,"31,681 mi.",Gasoline,Automatic,6.6L V8 16V GDI OHV,At least 1 accident or damage reported
Cadillac,"$49,427",XT6 Sport AWD,2020,"24,114 mi.",Gasoline,9-Speed Automatic,3.6L V6 24V GDI DOHC,At least 1 accident or damage reported
Jeep,"$43,389",Grand Cherokee L Laredo,2022,"22,109 mi.",Gasoline,Automatic,3.6L V6 24V MPFI DOHC,
Chevrolet,"$18,000",Avalanche 1500 LT,2012,"148,000 mi.",E85 Flex Fuel,A/T,320.0HP 5.3L 8 Cylinder Engine Flex Fuel Capability,None reported
BMW,"$60,200",M5 Base,2018,"41,000 mi.",Gasoline,Transmission w/Dual Shift Mode,600.0HP 4.4L 8 Cylinder Engine Gasoline Fuel,None reported
Nissan,"$19,500",Titan SE,2009,"127,600 mi.",E85 Flex Fuel,A/T,317.0HP 5.6L 8 Cylinder Engine Flex Fuel Capability,None reported
Dodge,"$19,000",Ram 1500 SRT-10 Quad Cab,2005,"138,450 mi.",Gasoline,4-Speed A/T,500.0HP 8.3L 10 Cylinder Engine Gasoline Fuel,At least 1 accident or damage reported
GMC,"$15,500",Sierra 1500 SLT,2013,"230,000 mi.",E85 Flex Fuel,A/T,315.0HP 5.3L 8 Cylinder Engine Flex Fuel Capability,None reported
Lexus,"$33,000",RX 350 F Sport,2017,"53,649 mi.",Gasoline,A/T,295.0HP 3.5L V6 Cylinder Engine Gasoline Fuel,None reported
Mercedes-Benz,"$11,999",GL-Class GL 450 4MATIC,2012,"174,000 mi.",Gasoline,7-Speed A/T,335.0HP 4.6L 8 Cylinder Engine Gasoline Fuel,At least 1 accident or damage reported
INFINITI,"$47,645",QX80 Luxe,2022,"49,860 mi.",Gasoline,Automatic,5.6L V8 32V GDI DOHC,At least 1 accident or damage reported
Mercedes-Benz,"$75,000",AMG C 63 S,2021,"13,650 mi.",Gasoline,9-Speed A/T,503.0HP 4.0L 8 Cylinder Engine Gasoline Fuel,None reported
BMW,"$13,500",528 i xDrive,2016,"134,000 mi.",Gasoline,A/T,240.0HP 2.0L 4 Cylinder Engine Gasoline Fuel,At least 1 accident or damage reported
Porsche,"$68,000",911 Carrera,2014,"78,000 mi.",Gasoline,Transmission w/Dual Shift Mode,350.0HP 3.4L Flat 6 Cylinder Engine Gasoline Fuel,None reported
Porsche,"$21,750",Boxster S,2005,"65,750 mi.",Gasoline,A/T,280.0HP 3.2L Flat 6 Cylinder Engine Gasoline Fuel,None reported
BMW,"$94,000",X6 M Base,2021,"18,000 mi.",Gasoline,8-Speed A/T,600.0HP 4.4L 8 Cylinder Engine Gasoline Fuel,None reported
Ford,"$9,450",Mustang Premium,2007,"121,630 mi.",Gasoline,A/T,210.0HP 4.0L V6 Cylinder Engine Gasoline Fuel,None reported
Rivian,"$89,999",R1S Launch Edition,2023,"4,500 mi.",,1-Speed A/T,835.0HP Electric Motor Electric Fuel System,None reported
Volvo,"$61,999",XC90 Recharge Plug-In Hybrid T8 Inscription 7 Passenger,2022,"9,408 mi.",Hybrid,8-Speed Automatic,2.0L I4 16V GDI DOHC Hybrid,None reported
BMW,"$16,000",528 i xDrive,2016,"120,000 mi.",Gasoline,A/T,240.0HP 2.0L 4 Cylinder Engine Gasoline Fuel,None reported
Cadillac,"$29,500",Escalade ESV Platinum,2016,"168,600 mi.",Gasoline,8-Speed A/T,420.0HP 6.2L 8 Cylinder Engine Gasoline Fuel,None reported
Chevrolet,"$25,900",Corvette Base,2004,"43,705 mi.",Gasoline,6-Speed M/T,350.0HP 5.7L 8 Cylinder Engine Gasoline Fuel,None reported
Audi,"$11,500",A5 2.0T Premium,2013,"111,000 mi.",Gasoline,Transmission w/Dual Shift Mode,211.0HP 2.0L 4 Cylinder Engine Gasoline Fuel,None reported
Audi,"$17,000",TT 2.0T Premium,2012,"64,549 mi.",Gasoline,Transmission w/Dual Shift Mode,211.0HP 2.0L 4 Cylinder Engine Gasoline Fuel,None reported
Buick,"$6,500",LaCrosse CX,2007,"53,000 mi.",Gasoline,4-Speed A/T,200.0HP 3.8L V6 Cylinder Engine Gasoline Fuel,None reported
Chevrolet,"$44,900",Camaro 2SS,2017,"13,465 mi.",Gasoline,8-Speed A/T,455.0HP 6.2L 8 Cylinder Engine Gasoline Fuel,None reported
Tesla,"$52,000",Model Y Long Range,2023,"5,844 mi.",,A/T,425.0HP Electric Motor Electric Fuel System,None reported
BMW,"$40,000",M3 Base,2015,"74,000 mi.",Gasoline,M/T,425.0HP 3.0L Straight 6 Cylinder Engine Gasoline Fuel,None reported
Kia,"$6,900",Optima LX,2011,"100,331 mi.",Gasoline,A/T,200.0HP 2.4L 4 Cylinder Engine Gasoline Fuel,At least 1 accident or damage reported
Toyota,"$53,568",Supra 3.0 Premium,2022,"24,850 mi.",Gasoline,A/T,382.0HP 3.0L Straight 6 Cylinder Engine Gasoline Fuel,None reported
Lincoln,"$43,860",Nautilus Reserve,2021,"17,467 mi.",Gasoline,8-Speed Automatic,2.0L I4 16V GDI DOHC Turbo,None reported
Nissan,"$11,995",Pathfinder SL,2015,"115,000 mi.",Gasoline,A/T,260.0HP 3.5L V6 Cylinder Engine Gasoline Fuel,None reported
BMW,"$26,500",X5 xDrive50i,2015,"72,000 mi.",Gasoline,Transmission w/Dual Shift Mode,445.0HP 4.4L 8 Cylinder Engine Gasoline Fuel,At least 1 accident or damage reported
Mazda,"$6,500",MazdaSpeed3 Grand Touring,2008,"162,000 mi.",Gasoline,6-Speed M/T,263.0HP 2.3L 4 Cylinder Engine Gasoline Fuel,At least 1 accident or damage reported
GMC,"$45,500",Yukon XL SLT,2017,"47,589 mi.",Gasoline,A/T,355.0HP 5.3L 8 Cylinder Engine Gasoline Fuel,None reported
Toyota,"$41,999",bZ4X Limited,2023,"6,548 mi.",,Automatic,Electric,None reported
RAM,"$36,990",ProMaster 2500 High Roof,2018,"10,339 mi.",Gasoline,6-Speed A/T,280.0HP 3.6L V6 Cylinder Engine Gasoline Fuel,None reported
RAM,"$35,113",1500 Classic SLT,2021,"32,092 mi.",Gasoline,8-Speed Automatic,3.6L V6 24V MPFI DOHC,None reported
Lexus,"$23,998",GS 350 Base,2014,"85,275 mi.",Gasoline,Automatic,3.5 Liter,At least 1 accident or damage reported
Hyundai,"$10,990",Tucson Limited,2016,"138,000 mi.",Gasoline,7-Speed A/T,175.0HP 1.6L 4 Cylinder Engine Gasoline Fuel,None reported
Chevrolet,"$16,999",SSR Base,2003,"87,500 mi.",Gasoline,A/T,300.0HP 5.3L 8 Cylinder Engine Gasoline Fuel,None reported
Maserati,"$38,900",GranTurismo Base,2013,"34,920 mi.",Gasoline,6-Speed A/T,440.0HP 4.7L 8 Cylinder Engine Gasoline Fuel,None reported
Tesla,"$65,999",Model X Performance,2020,"27,224 mi.",,1-Speed Automatic,Electric,None reported
BMW,"$52,000",M2 Base,2018,"25,000 mi.",Gasoline,7-Speed A/T,365.0HP 3.0L Straight 6 Cylinder Engine Gasoline Fuel,None reported
Tesla,"$48,500",Model Y Long Range,2021,"14,642 mi.",,A/T,425.0HP Electric Motor Electric Fuel System,None reported
Subaru,"$13,999",Outback 2.5i Limited,2015,"162,000 mi.",Gasoline,CVT Transmission,175.0HP 2.5L 4 Cylinder Engine Gasoline Fuel,None reported
Buick,"$16,999",Roadmaster Estate,1996,"119,500 mi.",Gasoline,4-Speed A/T,260.0HP 5.7L 8 Cylinder Engine Gasoline Fuel,At least 1 accident or damage reported
Land,"$36,500",Rover Range Rover 5.0L Supercharged,2017,"101,800 mi.",Gasoline,A/T,510.0HP 5.0L 8 Cylinder Engine Gasoline Fuel,None reported
Ford,"$42,691",Expedition Max XLT,2021,"84,351 mi.",Gasoline,10-Speed Automatic,3.5L V6 24V PDI DOHC Twin Turbo,None reported
Nissan,"$6,700",Leaf SL,2012,"26,930 mi.",,1-Speed A/T,107.0HP Electric Motor Electric Fuel System,None reported
Toyota,"$42,886",Tacoma TRD Pro,2019,"40,698 mi.",Gasoline,6-Speed,3.5L V6 24V PDI DOHC,None reported
Mercedes-Benz,"$112,500",AMG GT 63 S 4-Door,2020,"40,000 mi.",Gasoline,9-Speed A/T,630.0HP 4.0L 8 Cylinder Engine Gasoline Fuel,None reported
BMW,"$29,000",230 i,2019,"30,000 mi.",Gasoline,8-Speed A/T,248.0HP 2.0L 4 Cylinder Engine Gasoline Fuel,At least 1 accident or damage reported
Lexus,"$10,600",ES 350 Base,2007,"78,980 mi.",Gasoline,6-Speed A/T,272.0HP 3.5L V6 Cylinder Engine Gasoline Fuel,At least 1 accident or damage reported
Porsche,"$69,995",911 Carrera S Cabriolet,2007,"28,844 mi.",Gasoline,6-Speed Manual,3.8L H6 24V MPFI DOHC,
Porsche,"$96,900",Taycan Turbo,2020,"21,028 mi.",,Single-Speed Fixed Gear,Dual AC Electric Motors,None reported
Maserati,"$88,950",Levante Modena,2023,"5,409 mi.",Gasoline,8-Speed Automatic,3.0L V6 24V GDI DOHC Twin Turbo,None reported
Dodge,"$69,900",Challenger SRT Hellcat,2020,"12,700 mi.",Gasoline,8-Speed A/T,717.0HP 6.2L 8 Cylinder Engine Gasoline Fuel,At least 1 accident or damage reported
Mazda,"$25,900",Mazda6 Touring,2021,"19,000 mi.",Gasoline,A/T,187.0HP 2.5L 4 Cylinder Engine Gasoline Fuel,
Audi,"$48,000",S4 3.0T Premium,2019,"12,000 mi.",Gasoline,A/T,349.0HP 3.0L V6 Cylinder Engine Gasoline Fuel,None reported
Ford,"$33,900",Mustang GT Premium,2016,"25,717 mi.",Gasoline,6-Speed M/T,435.0HP 5.0L 8 Cylinder Engine Gasoline Fuel,None reported
Tesla,"$44,400",Model Y Long Range,2022,"12,055 mi.",,A/T,425.0HP Electric Motor Electric Fuel System,None reported
Audi,"$23,000",TTS 2.0T Premium Plus,2011,"69,700 mi.",Gasoline,6-Speed A/T,265.0HP 2.0L 4 Cylinder Engine Gasoline Fuel,At least 1 accident or damage reported
BMW,"$55,000",M2 Competition,2020,"25,013 mi.",Gasoline,7-Speed A/T,405.0HP 3.0L Straight 6 Cylinder Engine Gasoline Fuel,None reported
Audi,"$54,900",Q4 e-tron Sportback Premium,2023,"1,156 mi.",,A/T,295.0HP Electric Motor Electric Fuel System,None reported
BMW,"$27,500",740 i,2016,"57,939 mi.",Gasoline,8-Speed A/T,320.0HP 3.0L Straight 6 Cylinder Engine Gasoline Fuel,None reported
Mercedes-Benz,"$49,999",AMG GLE 43 Coupe 4MATIC,2018,"52,694 mi.",Gasoline,Transmission w/Dual Shift Mode,385.0HP 3.0L V6 Cylinder Engine Gasoline Fuel,None reported
Mercedes-Benz,"$37,000",S-Class S 550 4MATIC,2015,"54,000 mi.",Gasoline,7-Speed A/T,449.0HP 4.7L 8 Cylinder Engine Gasoline Fuel,None reported
Honda,"$27,000",S2000 Base,2002,"110,500 mi.",Gasoline,6-Speed M/T,240.0HP 2.0L 4 Cylinder Engine Gasoline Fuel,None reported
Chevrolet,"$10,000",Corvette Base,2000,"97,500 mi.",Gasoline,6-Speed M/T,345.0HP 5.7L 8 Cylinder Engine Gasoline Fuel,None reported
Chevrolet,"$35,387",Colorado Z71,2020,"20,909 mi.",Gasoline,Automatic,3.6L V6 24V GDI DOHC,None reported
Mercedes-Benz,"$40,000",S-Class S 63 AMG,2013,"77,648 mi.",Gasoline,7-Speed A/T,536.0HP 5.5L 8 Cylinder Engine Gasoline Fuel,None reported
Bentley,"$64,000",Continental GTC Base,2013,"79,422 mi.",Gasoline,8-Speed A/T,616.0HP 6.0L 12 Cylinder Engine Gasoline Fuel,None reported
GMC,"$16,900",Sierra 2500 SLE H/D Extended Cab,2002,"53,850 mi.",Gasoline,A/T,340.0HP 8.1L 8 Cylinder Engine Gasoline Fuel,At least 1 accident or damage reported
Audi,"$42,000",SQ5 3.0T Premium,2020,"21,832 mi.",Gasoline,8-Speed A/T,349.0HP 3.0L V6 Cylinder Engine Gasoline Fuel,None reported
Toyota,"$18,700",Corolla iM Base,2017,"41,932 mi.",Gasoline,6-Speed M/T,137.0HP 1.8L 4 Cylinder Engine Gasoline Fuel,None reported
GMC,"$34,999",Yukon XL SLT,2017,"110,000 mi.",Gasoline,A/T,355.0HP 5.3L 8 Cylinder Engine Gasoline Fuel,At least 1 accident or damage reported
Toyota,"$47,500",Tundra 1794,2020,"67,400 mi.",Gasoline,A/T,381.0HP 5.7L 8 Cylinder Engine Gasoline Fuel,None reported
Subaru,"$24,000",WRX Premium,2017,"62,662 mi.",Gasoline,M/T,268.0HP 2.0L 4 Cylinder Engine Gasoline Fuel,At least 1 accident or damage reported
Subaru,"$18,000",WRX Base,2015,"102,000 mi.",Gasoline,M/T,268.0HP 2.0L 4 Cylinder Engine Gasoline Fuel,At least 1 accident or damage reported
INFINITI,"$16,488",Q50 Premium,2014,"79,785 mi.",Gasoline,7-Speed A/T,328.0HP 3.7L V6 Cylinder Engine Gasoline Fuel,At least 1 accident or damage reported
Chevrolet,"$24,950",Suburban Premier,2017,"166,549 mi.",Gasoline,6-Speed A/T,355.0HP 5.3L 8 Cylinder Engine Gasoline Fuel,At least 1 accident or damage reported
Toyota,"$8,900",Sequoia Limited,2006,"190,656 mi.",Gasoline,A/T,273.0HP 4.7L 8 Cylinder Engine Gasoline Fuel,At least 1 accident or damage reported
Dodge,"$37,500",Challenger R/T Scat Pack,2016,"7,928 mi.",–,6-Speed M/T,–,None reported
Porsche,"$15,000",Cayenne GTS,2009,"135,606 mi.",Gasoline,Transmission w/Dual Shift Mode,405.0HP 4.8L 8 Cylinder Engine Gasoline Fuel,None reported
Kia,"$39,900",Telluride S,2023,"14,700 mi.",Gasoline,8-Speed A/T,291.0HP 3.8L V6 Cylinder Engine Gasoline Fuel,None reported
Mercedes-Benz,"$96,000",AMG E 63 S 4MATIC,2019,"12,985 mi.",Gasoline,9-Speed A/T,603.0HP 4.0L 8 Cylinder Engine Gasoline Fuel,At least 1 accident or damage reported
BMW,"$64,995",Z4 sDrive35is,2014,"4,200 mi.",Gasoline,Transmission w/Dual Shift Mode,335.0HP 3.0L Straight 6 Cylinder Engine Gasoline Fuel,None reported
Subaru,"$23,500",Impreza 2.0i Sport,2017,"44,000 mi.",Gasoline,5-Speed M/T,152.0HP 2.0L 4 Cylinder Engine Gasoline Fuel,None reported
Dodge,"$12,000",Dart SE,2015,"66,000 mi.",Gasoline,6-Speed M/T,160.0HP 2.0L 4 Cylinder Engine Gasoline Fuel,None reported
Land,"$89,900",Rover Range Rover P525 Westminster,2021,"17,945 mi.",Gasoline,8-Speed Automatic,5.0L V8 32V GDI DOHC Supercharged,None reported
Nissan,"$17,500",370Z Base,2013,"106,700 mi.",Gasoline,6-Speed M/T,332.0HP 3.7L V6 Cylinder Engine Gasoline Fuel,None reported
Cadillac,"$55,000",Escalade ESV Luxury,2020,"120,000 mi.",Gasoline,10-Speed A/T,420.0HP 6.2L 8 Cylinder Engine Gasoline Fuel,None reported
Mercedes-Benz,"$19,900",E-Class E 350,2012,"59,600 mi.",Gasoline,Transmission w/Dual Shift Mode,302.0HP 3.5L V6 Cylinder Engine Gasoline Fuel,None reported
Kia,"$8,900",Optima Hybrid EX,2012,"117,220 mi.",Hybrid,A/T,206.0HP 2.4L 4 Cylinder Engine Gas/Electric Hybrid,None reported
Chevrolet,"$67,500",Silverado 3500 LTZ,2022,"85,200 mi.",Diesel,10-Speed A/T,445.0HP 6.6L 8 Cylinder Engine Diesel Fuel,None reported
Volkswagen,"$24,325",Golf GTI 2.0T SE 4-Door,2018,"63,450 mi.",Gasoline,6-Speed M/T,220.0HP 2.0L 4 Cylinder Engine Gasoline Fuel,None reported
Dodge,"$22,500",Ram 1500 SRT-10,2004,"73,000 mi.",Gasoline,6-Speed M/T,500.0HP 8.3L 10 Cylinder Engine Gasoline Fuel,None reported
Scion,"$11,495",tC Anniversary Edition,2014,"115,000 mi.",Gasoline,6-Speed M/T,179.0HP 2.5L 4 Cylinder Engine Gasoline Fuel,None reported
Land,"$49,900",Rover Range Rover 5.0L Supercharged Autobiography,2016,"56,000 mi.",Gasoline,8-Speed A/T,510.0HP 5.0L 8 Cylinder Engine Gasoline Fuel,None reported
Lexus,"$40,900",LS 500 Base,2018,"67,296 mi.",Gasoline,"Automatic, 10-Spd","3.5L V-6 port/direct injection, DOHC, VVT-iE/VVT-i variable valv",None reported
Chevrolet,"$16,000",Suburban 1500 LT,2015,"179,200 mi.",Gasoline,6-Speed A/T,355.0HP 5.3L 8 Cylinder Engine Gasoline Fuel,At least 1 accident or damage reported
Maserati,"$44,999",GranTurismo Base,2015,"28,000 mi.",Gasoline,6-Speed A/T,444.0HP 4.7L 8 Cylinder Engine Gasoline Fuel,None reported
Porsche,"$55,000",911 Carrera Turbo,2003,"155,000 mi.",Gasoline,6-Speed M/T,415.0HP 3.6L Flat 6 Cylinder Engine Gasoline Fuel,None reported
Hyundai,"$8,500",Sonata Hybrid Base,2012,"154,000 mi.",Hybrid,A/T,206.0HP 2.4L 4 Cylinder Engine Gas/Electric Hybrid,At least 1 accident or damage reported
Cadillac,"$18,955",CTS Luxury,2012,"62,500 mi.",Gasoline,6-Speed A/T,270.0HP 3.0L V6 Cylinder Engine Gasoline Fuel,At least 1 accident or damage reported
BMW,"$2,500",323 Ci,2000,"177,700 mi.",Gasoline,5-Speed A/T,170.0HP 2.5L Straight 6 Cylinder Engine Gasoline Fuel,None reported
Tesla,"$26,000",Model 3 Standard Range Plus,2019,"83,700 mi.",,A/T,Electric Motor Electric Fuel System,At least 1 accident or damage reported
Chevrolet,"$6,500",1500 Cheyenne Extended Cab,1995,"120,000 mi.",–,4-Speed A/T,–,At least 1 accident or damage reported
Nissan,"$21,500",370Z Touring,2012,"65,000 mi.",Gasoline,6-Speed M/T,332.0HP 3.7L V6 Cylinder Engine Gasoline Fuel,None reported
Mercedes-Benz,"$38,598",GLS 450 Base 4MATIC,2018,"62,808 mi.",Gasoline,Automatic,3.0 Liter DOHC Twin Turbo,At least 1 accident or damage reported
Ford,"$49,500",Mustang GT Premium,2021,"3,000 mi.",Gasoline,6-Speed M/T,460.0HP 5.0L 8 Cylinder Engine Gasoline Fuel,None reported
Audi,"$12,000",Q5 2.0T Premium,2012,"119,000 mi.",Gasoline,A/T,211.0HP 2.0L 4 Cylinder Engine Gasoline Fuel,None reported
RAM,"$25,000",2500 Big Horn,2013,"198,868 mi.",Diesel,6-Speed A/T,350.0HP 6.7L Straight 6 Cylinder Engine Diesel Fuel,None reported
Dodge,"$8,500",Ram 1500 ST,2011,"188,000 mi.",Gasoline,A/T,210.0HP 3.7L V6 Cylinder Engine Gasoline Fuel,At least 1 accident or damage reported
Mercedes-Benz,"$10,750",C-Class C 300 4MATIC Sport,2013,"157,405 mi.",Gasoline,A/T,248.0HP 3.5L V6 Cylinder Engine Gasoline Fuel,None reported
Dodge,"$62,500",Challenger SRT Hellcat,2016,"8,228 mi.",Gasoline,8-Speed A/T,707.0HP 6.2L 8 Cylinder Engine Gasoline Fuel,None reported
Land,"$42,950",Rover Range Rover 3.0L Supercharged HSE,2018,"73,101 mi.",Gasoline,A/T,380.0HP 3.0L V6 Cylinder Engine Gasoline Fuel,None reported
BMW,"$60,995",M4 Base,2018,"10,950 mi.",Gasoline,6-Speed M/T,425.0HP 3.0L Straight 6 Cylinder Engine Gasoline Fuel,None reported
Mercedes-Benz,"$47,000",S-Class S 560 4MATIC,2018,"63,160 mi.",Gasoline,A/T,463.0HP 4.0L 8 Cylinder Engine Gasoline Fuel,At least 1 accident or damage reported
Land,"$68,900",Rover Range Rover 5.0L V8 Supercharged,2019,"31,866 mi.",Gasoline,"Automatic, 8-Spd","5L V-8 gasoline direct injection, DOHC, variable valve control,",None reported
Chevrolet,"$18,900",Express 3500 Base,2009,"75,000 mi.",Gasoline,A/T,319.0HP 6.0L 8 Cylinder Engine Gasoline Fuel,None reported
Toyota,"$36,000",4Runner TRD Pro,2016,"98,000 mi.",Gasoline,A/T,270.0HP 4.0L V6 Cylinder Engine Gasoline Fuel,At least 1 accident or damage reported
Mazda,"$18,900",MX-5 Miata Grand Touring,2012,"33,576 mi.",Gasoline,6-Speed M/T,167.0HP 2.0L 4 Cylinder Engine Gasoline Fuel,None reported
Volkswagen,"$12,449",Touareg VR6 Lux,2012,"123,200 mi.",Gasoline,A/T,280.0HP 3.6L V6 Cylinder Engine Gasoline Fuel,At least 1 accident or damage reported
Jaguar,"$8,800",XJ Base,2013,"112,000 mi.",Gasoline,A/T,340.0HP 3.0L V6 Cylinder Engine Gasoline Fuel,None reported
Chevrolet,"$19,500",Camaro 2SS,2010,"68,000 mi.",Gasoline,6-Speed A/T,426.0HP 6.2L 8 Cylinder Engine Gasoline Fuel,At least 1 accident or damage reported
INFINITI,"$14,500",G37 x,2012,"120,000 mi.",Gasoline,Transmission w/Dual Shift Mode,328.0HP 3.7L V6 Cylinder Engine Gasoline Fuel,At least 1 accident or damage reported
BMW,"$46,999",X6 xDrive50i,2019,"45,000 mi.",Gasoline,8-Speed A/T,445.0HP 4.4L 8 Cylinder Engine Gasoline Fuel,At least 1 accident or damage reported
Chevrolet,"$39,500",Camaro LT1,2022,"6,700 mi.",Gasoline,10-Speed A/T,455.0HP 6.2L 8 Cylinder Engine Gasoline Fuel,None reported
Porsche,"$108,900",Taycan Base,2021,"6,785 mi.",,2-Speed Automatic,Electric,None reported
Mercedes-Benz,"$59,750",S-Class S 63 AMG,2015,"40,900 mi.",Gasoline,7-Speed A/T,577.0HP 5.5L 8 Cylinder Engine Gasoline Fuel,None reported
Cadillac,"$45,000",Escalade ESV Premium Luxury,2018,"74,150 mi.",Gasoline,10-Speed A/T,420.0HP 6.2L 8 Cylinder Engine Gasoline Fuel,None reported
Toyota,"$15,999",Camry Hybrid XLE,2014,"94,448 mi.",Hybrid,A/T,200.0HP 2.5L 4 Cylinder Engine Gas/Electric Hybrid,None reported
Audi,"$19,998",A6 3.0T Prestige,2015,"108,000 mi.",Gasoline,Transmission w/Dual Shift Mode,310.0HP 3.0L V6 Cylinder Engine Gasoline Fuel,None reported
BMW,"$17,000",X5 M Base,2012,"118,000 mi.",Gasoline,Transmission w/Dual Shift Mode,555.0HP 4.4L 8 Cylinder Engine Gasoline Fuel,At least 1 accident or damage reported
Jaguar,"$57,500",F-PACE SVR,2020,"38,800 mi.",Gasoline,Transmission w/Dual Shift Mode,550.0HP 5.0L 8 Cylinder Engine Gasoline Fuel,None reported
BMW,"$40,000",740 i,2017,"55,000 mi.",Gasoline,Transmission w/Dual Shift Mode,320.0HP 3.0L Straight 6 Cylinder Engine Gasoline Fuel,None reported
BMW,"$49,999",M340 i xDrive,2021,"34,967 mi.",Hybrid,8-Speed A/T,382.0HP 3.0L Straight 6 Cylinder Engine Gasoline/Mild Electric Hybrid,At least 1 accident or damage reported
Jeep,"$30,000",Wrangler Unlimited Sport,2016,"85,325 mi.",Gasoline,5-Speed A/T,285.0HP 3.6L V6 Cylinder Engine Gasoline Fuel,None reported
RAM,"$36,000",2500 Tradesman,2018,"63,750 mi.",Gasoline,6-Speed A/T,410.0HP 6.4L 8 Cylinder Engine Gasoline Fuel,None reported
Ford,"$19,999",Mustang V6,2016,"87,248 mi.",Gasoline,6-Speed A/T,300.0HP 3.7L V6 Cylinder Engine Gasoline Fuel,None reported
BMW,"$15,900",328 i,1997,"206,000 mi.",Gasoline,5-Speed M/T,190.0HP 2.8L Straight 6 Cylinder Engine Gasoline Fuel,At least 1 accident or damage reported
Mercedes-Benz,"$11,999",GL-Class GL 450,2011,"112,854 mi.",Gasoline,7-Speed A/T,335.0HP 4.7L 8 Cylinder Engine Gasoline Fuel,None reported
Rivian,"$96,850",R1S Adventure Package,2023,"1,150 mi.",,A/T,835.0HP Electric Motor Electric Fuel System,None reported
Tesla,"$48,000",Model Y Long Range,2023,"10,000 mi.",,A/T,425.0HP Electric Motor Electric Fuel System,None reported
Mercedes-Benz,"$53,000",E-Class E 350,2022,"14,100 mi.",Gasoline,9-Speed A/T,255.0HP 2.0L 4 Cylinder Engine Gasoline Fuel,None reported
BMW,"$85,495",X7 xDrive40i,2023,"14,360 mi.",Hybrid,8-Speed A/T,375.0HP 3.0L Straight 6 Cylinder Engine Gasoline/Mild Electric Hybrid,None reported
Chevrolet,"$32,000",Trailblazer RS,2023,"10,000 mi.",Gasoline,9-Speed A/T,155.0HP 1.3L 3 Cylinder Engine Gasoline Fuel,None reported
Chevrolet,"$20,000",Suburban 1500 LTZ,2015,"217,500 mi.",Gasoline,A/T,355.0HP 5.3L 8 Cylinder Engine Gasoline Fuel,None reported
Chevrolet,"$60,995",Suburban Premier,2021,"73,846 mi.",Gasoline,10-Speed Automatic,5.3L V8 16V GDI OHV,None reported
Jeep,"$45,000",Gladiator Overland,2020,"40,000 mi.",Gasoline,Transmission w/Dual Shift Mode,285.0HP 3.6L V6 Cylinder Engine Gasoline Fuel,None reported
GMC,"$82,000",Yukon XL AT4,2023,"9,980 mi.",Gasoline,10-Speed A/T,355.0HP 5.3L 8 Cylinder Engine Gasoline Fuel,None reported
Mazda,"$24,995",Mazda6 Grand Touring Reserve,2019,"41,997 mi.",Gasoline,6-Speed A/T,227.0HP 2.5L 4 Cylinder Engine Gasoline Fuel,None reported
Alfa,"$39,000",Romeo Giulia Ti,2021,"2,000 mi.",Gasoline,8-Speed A/T,280.0HP 2.0L 4 Cylinder Engine Gasoline Fuel,None reported
Mercedes-Benz,"$22,999",CLA-Class CLA 250,2016,"42,750 mi.",Gasoline,Transmission w/Dual Shift Mode,208.0HP 2.0L 4 Cylinder Engine Gasoline Fuel,At least 1 accident or damage reported
BMW,"$31,698",330 330i xDrive,2019,"19,473 mi.",Gasoline,Automatic,Intercooled Turbo Premium Unleaded I-4 2.0 L/122,None reported
Volkswagen,"$23,000",Beetle 2.0T S,2019,"35,340 mi.",Gasoline,A/T,174.0HP 2.0L 4 Cylinder Engine Gasoline Fuel,None reported
Mercedes-Benz,"$12,000",CLK-Class CLK 350,2008,"93,000 mi.",Gasoline,7-Speed A/T,268.0HP 3.5L V6 Cylinder Engine Gasoline Fuel,At least 1 accident or damage reported
Audi,"$47,995",RS 7 4.0T Prestige,2014,"66,150 mi.",Gasoline,8-Speed A/T,560.0HP 4.0L 8 Cylinder Engine Gasoline Fuel,At least 1 accident or damage reported
Volvo,"$54,599",XC60 Recharge Plug-In Hybrid T8 Inscription,2022,"19,352 mi.",Plug-In Hybrid,8-Speed A/T,455.0HP 2.0L 4 Cylinder Engine Plug-In Electric/Gas,None reported
Land,"$64,800",Rover Range Rover Supercharged LWB,2020,"81,000 mi.",Gasoline,A/T,518.0HP 5.0L 8 Cylinder Engine Gasoline Fuel,None reported
Toyota,"$16,000",Sequoia Limited,2011,"183,000 mi.",Gasoline,6-Speed A/T,381.0HP 5.7L 8 Cylinder Engine Gasoline Fuel,None reported
Jeep,"$24,999",Wrangler X,2004,"44,000 mi.",Gasoline,M/T,190.0HP 4.0L Straight 6 Cylinder Engine Gasoline Fuel,At least 1 accident or damage reported
Audi,"$51,800",S5 3.0T Premium,2021,"18,100 mi.",Gasoline,8-Speed A/T,349.0HP 3.0L V6 Cylinder Engine Gasoline Fuel,None reported
Land,"$20,000",Rover Range Rover Sport Supercharged,2011,"40,000 mi.",Gasoline,Transmission w/Dual Shift Mode,510.0HP 5.0L 8 Cylinder Engine Gasoline Fuel,At least 1 accident or damage reported
Mercedes-Benz,"$31,999",Sprinter 2500,2011,"120,000 mi.",Diesel,5-Speed A/T,188.0HP 3.0L V6 Cylinder Engine Diesel Fuel,None reported
Toyota,"$84,997",Sequoia Platinum,2023,325 mi.,Hybrid,10-Speed A/T,437.0HP 3.4L V6 Cylinder Engine Gas/Electric Hybrid,None reported
Maserati,"$39,100",Quattroporte S GranLusso,2017,"55,000 mi.",Gasoline,A/T,405.0HP 3.0L V6 Cylinder Engine Gasoline Fuel,None reported
Toyota,"$7,500",Land Cruiser Base,1996,"233,000 mi.",–,A/T,–,None reported
Lamborghini,"$749,950",Aventador SVJ Base,2021,"6,987 mi.",Gasoline,7-Speed,6.5L V12 48V MPFI DOHC,None reported
Ford,"$44,999",Mustang Bullitt,2019,"48,500 mi.",Gasoline,6-Speed M/T,480.0HP 5.0L 8 Cylinder Engine Gasoline Fuel,At least 1 accident or damage reported
RAM,"$50,000",2500 Tradesman,2018,"52,000 mi.",Diesel,6-Speed A/T,350.0HP 6.7L Straight 6 Cylinder Engine Diesel Fuel,None reported
Toyota,"$17,900",FJ Cruiser Base,2007,"179,000 mi.",Gasoline,A/T,239.0HP 4.0L V6 Cylinder Engine Gasoline Fuel,At least 1 accident or damage reported
Dodge,"$42,000",Charger Scat Pack,2019,"42,626 mi.",Gasoline,8-Speed A/T,485.0HP 6.4L 8 Cylinder Engine Gasoline Fuel,None reported
Lexus,"$34,700",GX 460 Base,2018,"65,900 mi.",Gasoline,Transmission w/Dual Shift Mode,301.0HP 4.6L 8 Cylinder Engine Gasoline Fuel,At least 1 accident or damage reported
Genesis,"$54,543",GV80 2.5T,2022,"7,523 mi.",Gasoline,8-Speed Automatic,2.5L I4 16V PDI DOHC Turbo,None reported
Jaguar,"$59,598",F-PACE 30t R-Sport,2019,"34,365 mi.",Gasoline,Automatic,2.0 Liter,None reported
Kia,"$24,995",Sportage S,2021,"16,949 mi.",Gasoline,6-Speed Automatic,2.4L I4 16V GDI DOHC,None reported
Mercedes-Benz,"$104,999",S-Class S 580 4MATIC,2022,"7,968 mi.",Hybrid,9-Speed A/T,496.0HP 4.0L 8 Cylinder Engine Gasoline/Mild Electric Hybrid,None reported
Porsche,"$57,500",Panamera Base,2018,"61,000 mi.",Gasoline,Transmission w/Dual Shift Mode,330.0HP 3.0L V6 Cylinder Engine Gasoline Fuel,None reported
INFINITI,"$23,105",QX80 Base,2018,"100,564 mi.",Gasoline,7-Speed Automatic,5.6L V8 32V GDI DOHC,None reported
Ford,"$39,500",Maverick Lariat,2022,"13,700 mi.",Hybrid,CVT Transmission,191.0HP 2.5L 4 Cylinder Engine Gas/Electric Hybrid,None reported
Kia,"$42,242",Telluride SX,2021,"38,612 mi.",Gasoline,8-Speed Automatic,3.8L V6 24V GDI DOHC,None reported
Chevrolet,"$7,995",Colorado Z85,2005,"155,000 mi.",Gasoline,A/T,220.0HP 3.5L 5 Cylinder Engine Gasoline Fuel,At least 1 accident or damage reported
Mercedes-Benz,"$35,750",E-Class E 550,2017,"56,000 mi.",Gasoline,Transmission w/Dual Shift Mode,402.0HP 4.7L 8 Cylinder Engine Gasoline Fuel,None reported
Land,"$114,900",Rover Range Rover Sport SVR,2022,"15,107 mi.",Gasoline,8-Speed Automatic,5.0L V8 32V GDI DOHC Supercharged,None reported
Toyota,"$22,945",Corolla Hybrid LE,2022,"44,459 mi.",Hybrid,A/T,121.0HP 1.8L 4 Cylinder Engine Gas/Electric Hybrid,None reported
Mercedes-Benz,"$38,000",E-Class E 300 4MATIC,2017,"31,000 mi.",Gasoline,A/T,241.0HP 2.0L 4 Cylinder Engine Gasoline Fuel,At least 1 accident or damage reported
Mercedes-Benz,"$22,222",SLK-Class SLK 350,2012,"44,000 mi.",Gasoline,Transmission w/Dual Shift Mode,302.0HP 3.5L V6 Cylinder Engine Gasoline Fuel,At least 1 accident or damage reported
Mercedes-Benz,"$47,645",E-Class E 400 4MATIC,2018,"22,558 mi.",Gasoline,9-Speed Automatic,3.0L V6 24V GDI DOHC Twin Turbo,None reported
Jeep,"$14,250",Wrangler X,2003,"116,157 mi.",Gasoline,4-Speed A/T,210.0HP 4.0L Straight 6 Cylinder Engine Gasoline Fuel,None reported
Lincoln,"$50,000",Navigator Premiere,2018,"23,500 mi.",Gasoline,10-Speed A/T,450.0HP 3.5L V6 Cylinder Engine Gasoline Fuel,At least 1 accident or damage reported
Chevrolet,"$31,000",Corvette Base,2008,"28,150 mi.",Gasoline,Transmission w/Dual Shift Mode,430.0HP 6.2L 8 Cylinder Engine Gasoline Fuel,None reported
GMC,"$29,500",Yukon XL Denali,2016,"137,500 mi.",Gasoline,A/T,420.0HP 6.2L 8 Cylinder Engine Gasoline Fuel,At least 1 accident or damage reported
Mercedes-Benz,"$157,500",Metris Base,2021,"2,284 mi.",Gasoline,9-Speed Automatic,2.0L I4 16V GDI DOHC Turbo,None reported
Land,"$195,000",Rover Range Rover P530 SE LWB 7 Seat,2023,350 mi.,Gasoline,Transmission w/Dual Shift Mode,523.0HP 4.4L 8 Cylinder Engine Gasoline Fuel,None reported
Ford,"$13,000",Explorer XLT,2017,"169,000 mi.",E85 Flex Fuel,A/T,290.0HP 3.5L V6 Cylinder Engine Flex Fuel Capability,None reported
Ferrari,"$243,900",488 GTB Base,2018,"17,761 mi.",Gasoline,7-Speed Automatic with Auto-Shift,3.9L V8 32V GDI DOHC Twin Turbo,None reported
Chevrolet,"$30,000",Camaro 2SS,2010,"8,949 mi.",Gasoline,M/T,426.0HP 6.2L 8 Cylinder Engine Gasoline Fuel,None reported
BMW,"$66,000",750 i xDrive,2020,"25,108 mi.",Gasoline,8-Speed A/T,523.0HP 4.4L 8 Cylinder Engine Gasoline Fuel,
Land,"$33,999",Rover Range Rover 3.0L Supercharged HSE,2016,"103,000 mi.",Gasoline,Transmission w/Dual Shift Mode,380.0HP 3.0L V6 Cylinder Engine Gasoline Fuel,None reported
Porsche,"$32,000",911 Carrera 4 Cabriolet,2003,"87,600 mi.",Gasoline,Transmission w/Dual Shift Mode,315.0HP 3.6L Flat 6 Cylinder Engine Gasoline Fuel,At least 1 accident or damage reported
Maserati,"$279,000",MC20 Base,2022,"1,087 mi.",Gasoline,8-Speed Automatic with Auto-Shift,3.0L V6 24V PDI DOHC Twin Turbo,None reported
Mercedes-Benz,"$15,999",CLA-Class CLA 250,2015,"76,753 mi.",Gasoline,A/T,208.0HP 2.0L 4 Cylinder Engine Gasoline Fuel,At least 1 accident or damage reported
Mercedes-Benz,"$79,500",Metris Base,2019,"10,500 mi.",Gasoline,A/T,208.0HP 2.0L 4 Cylinder Engine Gasoline Fuel,None reported
Mercedes-Benz,"$9,250",E-Class E 350 4MATIC,2011,"199,000 mi.",Gasoline,7-Speed A/T,268.0HP 3.5L V6 Cylinder Engine Gasoline Fuel,None reported
Lexus,"$9,999",LS 460 L,2007,"127,980 mi.",Gasoline,8-Speed A/T,380.0HP 4.6L 8 Cylinder Engine Gasoline Fuel,None reported
BMW,"$71,400",X6 xDrive40i,2023,"16,307 mi.",Hybrid,A/T,335.0HP 3.0L Straight 6 Cylinder Engine Gasoline/Mild Electric Hybrid,None reported
Audi,"$57,900",S5 3.0T Prestige,2021,"13,566 mi.",Gasoline,1-Speed Automatic,3.0L,None reported
Audi,"$52,598",Q7 Premium Plus,2022,"22,588 mi.",Hybrid,Automatic,3.0 Liter TFSI,None reported
Jaguar,"$22,500",XE 25t,2019,"41,452 mi.",Gasoline,Transmission w/Dual Shift Mode,247.0HP 2.0L 4 Cylinder Engine Gasoline Fuel,At least 1 accident or damage reported
Genesis,"$32,990",G80 3.3T Sport,2019,"57,500 mi.",Gasoline,A/T,365.0HP 3.3L V6 Cylinder Engine Gasoline Fuel,None reported
BMW,"$70,000",M2 Competition,2020,500 mi.,Gasoline,7-Speed A/T,405.0HP 3.0L Straight 6 Cylinder Engine Gasoline Fuel,None reported
Subaru,"$30,000",Impreza WRX Premium,2014,"55,000 mi.",Gasoline,5-Speed M/T,265.0HP 2.5L 4 Cylinder Engine Gasoline Fuel,None reported
GMC,"$55,000",Sierra 2500 Base,2021,"8,210 mi.",Gasoline,A/T,401.0HP 6.6L 8 Cylinder Engine Gasoline Fuel,None reported
Lincoln,"$46,850",Nautilus Reserve,2021,"18,160 mi.",Gasoline,8-Speed Automatic,2.7L V6 24V GDI DOHC Twin Turbo,None reported
Jaguar,"$70,000",XF XFR-S,2013,"4,279 mi.",Gasoline,8-Speed A/T,550.0HP 5.0L 8 Cylinder Engine Gasoline Fuel,
Mercedes-Benz,"$54,995",Sprinter Normal Roof,2013,"39,748 mi.",Diesel,A/T,188.0HP 3.0L V6 Cylinder Engine Diesel Fuel,At least 1 accident or damage reported
Toyota,"$12,490",Land Cruiser Base,1998,"160,000 mi.",Gasoline,4-Speed A/T,230.0HP 4.7L 8 Cylinder Engine Gasoline Fuel,At least 1 accident or damage reported
Toyota,"$20,500",Tacoma PreRunner,2013,"65,000 mi.",Gasoline,A/T,159.0HP 2.7L 4 Cylinder Engine Gasoline Fuel,None reported
BMW,"$25,000",Z4 sDrive28i,2016,"59,000 mi.",Gasoline,8-Speed A/T,240.0HP 2.0L 4 Cylinder Engine Gasoline Fuel,None reported
BMW,"$47,000",530e Base,2022,"22,700 mi.",Plug-In Hybrid,A/T,288.0HP 2.0L 4 Cylinder Engine Plug-In Electric/Gas,None reported
Mercedes-Benz,"$20,900",GLA 250 Base 4MATIC,2018,"56,578 mi.",E85 Flex Fuel,7-Speed A/T,208.0HP 2.0L 4 Cylinder Engine Flex Fuel Capability,None reported
Hyundai,"$10,000",Genesis 4.6,2010,"153,332 mi.",Gasoline,Transmission w/Dual Shift Mode,378.0HP 4.6L 8 Cylinder Engine Gasoline Fuel,At least 1 accident or damage reported
Cadillac,"$17,999",ATS 3.6L Luxury,2013,"89,700 mi.",Gasoline,6-Speed A/T,321.0HP 3.6L V6 Cylinder Engine Gasoline Fuel,None reported
Lincoln,"$5,230",Town Car Signature,2002,"118,600 mi.",Gasoline,A/T,220.0HP 4.6L 8 Cylinder Engine Gasoline Fuel,At least 1 accident or damage reported
GMC,"$52,000",Sierra 1500 SLT,2021,"23,400 mi.",Gasoline,A/T,420.0HP 6.2L 8 Cylinder Engine Gasoline Fuel,None reported
Mercedes-Benz,"$29,000",Sprinter High Roof,2015,"110,000 mi.",Diesel,A/T,188.0HP 3.0L V6 Cylinder Engine Diesel Fuel,None reported
Jaguar,"$11,990",XJ Vanden Plas,2008,"87,888 mi.",Gasoline,6-Speed A/T,300.0HP 4.2L 8 Cylinder Engine Gasoline Fuel,None reported
Lexus,"$26,999",RC 350 Base,2015,"73,800 mi.",Gasoline,6-Speed Automatic,3.5L V6 24V PDI DOHC,None reported
Audi,"$21,500",S3 2.0T Premium Plus,2015,"78,124 mi.",Gasoline,6-Speed A/T,292.0HP 2.0L 4 Cylinder Engine Gasoline Fuel,None reported
Subaru,"$19,000",WRX Limited,2015,"91,000 mi.",Gasoline,6-Speed M/T,268.0HP 2.0L 4 Cylinder Engine Gasoline Fuel,At least 1 accident or damage reported
Dodge,"$10,700",Ram 2500 SLT Quad Cab,2003,"114,000 mi.",Gasoline,5-Speed A/T,345.0HP 5.7L 8 Cylinder Engine Gasoline Fuel,At least 1 accident or damage reported
Subaru,"$21,000",WRX Limited,2015,"76,000 mi.",Gasoline,6-Speed M/T,268.0HP 2.0L 4 Cylinder Engine Gasoline Fuel,None reported
Audi,"$30,000",RS 4 4.2 quattro L,2008,"146,500 mi.",Gasoline,6-Speed M/T,420.0HP 4.2L 8 Cylinder Engine Gasoline Fuel,At least 1 accident or damage reported
Porsche,"$53,999",911 Carrera,2007,"26,021 mi.",Gasoline,6-Speed M/T,325.0HP 3.6L Flat 6 Cylinder Engine Gasoline Fuel,None reported
Audi,"$17,200",A4 2.0T Premium Plus,2015,"73,000 mi.",E85 Flex Fuel,A/T,220.0HP 2.0L 4 Cylinder Engine Flex Fuel Capability,At least 1 accident or damage reported
Audi,"$8,700",A4 3.2 Premium Plus quattro,2009,"153,000 mi.",Gasoline,6-Speed A/T,265.0HP 3.2L V6 Cylinder Engine Gasoline Fuel,None reported
Ford,"$30,000",Excursion Limited,2003,"67,550 mi.",Diesel,5-Speed A/T,325.0HP 6.0L 8 Cylinder Engine Diesel Fuel,None reported
Ford,"$8,500",Excursion Limited,2004,"170,000 mi.",Gasoline,A/T,310.0HP 6.8L 10 Cylinder Engine Gasoline Fuel,None reported
Land,"$47,500",Rover Range Rover Sport 5.0L Supercharged Dynamic,2017,"53,000 mi.",Gasoline,Transmission w/Dual Shift Mode,510.0HP 5.0L 8 Cylinder Engine Gasoline Fuel,None reported
Audi,"$48,500",Q8 3.0T Prestige,2019,"54,900 mi.",Hybrid,A/T,335.0HP 3.0L V6 Cylinder Engine Gasoline/Mild Electric Hybrid,At least 1 accident or damage reported
BMW,"$24,000",X5 xDrive35i,2016,"89,000 mi.",Gasoline,8-Speed A/T,300.0HP 3.0L Straight 6 Cylinder Engine Gasoline Fuel,None reported
Ford,"$49,000",Bronco Base,2022,"6,200 mi.",Gasoline,7-Speed M/T,275.0HP 2.3L 4 Cylinder Engine Gasoline Fuel,None reported
Ford,"$42,388",F-150 XLT,2021,"51,808 mi.",Gasoline,10-Speed Automatic,5.0L V8 32V PDI DOHC,None reported
Hyundai,"$12,500",Genesis Coupe 3.8 Track,2013,"89,000 mi.",Gasoline,6-Speed M/T,344.0HP 3.8L V6 Cylinder Engine Gasoline Fuel,At least 1 accident or damage reported
Toyota,"$3,500",Camry LE,1999,"86,111 mi.",Gasoline,A/T,133.0HP 2.2L 4 Cylinder Engine Gasoline Fuel,At least 1 accident or damage reported
Mercedes-Benz,"$39,853",E-Class E 400 4MATIC,2018,"45,203 mi.",Gasoline,9-Speed Automatic,3.0L V6 24V GDI DOHC Twin Turbo,None reported
Audi,"$61,900",S5 3.0T Prestige,2022,"14,739 mi.",Gasoline,1-Speed Automatic,3.0L,None reported
Buick,"$17,550",Enclave Premium,2017,"139,105 mi.",Gasoline,6-Speed Automatic,3.6L V6 24V GDI DOHC,At least 1 accident or damage reported
Lamborghini,"$109,499",Gallardo LP560-4,2010,"45,014 mi.",Gasoline,6-Speed A/T,560.0HP 5.2L 10 Cylinder Engine Gasoline Fuel,None reported
Ford,"$18,500",Mustang GT Premium,2011,"101,000 mi.",Gasoline,6-Speed M/T,412.0HP 5.0L 8 Cylinder Engine Gasoline Fuel,None reported
GMC,"$30,000",Yukon XL SLT,2016,"93,000 mi.",Gasoline,A/T,355.0HP 5.3L 8 Cylinder Engine Gasoline Fuel,At least 1 accident or damage reported
Ford,"$16,000",Mustang V6 Premium,2013,"62,500 mi.",Gasoline,6-Speed M/T,305.0HP 3.7L V6 Cylinder Engine Gasoline Fuel,None reported
Lexus,"$29,000",IS-F Base,2008,"75,000 mi.",Gasoline,8-Speed A/T,416.0HP 5.0L 8 Cylinder Engine Gasoline Fuel,At least 1 accident or damage reported
BMW,"$28,000",435 i,2015,"34,455 mi.",Gasoline,8-Speed A/T,300.0HP 3.0L Straight 6 Cylinder Engine Gasoline Fuel,None reported
Land,"$15,500",Rover Range Rover Supercharged,2010,"130,000 mi.",Gasoline,A/T,510.0HP 5.0L 8 Cylinder Engine Gasoline Fuel,None reported
Mercedes-Benz,"$16,500",CLA-Class CLA 250,2014,"76,170 mi.",Gasoline,Transmission w/Dual Shift Mode,208.0HP 2.0L 4 Cylinder Engine Gasoline Fuel,At least 1 accident or damage reported
GMC,"$9,500",Yukon SLT,2010,"194,500 mi.",E85 Flex Fuel,6-Speed A/T,320.0HP 5.3L 8 Cylinder Engine Flex Fuel Capability,At least 1 accident or damage reported
BMW,"$5,699",535 i,2008,"135,000 mi.",Gasoline,A/T,300.0HP 3.0L Straight 6 Cylinder Engine Gasoline Fuel,None reported
Dodge,"$26,999",Charger GT,2021,"33,000 mi.",Gasoline,Transmission w/Dual Shift Mode,300.0HP 3.6L V6 Cylinder Engine Gasoline Fuel,At least 1 accident or damage reported
Hyundai,"$10,340",Genesis 3.8,2010,"98,700 mi.",Gasoline,Transmission w/Dual Shift Mode,290.0HP 3.8L V6 Cylinder Engine Gasoline Fuel,None reported
Honda,"$35,500",Civic Type R Touring,2018,"72,900 mi.",Gasoline,6-Speed M/T,306.0HP 2.0L 4 Cylinder Engine Gasoline Fuel,At least 1 accident or damage reported
Dodge,"$20,000",Durango R/T,2016,"135,000 mi.",Gasoline,A/T,360.0HP 5.7L 8 Cylinder Engine Gasoline Fuel,None reported
Chevrolet,"$60,000",Silverado 1500 Limited High Country,2022,"2,550 mi.",Gasoline,10-Speed A/T,355.0HP 5.3L 8 Cylinder Engine Gasoline Fuel,None reported
Jeep,"$35,470",Grand Cherokee Altitude,2020,"35,289 mi.",Gasoline,8-Speed Automatic,3.6L V6 24V MPFI DOHC,
RAM,"$46,599",1500 Laramie,2022,"14,636 mi.",Gasoline,8-Speed Automatic,5.7L V8 16V MPFI OHV,None reported
Chrysler,"$13,046",Crossfire Limited,2005,"24,847 mi.",Gasoline,5-Speed Automatic,3.2L V6 18V MPFI SOHC,None reported
Nissan,"$25,884",Rogue SL,2019,"29,558 mi.",Gasoline,Automatic CVT,2.5L I4 16V MPFI DOHC,None reported
Audi,"$59,900",A6 55 Premium Plus,2023,"6,581 mi.",Gasoline,"Automatic, 7-Spd S tronic Dual-Clutch","3L V-6 gasoline direct injection, DOHC, variable valve control,",None reported
Mercedes-Benz,"$83,999",AMG GT 53 Base,2020,"22,000 mi.",Hybrid,9-Speed A/T,429.0HP 3.0L Straight 6 Cylinder Engine Gasoline/Mild Electric Hybrid,None reported
Acura,"$15,750",ILX Technology Plus Package,2017,"68,200 mi.",Gasoline,Transmission w/Dual Shift Mode,201.0HP 2.4L 4 Cylinder Engine Gasoline Fuel,At least 1 accident or damage reported
Land,"$175,000",Rover Range Rover P530 SE SWB,2023,"2,800 mi.",Gasoline,8-Speed A/T,523.0HP 4.4L 8 Cylinder Engine Gasoline Fuel,None reported
Ford,"$48,295",Expedition Platinum,2019,"51,300 mi.",Gasoline,10-Speed Automatic,3.5L V6 24V GDI DOHC Twin Turbo,None reported
BMW,"$18,500",M3 Base,2008,"133,500 mi.",Gasoline,6-Speed M/T,414.0HP 4.0L 8 Cylinder Engine Gasoline Fuel,None reported
INFINITI,"$19,900",M37 x,2012,"49,000 mi.",Gasoline,7-Speed A/T,330.0HP 3.7L V6 Cylinder Engine Gasoline Fuel,None reported
BMW,"$8,000",650 i,2008,"125,470 mi.",Gasoline,A/T,360.0HP 4.8L 8 Cylinder Engine Gasoline Fuel,None reported
Mazda,"$8,500",RX-8 Grand Touring,2008,"81,219 mi.",Gasoline,6-Speed M/T,232.0HP 1.3L Rotary engine Gasoline Fuel,None reported
Porsche,"$12,250",Boxster Base,1999,"72,000 mi.",Gasoline,5-Speed M/T,201.0HP 2.5L Flat 6 Cylinder Engine Gasoline Fuel,None reported
Acura,"$25,000",ILX Premium & A-SPEC Packages,2019,"19,500 mi.",Gasoline,8-Speed A/T,201.0HP 2.4L 4 Cylinder Engine Gasoline Fuel,None reported
Porsche,"$105,000",911 Carrera S,2017,"20,561 mi.",Gasoline,7-Speed M/T,420.0HP 3.0L Flat 6 Cylinder Engine Gasoline Fuel,None reported
Lexus,"$62,900",LX 570 Base,2016,"33,655 mi.",Gasoline,8-Speed A/T,383.0HP 5.7L 8 Cylinder Engine Gasoline Fuel,None reported
Toyota,"$23,500",Highlander Limited Platinum,2015,"135,140 mi.",Gasoline,A/T,270.0HP 3.5L V6 Cylinder Engine Gasoline Fuel,None reported
Maserati,"$17,999",Ghibli Base,2015,"73,000 mi.",Gasoline,8-Speed A/T,345.0HP 3.0L V6 Cylinder Engine Gasoline Fuel,None reported
Land,"$58,000",Rover Range Rover 3.0L Supercharged HSE,2017,"55,000 mi.",Gasoline,A/T,380.0HP 3.0L V6 Cylinder Engine Gasoline Fuel,At least 1 accident or damage reported
Chevrolet,"$10,000",Cruze LTZ,2013,"87,000 mi.",Gasoline,A/T,138.0HP 1.4L 4 Cylinder Engine Gasoline Fuel,At least 1 accident or damage reported
BMW,"$4,000",325 xi,2006,"137,825 mi.",Gasoline,6-Speed A/T,215.0HP 3.0L Straight 6 Cylinder Engine Gasoline Fuel,None reported
Acura,"$5,000",MDX Technology,2008,"184,421 mi.",Gasoline,A/T,300.0HP 3.7L V6 Cylinder Engine Gasoline Fuel,None reported
Lincoln,"$14,900",MKC Base,2015,"95,000 mi.",Gasoline,6-Speed A/T,240.0HP 2.0L 4 Cylinder Engine Gasoline Fuel,At least 1 accident or damage reported
Kia,"$27,875",Sportage Nightfall,2022,"26,468 mi.",Gasoline,6-Speed Automatic,2.4L I4 16V GDI DOHC,At least 1 accident or damage reported
Bentley,"$34,995",Arnage R,2003,"55,050 mi.",Gasoline,4-Speed A/T,400.0HP 6.75L 8 Cylinder Engine Gasoline Fuel,None reported
Kia,"$23,800",Sorento LX,2021,"54,200 mi.",Gasoline,A/T,191.0HP 2.5L 4 Cylinder Engine Gasoline Fuel,None reported
Lexus,"$15,000",SC 430 Base,2002,"109,762 mi.",Gasoline,5-Speed A/T,300.0HP 4.3L 8 Cylinder Engine Gasoline Fuel,None reported
Land,"$14,500",Rover Range Rover Evoque Base,2012,"92,080 mi.",Gasoline,6-Speed A/T,240.0HP 2.0L 4 Cylinder Engine Gasoline Fuel,None reported
Acura,"$53,000",TLX Type S w/Performance Tire,2023,"1,798 mi.",Gasoline,10-Speed A/T,355.0HP 3.0L V6 Cylinder Engine Gasoline Fuel,None reported
GMC,"$14,500",Sierra 1500 SLE Crew Cab,2006,"167,500 mi.",Gasoline,A/T,295.0HP 5.3L 8 Cylinder Engine Gasoline Fuel,None reported
GMC,"$84,000",Sierra 1500 Denali Ultimate,2023,"2,500 mi.",Gasoline,10-Speed A/T,420.0HP 6.2L 8 Cylinder Engine Gasoline Fuel,None reported
Mercedes-Benz,"$24,000",E-Class E 400,2016,"77,000 mi.",Gasoline,7-Speed A/T,329.0HP 3.0L V6 Cylinder Engine Gasoline Fuel,At least 1 accident or damage reported
MINI,"$24,000",Hardtop Cooper,2019,"19,850 mi.",Gasoline,6-Speed A/T,134.0HP 1.5L 3 Cylinder Engine Gasoline Fuel,None reported
Ford,"$57,000",Bronco Outer Banks Advanced,2023,"3,400 mi.",Gasoline,10-Speed A/T,275.0HP 2.3L 4 Cylinder Engine Gasoline Fuel,None reported
Ford,"$56,900",Bronco,2021,"3,596 mi.",Gasoline,10-Speed Automatic,2.7L V6 24V PDI DOHC Twin Turbo,None reported
Ford,"$28,900",F-350 Lariat Super Duty Crew Cab,2009,"130,200 mi.",Diesel,5-Speed A/T,350.0HP 6.4L 8 Cylinder Engine Diesel Fuel,None reported
Land,"$24,998",Rover Discovery Sport SE,2017,"48,200 mi.",Gasoline,9-Speed A/T,240.0HP 2.0L 4 Cylinder Engine Gasoline Fuel,None reported
GMC,"$22,000",Yukon XL SLT,2016,"183,544 mi.",Gasoline,6-Speed A/T,355.0HP 5.3L 8 Cylinder Engine Gasoline Fuel,At least 1 accident or damage reported
Ford,"$39,000",Focus RS Base,2016,"14,900 mi.",Gasoline,6-Speed M/T,350.0HP 2.3L 4 Cylinder Engine Gasoline Fuel,None reported
Ford,"$65,994",Bronco Badlands Advanced,2022,"4,200 mi.",Gasoline,10-Speed A/T,315.0HP 2.7L V6 Cylinder Engine Gasoline Fuel,None reported
Hyundai,"$19,000",Genesis 5,2012,"15,698 mi.",Gasoline,Transmission w/Dual Shift Mode,429.0HP 5.0L 8 Cylinder Engine Gasoline Fuel,None reported
Jeep,"$65,500",Wrangler Unlimited Rubicon,2022,"1,750 mi.",Gasoline,8-Speed A/T,285.0HP 3.6L V6 Cylinder Engine Gasoline Fuel,None reported
BMW,"$46,000",X4 xDrive30i,2022,"34,800 mi.",Gasoline,A/T,248.0HP 2.0L 4 Cylinder Engine Gasoline Fuel,None reported
Jaguar,"$46,998",F-PACE S,2020,"35,580 mi.",Gasoline,Automatic,3.0 Liter,None reported
Acura,"$14,990",RSX Type S,2006,"71,400 mi.",Gasoline,6-Speed M/T,201.0HP 2.0L 4 Cylinder Engine Gasoline Fuel,
Mazda,"$22,000",MX-5 Miata Base,2003,"9,260 mi.",Gasoline,5-Speed M/T,142.0HP 1.8L 4 Cylinder Engine Gasoline Fuel,None reported
GMC,"$67,800",Yukon XL SLT,2023,"28,500 mi.",Gasoline,A/T,355.0HP 5.3L 8 Cylinder Engine Gasoline Fuel,None reported
Mercedes-Benz,"$8,900",E-Class E 350 4MATIC,2008,"91,900 mi.",Gasoline,5-Speed A/T,268.0HP 3.5L V6 Cylinder Engine Gasoline Fuel,None reported
INFINITI,"$7,500",G35 Base,2004,"130,000 mi.",Gasoline,5-Speed A/T,260.0HP 3.5L V6 Cylinder Engine Gasoline Fuel,None reported
Cadillac,"$21,995",XTS Premium,2013,"56,860 mi.",Gasoline,6-Speed Automatic,3.6L V6 24V GDI DOHC,At least 1 accident or damage reported
MINI,"$20,784",Hardtop Cooper S,2017,"44,300 mi.",Gasoline,6-Speed M/T,189.0HP 2.0L 4 Cylinder Engine Gasoline Fuel,None reported
BMW,"$20,000",X5 xDrive35i,2014,"120,000 mi.",Gasoline,Transmission w/Dual Shift Mode,300.0HP 3.0L Straight 6 Cylinder Engine Gasoline Fuel,
Mercedes-Benz,"$31,450",SL-Class SL 550,2013,"72,500 mi.",Gasoline,7-Speed A/T,429.0HP 4.6L 8 Cylinder Engine Gasoline Fuel,None reported
RAM,"$24,200",1500 Tradesman/Express,2017,"72,000 mi.",Gasoline,8-Speed A/T,395.0HP 5.7L 8 Cylinder Engine Gasoline Fuel,At least 1 accident or damage reported
BMW,"$11,000",135 i,2011,"132,000 mi.",Gasoline,7-Speed A/T,300.0HP 3.0L Straight 6 Cylinder Engine Gasoline Fuel,None reported
Rolls-Royce,"$599,000",Phantom,2018,"7,585 mi.",Gasoline,8-Speed Automatic,6.8L V12 48V GDI DOHC Twin Turbo,None reported
Hyundai,"$42,000",IONIQ 5 SE,2022,"18,500 mi.",,A/T,320.0HP Electric Motor Electric Fuel System,None reported
Lexus,"$15,999",LS 430 Base,2002,"42,000 mi.",Gasoline,A/T,290.0HP 4.3L 8 Cylinder Engine Gasoline Fuel,At least 1 accident or damage reported
Jaguar,"$56,998",F-PACE S,2023,"4,624 mi.",Gasoline,Automatic,2.0 Liter,None reported
BMW,"$19,500",M5 Base,2006,"106,000 mi.",Gasoline,Transmission w/Dual Shift Mode,500.0HP 5.0L 10 Cylinder Engine Gasoline Fuel,None reported
Hyundai,"$27,450",Santa Fe SE,2022,"13,610 mi.",Gasoline,8-Speed Automatic,2.5L I4 16V PDI DOHC,None reported
Lamborghini,"$209,900",Urus Base,2019,"16,876 mi.",Gasoline,8-Speed Automatic,4.0L V8 32V GDI DOHC Twin Turbo,None reported
Ford,"$77,430",Expedition Timberline,2023,"8,911 mi.",Gasoline,10-Speed Automatic,3.5L V6 24V PDI DOHC Twin Turbo,At least 1 accident or damage reported
Chevrolet,"$43,666",Silverado 1500 LT Trail Boss,2021,"48,641 mi.",Gasoline,10-Speed Automatic,5.3L V8 16V GDI OHV,None reported
GMC,"$70,250",Sierra 1500 SLT,2021,"11,250 mi.",Gasoline,A/T,420.0HP 6.2L 8 Cylinder Engine Gasoline Fuel,None reported
Ford,"$9,000",Mustang Premium,2007,"126,000 mi.",Gasoline,A/T,210.0HP 4.0L V6 Cylinder Engine Gasoline Fuel,None reported
BMW,"$21,000",M5 Base,2008,"77,750 mi.",Gasoline,7-Speed A/T,500.0HP 5.0L 10 Cylinder Engine Gasoline Fuel,None reported
Toyota,"$35,000",Tacoma SR,2020,"27,363 mi.",Gasoline,6-Speed A/T,278.0HP 3.5L V6 Cylinder Engine Gasoline Fuel,None reported
Porsche,"$80,140",Cayenne Base,2019,"30,951 mi.",Gasoline,8-Speed Automatic,3.0L V6 24V GDI DOHC Turbo,None reported
Ford,"$89,000",F-150 Lightning XLT,2023,208 mi.,,A/T,563.0HP Electric Motor Electric Fuel System,None reported
Dodge,"$32,999",Durango GT,2021,"20,386 mi.",Gasoline,8-Speed Automatic,3.6L V6 24V MPFI DOHC,None reported
BMW,"$24,995",330e iPerformance,2018,"45,253 mi.",Plug-In Hybrid,Transmission w/Dual Shift Mode,247.0HP 2.0L 4 Cylinder Engine Plug-In Electric/Gas,None reported
GMC,"$18,400",Terrain Denali,2016,"144,000 mi.",Gasoline,6-Speed A/T,301.0HP 3.6L V6 Cylinder Engine Gasoline Fuel,None reported
Ford,"$20,500",Excursion Limited,2004,"76,163 mi.",Diesel,5-Speed A/T,325.0HP 6.0L 8 Cylinder Engine Diesel Fuel,None reported
Hyundai,"$20,150",Genesis 3.8,2015,"61,300 mi.",Gasoline,8-Speed A/T,311.0HP 3.8L V6 Cylinder Engine Gasoline Fuel,
Mitsubishi,"$8,750",Mirage ES,2017,"35,698 mi.",Gasoline,A/T,78.0HP 1.2L 3 Cylinder Engine Gasoline Fuel,None reported
Mercedes-Benz,"$22,500",E-Class E 350 4MATIC,2010,"27,000 mi.",Gasoline,7-Speed A/T,268.0HP 3.5L V6 Cylinder Engine Gasoline Fuel,None reported
Mazda,"$11,500",Mazda3 i Sport,2015,"162,000 mi.",Gasoline,Transmission w/Dual Shift Mode,155.0HP 2.0L 4 Cylinder Engine Gasoline Fuel,None reported
BMW,"$28,500",M3 Base,2008,"77,800 mi.",Gasoline,M/T,414.0HP 4.0L 8 Cylinder Engine Gasoline Fuel,None reported
Mercedes-Benz,"$19,250",E-Class E 350,2014,"55,000 mi.",Gasoline,A/T,302.0HP 3.5L V6 Cylinder Engine Gasoline Fuel,None reported
Ford,"$65,999",Bronco Outer Banks Advanced,2022,"12,000 mi.",Gasoline,10-Speed A/T,315.0HP 2.7L V6 Cylinder Engine Gasoline Fuel,At least 1 accident or damage reported
Tesla,"$42,250",Model X 75D,2017,"70,579 mi.",,A/T,518.0HP Electric Motor Electric Fuel System,None reported
Jeep,"$17,500",Wrangler Unlimited Sport,2010,"107,000 mi.",Gasoline,A/T,205.0HP 3.8L V6 Cylinder Engine Gasoline Fuel,At least 1 accident or damage reported
Honda,"$38,998",Pilot Elite,2021,"42,653 mi.",Gasoline,9-Speed Automatic,3.5L V6 24V GDI SOHC,None reported
Acura,"$10,000",TL 3.2,2008,"193,783 mi.",Gasoline,A/T,258.0HP 3.2L V6 Cylinder Engine Gasoline Fuel,At least 1 accident or damage reported
Lexus,"$18,000",IS 350 Base,2014,"123,000 mi.",Gasoline,6-Speed A/T,306.0HP 3.5L V6 Cylinder Engine Gasoline Fuel,At least 1 accident or damage reported
Chevrolet,"$7,000",Equinox LT,2011,"130,000 mi.",Gasoline,6-Speed A/T,264.0HP 3.0L V6 Cylinder Engine Gasoline Fuel,At least 1 accident or damage reported
Mitsubishi,"$3,000",Lancer DE,2009,"143,346 mi.",Gasoline,5-Speed M/T,152.0HP 2.0L 4 Cylinder Engine Gasoline Fuel,At least 1 accident or damage reported
Land,"$11,995",Rover LR2 Base,2015,"112,465 mi.",Gasoline,6-Speed A/T,240.0HP 2.0L 4 Cylinder Engine Gasoline Fuel,None reported
Nissan,"$28,196",Leaf SV PLUS,2023,"5,121 mi.",,1-Speed Automatic,Electric,None reported
Audi,"$11,000",A5 2.0T Premium,2012,"137,273 mi.",Gasoline,A/T,211.0HP 2.0L 4 Cylinder Engine Gasoline Fuel,None reported
Rivian,"$92,500",R1S Launch Edition,2023,299 mi.,,1-Speed A/T,835.0HP Electric Motor Electric Fuel System,None reported
Lexus,"$35,700",RX 450h Base,2018,"70,780 mi.",Hybrid,CVT Transmission,308.0HP 3.5L V6 Cylinder Engine Gas/Electric Hybrid,None reported
Chevrolet,"$37,900",Tahoe LT,2018,"55,000 mi.",Gasoline,6-Speed A/T,355.0HP 5.3L 8 Cylinder Engine Gasoline Fuel,None reported
Mercedes-Benz,"$84,500",G-Class G 550 4MATIC,2017,"23,151 mi.",Gasoline,7-Speed A/T,416.0HP 4.0L 8 Cylinder Engine Gasoline Fuel,None reported
Cadillac,"$8,500",XTS Luxury,2013,"152,000 mi.",Gasoline,A/T,304.0HP 3.6L V6 Cylinder Engine Gasoline Fuel,At least 1 accident or damage reported
INFINITI,"$36,999",Q50 3.0t Red Sport 400,2020,"23,344 mi.",Gasoline,7-Speed Automatic,3.0L V6 24V GDI DOHC Twin Turbo,None reported
Subaru,"$19,500",Outback 3.6R Limited,2016,"87,092 mi.",Gasoline,A/T,256.0HP 3.6L Flat 6 Cylinder Engine Gasoline Fuel,At least 1 accident or damage reported
Toyota,"$5,500",Avalon XLS,2004,"90,625 mi.",Gasoline,A/T,210.0HP 3.0L V6 Cylinder Engine Gasoline Fuel,None reported
Chevrolet,"$36,000",Traverse RS,2021,"44,373 mi.",Gasoline,9-Speed A/T,310.0HP 3.6L V6 Cylinder Engine Gasoline Fuel,None reported
BMW,"$37,000",330 i,2021,"26,000 mi.",Gasoline,Transmission w/Dual Shift Mode,255.0HP 2.0L 4 Cylinder Engine Gasoline Fuel,None reported
Karma,"$55,500",Revero Base,2018,"20,760 mi.",,A/T,403.0HP 2.0L Electric Motor Electric Fuel System,None reported
Lexus,"$51,798",GX 460 Base,2021,"39,102 mi.",Gasoline,Automatic,4.6 Liter,None reported
Alfa,"$28,900",Romeo Stelvio Ti Sport,2019,"39,615 mi.",Gasoline,"Automatic, 8-Spd","2L I-4 gasoline direct injection, MultiAir2 variable valve contr",None reported
GMC,"$36,500",Sierra 2500 Base,2019,"58,000 mi.",E85 Flex Fuel,A/T,360.0HP 6.0L 8 Cylinder Engine Flex Fuel Capability,None reported
Lexus,"$10,000",IS 250 Base,2013,"148,000 mi.",Gasoline,6-Speed A/T,204.0HP 2.5L V6 Cylinder Engine Gasoline Fuel,At least 1 accident or damage reported
Porsche,"$20,900",Panamera 2,2011,"104,000 mi.",Gasoline,7-Speed A/T,300.0HP 3.6L V6 Cylinder Engine Gasoline Fuel,None reported
BMW,"$17,000",535 i xDrive,2013,"46,150 mi.",Gasoline,Transmission w/Dual Shift Mode,306.0HP 3.0L Straight 6 Cylinder Engine Gasoline Fuel,At least 1 accident or damage reported
Chevrolet,"$74,500",Silverado 2500 High Country,2022,"18,860 mi.",Diesel,10-Speed A/T,445.0HP 6.6L 8 Cylinder Engine Diesel Fuel,None reported
Mercedes-Benz,"$55,600",AMG C 63 Base,2017,"28,399 mi.",Gasoline,7-Speed A/T,469.0HP 4.0L 8 Cylinder Engine Gasoline Fuel,None reported
Jeep,"$6,999",Wrangler Sahara,1998,"136,500 mi.",Gasoline,5-Speed M/T,181.0HP 4.0L Straight 6 Cylinder Engine Gasoline Fuel,None reported
Porsche,"$24,900",Boxster S,2005,"95,170 mi.",Gasoline,6-Speed M/T,280.0HP 3.2L Flat 6 Cylinder Engine Gasoline Fuel,None reported
BMW,"$42,000",M3 Base,2006,"95,450 mi.",Gasoline,6-Speed M/T,333.0HP 3.2L Straight 6 Cylinder Engine Gasoline Fuel,At least 1 accident or damage reported
Chevrolet,"$39,998",Camaro LT1,2022,"7,652 mi.",Gasoline,Automatic,6.2 Liter,None reported
BMW,"$10,999",535 i xDrive,2011,"169,000 mi.",Gasoline,Transmission w/Dual Shift Mode,300.0HP 3.0L Straight 6 Cylinder Engine Gasoline Fuel,At least 1 accident or damage reported
RAM,"$46,999",1500 Laramie,2022,"16,744 mi.",Gasoline,8-Speed Automatic,5.7L V8 16V MPFI OHV,None reported
Mercedes-Benz,"$299,000",Metris Base,2020,"1,025 mi.",Gasoline,7-Speed Automatic,2.0L I4 16V GDI DOHC Turbo,None reported
Chevrolet,"$7,999",Express 1500 Cargo,2004,"152,000 mi.",Gasoline,A/T,195.0HP 4.3L V6 Cylinder Engine Gasoline Fuel,At least 1 accident or damage reported
BMW,"$54,999",X7 xDrive40i,2020,"46,000 mi.",Gasoline,Transmission w/Dual Shift Mode,335.0HP 3.0L Straight 6 Cylinder Engine Gasoline Fuel,None reported
BMW,"$85,000",X7 xDrive40i,2022,"8,000 mi.",Hybrid,A/T,335.0HP 3.0L Straight 6 Cylinder Engine Gasoline/Mild Electric Hybrid,None reported
Ferrari,"$254,900",F12berlinetta Base,2016,"14,770 mi.",Gasoline,7-Speed Automatic with Auto-Shift,6.3L V12 48V GDI DOHC,None reported
Chevrolet,"$36,800",Silverado 2500 LT,2016,"84,421 mi.",E85 Flex Fuel,6-Speed A/T,360.0HP 6.0L 8 Cylinder Engine Flex Fuel Capability,None reported
Mercedes-Benz,"$229,000",Maybach S 580 4MATIC,2022,"4,760 mi.",Gasoline,9-Speed Automatic,4.0L V8 32V GDI DOHC Twin Turbo,None reported
GMC,"$56,900",Sierra 1500 Denali,2021,"44,691 mi.",Gasoline,10-Speed Automatic,6.2L V8 16V GDI OHV,At least 1 accident or damage reported
Mitsubishi,"$33,000",Outlander SEL,2022,"11,700 mi.",Gasoline,A/T,181.0HP 2.5L 4 Cylinder Engine Gasoline Fuel,None reported
Ford,"$91,000",Shelby GT350 Base,2019,"2,800 mi.",Gasoline,6-Speed M/T,526.0HP 5.2L 8 Cylinder Engine Gasoline Fuel,None reported
MINI,"$8,000",Cooper Base,2010,"58,000 mi.",Gasoline,6-Speed A/T,118.0HP 1.6L 4 Cylinder Engine Gasoline Fuel,None reported
Toyota,"$6,999",Prius Touring,2009,"142,500 mi.",Hybrid,A/T,76.0HP 1.5L 4 Cylinder Engine Gas/Electric Hybrid,None reported
Cadillac,"$9,750",Escalade ESV Base,2007,"191,900 mi.",Gasoline,A/T,403.0HP 6.2L 8 Cylinder Engine Gasoline Fuel,At least 1 accident or damage reported
Audi,"$19,500",A6 2.0T Premium Plus,2016,"63,398 mi.",Gasoline,A/T,252.0HP 2.0L 4 Cylinder Engine Gasoline Fuel,At least 1 accident or damage reported
Chevrolet,"$7,200",Suburban 1500 LT,2008,"162,750 mi.",Gasoline,Transmission Overdrive Switch,320.0HP 5.3L 8 Cylinder Engine Gasoline Fuel,At least 1 accident or damage reported
Jaguar,"$36,949",XK R,2012,"38,383 mi.",Gasoline,6-Speed A/T,510.0HP 5.0L 8 Cylinder Engine Gasoline Fuel,None reported
Porsche,"$179,900",911 Carrera GTS,2022,"1,837 mi.",Gasoline,8-Speed Automatic with Auto-Shift,3.0L H6 24V GDI DOHC Twin Turbo,None reported
Ford,"$77,535",F-250 XLT,2022,"36,294 mi.",Diesel,Automatic,6.7L V8 32V DDI OHV Turbo Diesel,
Audi,"$8,300",A4 2.0T Premium,2011,"90,818 mi.",Gasoline,A/T,211.0HP 2.0L 4 Cylinder Engine Gasoline Fuel,At least 1 accident or damage reported
Cadillac,"$22,999",ATS 2.0L Turbo,2018,"32,000 mi.",Gasoline,A/T,272.0HP 2.0L 4 Cylinder Engine Gasoline Fuel,None reported
Ford,"$37,000",Transit-350 Base,2019,"94,650 mi.",Gasoline,6-Speed A/T,275.0HP 3.7L V6 Cylinder Engine Gasoline Fuel,None reported
Mercedes-Benz,"$72,999",G-Class G 63 AMG,2014,"49,899 mi.",Gasoline,A/T,536.0HP 5.5L 8 Cylinder Engine Gasoline Fuel,None reported
Jeep,"$35,000",Wrangler Sahara,2011,"55,000 mi.",Gasoline,4-Speed A/T,202.0HP 3.8L V6 Cylinder Engine Gasoline Fuel,At least 1 accident or damage reported
BMW,"$42,800",M4 Base,2015,"23,700 mi.",Gasoline,Transmission w/Dual Shift Mode,425.0HP 3.0L Straight 6 Cylinder Engine Gasoline Fuel,None reported
Tesla,"$59,500",Model S P100D,2018,"46,000 mi.",,A/T,518.0HP Electric Motor Electric Fuel System,None reported
Maserati,"$52,900",Ghibli S GranLusso,2020,"12,118 mi.",Gasoline,8-Speed A/T,424.0HP 3.0L V6 Cylinder Engine Gasoline Fuel,None reported
Pontiac,"$21,000",Firebird Trans Am,2001,"64,000 mi.",Gasoline,6-Speed M/T,310.0HP 5.7L 8 Cylinder Engine Gasoline Fuel,None reported
Ford,"$57,352",Expedition XLT,2022,"22,169 mi.",Gasoline,10-Speed Automatic,3.5L V6 24V PDI DOHC Twin Turbo,None reported
Ferrari,"$469,900",812 Superfast Base,2020,"1,575 mi.",Gasoline,Transmission w/Dual Shift Mode,788.0HP 6.5L 12 Cylinder Engine Gasoline Fuel,None reported
Tesla,"$69,000",Model X Long Range Plus,2021,"46,897 mi.",,A/T,557.0HP Electric Motor Electric Fuel System,None reported
Land,"$139,500",Rover Range Rover P400 SE SWB,2022,"3,369 mi.",Hybrid,A/T,395.0HP 3.0L Straight 6 Cylinder Engine Gasoline/Mild Electric Hybrid,None reported
BMW,"$9,999",535 i xDrive,2011,"135,000 mi.",Gasoline,8-Speed A/T,300.0HP 3.0L Straight 6 Cylinder Engine Gasoline Fuel,None reported
BMW,"$15,000",428 i xDrive,2015,"125,000 mi.",Gasoline,A/T,240.0HP 2.0L 4 Cylinder Engine Gasoline Fuel,None reported
Cadillac,"$32,999",Escalade ESV Platinum,2017,"134,000 mi.",Gasoline,8-Speed A/T,420.0HP 6.2L 8 Cylinder Engine Gasoline Fuel,None reported
BMW,"$12,999",X5 xDrive35i,2014,"143,250 mi.",Gasoline,8-Speed A/T,300.0HP 3.0L Straight 6 Cylinder Engine Gasoline Fuel,None reported
Lexus,"$31,000",GX 460 Premium,2017,"82,975 mi.",Gasoline,A/T,301.0HP 4.6L 8 Cylinder Engine Gasoline Fuel,None reported
MINI,"$13,999",Countryman Cooper S ALL4,2016,"91,700 mi.",Gasoline,6-Speed M/T,181.0HP 1.6L 4 Cylinder Engine Gasoline Fuel,None reported
Ford,"$35,000",F-150 XLT,2018,"72,393 mi.",Gasoline,10-Speed A/T,325.0HP 2.7L V6 Cylinder Engine Gasoline Fuel,None reported
INFINITI,"$21,500",QX60 Base,2016,"71,000 mi.",Gasoline,A/T,265.0HP 3.5L V6 Cylinder Engine Gasoline Fuel,None reported
Lexus,"$15,000",RX 350 Base,2012,"160,900 mi.",Gasoline,6-Speed A/T,270.0HP 3.5L V6 Cylinder Engine Gasoline Fuel,None reported
Dodge,"$38,000",Charger Scat Pack,2020,"40,208 mi.",Gasoline,8-Speed A/T,485.0HP 6.4L 8 Cylinder Engine Gasoline Fuel,At least 1 accident or damage reported
Lexus,"$30,000",IS 350 Base,2017,"77,300 mi.",Gasoline,6-Speed A/T,306.0HP 3.5L V6 Cylinder Engine Gasoline Fuel,None reported
Nissan,"$26,500",NV200 SV,2017,"16,700 mi.",Gasoline,A/T,131.0HP 2.0L 4 Cylinder Engine Gasoline Fuel,None reported
Subaru,"$9,999",Impreza 2.0i Premium,2013,"112,000 mi.",Gasoline,CVT Transmission,148.0HP 2.0L 4 Cylinder Engine Gasoline Fuel,None reported
BMW,"$49,999",M3 Base,2016,"55,250 mi.",Gasoline,6-Speed M/T,425.0HP 3.0L Straight 6 Cylinder Engine Gasoline Fuel,None reported
INFINITI,"$31,450",QX80 Luxe,2020,"69,000 mi.",Gasoline,A/T,400.0HP 5.6L 8 Cylinder Engine Gasoline Fuel,None reported
Rolls-Royce,"$599,995",Phantom,2023,"1,560 mi.",–,–,–,None reported
Ford,"$30,490",Mustang GT Premium,2016,"40,570 mi.",Gasoline,6-Speed M/T,435.0HP 5.0L 8 Cylinder Engine Gasoline Fuel,At least 1 accident or damage reported
Toyota,"$35,200",RAV4 TRD Off Road,2020,"46,500 mi.",Gasoline,8-Speed A/T,203.0HP 2.5L 4 Cylinder Engine Gasoline Fuel,None reported
Honda,"$35,000",S2000 Base,2000,"26,900 mi.",Gasoline,M/T,240.0HP 2.0L 4 Cylinder Engine Gasoline Fuel,None reported
Jeep,"$41,329",Gladiator Sport,2021,"5,779 mi.",Gasoline,8-Speed Automatic,3.6L V6 24V MPFI DOHC,
Ford,"$54,000",Bronco Big Bend Advanced,2023,"12,000 mi.",Gasoline,10-Speed A/T,275.0HP 2.3L 4 Cylinder Engine Gasoline Fuel,None reported
Ford,"$68,420",Expedition Timberline,2022,"30,301 mi.",Gasoline,10-Speed Automatic,3.5L V6 24V PDI DOHC Twin Turbo,None reported
Toyota,"$91,995",Sequoia TRD Pro,2023,600 mi.,Hybrid,10-Speed A/T,437.0HP 3.4L V6 Cylinder Engine Gas/Electric Hybrid,None reported
Plymouth,"$28,500",Prowler Base,2001,"22,300 mi.",Gasoline,4-Speed A/T,253.0HP 3.5L V6 Cylinder Engine Gasoline Fuel,None reported
Alfa,"$43,900",Romeo Giulia Ti,2023,"9,275 mi.",Gasoline,8-Speed Automatic,2.0L I4 16V GDI SOHC Turbo,None reported
Chevrolet,"$12,998",Suburban 1500 LS,2004,"171,750 mi.",E85 Flex Fuel,4-Speed A/T,295.0HP 5.3L 8 Cylinder Engine Flex Fuel Capability,At least 1 accident or damage reported
Mitsubishi,"$28,000",Lancer Evolution GSR,2013,"76,500 mi.",Gasoline,5-Speed M/T,291.0HP 2.0L 4 Cylinder Engine Gasoline Fuel,None reported
Mercedes-Benz,"$42,995",AMG GLE 43 Coupe 4MATIC,2018,"49,000 mi.",Gasoline,9-Speed A/T,385.0HP 3.0L V6 Cylinder Engine Gasoline Fuel,At least 1 accident or damage reported
Audi,"$74,000",R8 5.2 quattro Spyder,2011,"75,000 mi.",Gasoline,Transmission w/Dual Shift Mode,525.0HP 5.2L 10 Cylinder Engine Gasoline Fuel,At least 1 accident or damage reported
Ford,"$3,000",Escape XLT,2007,"133,300 mi.",Gasoline,4-Speed A/T,153.0HP 2.3L 4 Cylinder Engine Gasoline Fuel,None reported
BMW,"$8,500",X5 3.0si,2007,"99,700 mi.",Gasoline,6-Speed A/T,260.0HP 3.0L Straight 6 Cylinder Engine Gasoline Fuel,None reported
Chevrolet,"$14,000",Camaro 2LT,2011,"126,700 mi.",Gasoline,Transmission w/Dual Shift Mode,312.0HP 3.6L V6 Cylinder Engine Gasoline Fuel,At least 1 accident or damage reported
BMW,"$36,995",340 i,2016,"28,000 mi.",Gasoline,6-Speed M/T,320.0HP 3.0L Straight 6 Cylinder Engine Gasoline Fuel,None reported
Mercedes-Benz,"$38,500",SL-Class SL 550,2012,"21,300 mi.",Gasoline,7-Speed A/T,382.0HP 5.5L 8 Cylinder Engine Gasoline Fuel,At least 1 accident or damage reported
Cadillac,"$51,900",Escalade Platinum,2019,"92,000 mi.",Gasoline,A/T,420.0HP 6.2L 8 Cylinder Engine Gasoline Fuel,None reported
Chevrolet,"$52,889",Silverado 3500 LTZ,2018,"92,149 mi.",Diesel,6-Speed Automatic,6.6L V8 32V DDI OHV Turbo Diesel,
Lexus,"$49,995",RC F Base,2015,"25,756 mi.",Gasoline,8-Speed A/T,467.0HP 5.0L 8 Cylinder Engine Gasoline Fuel,None reported
Kia,"$21,900",Forte GT-Line,2021,"24,534 mi.",Gasoline,CVT Transmission,147.0HP 2.0L 4 Cylinder Engine Gasoline Fuel,None reported
Land,"$53,499",Rover Range Rover Sport Supercharged Dynamic,2018,"58,100 mi.",Gasoline,8-Speed A/T,518.0HP 5.0L 8 Cylinder Engine Gasoline Fuel,None reported
Nissan,"$32,324",Titan S,2017,"20,220 mi.",Gasoline,7-Speed A/T,390.0HP 5.6L 8 Cylinder Engine Gasoline Fuel,None reported
Honda,"$27,500",Accord EX-L 2.0T,2019,"40,069 mi.",Gasoline,A/T,252.0HP 2.0L 4 Cylinder Engine Gasoline Fuel,At least 1 accident or damage reported
Subaru,"$23,750",WRX Base,2017,"60,930 mi.",Gasoline,6-Speed M/T,268.0HP 2.0L 4 Cylinder Engine Gasoline Fuel,None reported
Audi,"$27,900",A4 2.0T Titanium Premium,2019,"7,300 mi.",Gasoline,7-Speed A/T,188.0HP 2.0L 4 Cylinder Engine Gasoline Fuel,None reported
Ford,"$25,000",Mustang EcoBoost Premium,2018,"34,000 mi.",–,A/T,–,At least 1 accident or damage reported
Chevrolet,"$18,000",Avalanche 1500 LS,2012,"56,000 mi.",E85 Flex Fuel,A/T,320.0HP 5.3L 8 Cylinder Engine Flex Fuel Capability,At least 1 accident or damage reported
Mercedes-Benz,"$12,000",CLA-Class CLA 250,2014,"136,000 mi.",Gasoline,Transmission w/Dual Shift Mode,208.0HP 2.0L 4 Cylinder Engine Gasoline Fuel,At least 1 accident or damage reported
BMW,"$26,999",228 Gran Coupe i xDrive,2020,"31,100 mi.",Gasoline,8-Speed A/T,228.0HP 2.0L 4 Cylinder Engine Gasoline Fuel,None reported
Maserati,"$37,900",GranTurismo Base,2012,"12,100 mi.",Gasoline,Transmission w/Dual Shift Mode,440.0HP 4.7L 8 Cylinder Engine Gasoline Fuel,None reported
Ford,"$57,480",Expedition Platinum,2021,"51,902 mi.",Gasoline,10-Speed Automatic,3.5L V6 24V PDI DOHC Twin Turbo,None reported
Audi,"$10,995",S4 Base,2007,"93,000 mi.",Gasoline,6-Speed M/T,340.0HP 4.2L 8 Cylinder Engine Gasoline Fuel,At least 1 accident or damage reported
Land,"$26,500",Rover Range Rover Sport Supercharged HSE,2016,"99,915 mi.",Gasoline,A/T,340.0HP 3.0L V6 Cylinder Engine Gasoline Fuel,At least 1 accident or damage reported
Ford,"$49,599",Mustang Mach-E GT,2022,"7,661 mi.",,1-Speed Automatic,Electric,None reported
Chevrolet,"$10,750",Tahoe LTZ,2007,"177,000 mi.",E85 Flex Fuel,4-Speed A/T,320.0HP 5.3L 8 Cylinder Engine Flex Fuel Capability,At least 1 accident or damage reported
Nissan,"$6,999",Xterra S,2008,"100,900 mi.",Gasoline,A/T,261.0HP 4.0L V6 Cylinder Engine Gasoline Fuel,None reported
INFINITI,"$17,500",Q60 3.0T Premium,2017,"107,380 mi.",Gasoline,7-Speed A/T,300.0HP 3.0L V6 Cylinder Engine Gasoline Fuel,At least 1 accident or damage reported
Ford,"$77,900",F-150 Raptor,2021,"32,957 mi.",Gasoline,10-Speed Automatic,3.5L V6 24V PDI DOHC Twin Turbo,None reported
Acura,"$16,500",TLX Base,2016,"45,000 mi.",Gasoline,A/T,206.0HP 2.4L 4 Cylinder Engine Gasoline Fuel,None reported
Nissan,"$15,500",Frontier SV,2013,"67,000 mi.",Gasoline,5-Speed A/T,261.0HP 4.0L V6 Cylinder Engine Gasoline Fuel,None reported
Chevrolet,"$47,000",Camaro 1SS,2021,"12,600 mi.",Gasoline,6-Speed M/T,455.0HP 6.2L 8 Cylinder Engine Gasoline Fuel,None reported
Porsche,"$59,800",Panamera 4,2018,"24,882 mi.",Gasoline,Transmission w/Dual Shift Mode,330.0HP 3.0L V6 Cylinder Engine Gasoline Fuel,None reported
Acura,"$43,500",TLX PMC Edition,2020,"6,900 mi.",Gasoline,9-Speed A/T,290.0HP 3.5L V6 Cylinder Engine Gasoline Fuel,None reported
Kia,"$23,754",Sorento EX V6,2019,"66,075 mi.",Gasoline,8-Speed Automatic,3.3L V6 24V GDI DOHC,None reported
Hyundai,"$29,600",Palisade SEL,2021,"68,050 mi.",Gasoline,8-Speed A/T,291.0HP 3.8L V6 Cylinder Engine Gasoline Fuel,None reported
Ford,"$50,000",F-250 Lariat,2017,"128,000 mi.",Diesel,6-Speed A/T,440.0HP 6.7L 8 Cylinder Engine Diesel Fuel,None reported
BMW,"$51,000",430 i,2021,"9,472 mi.",Gasoline,A/T,255.0HP 2.0L 4 Cylinder Engine Gasoline Fuel,None reported
Mitsubishi,"$5,100",Lancer GTS,2009,"185,963 mi.",Gasoline,CVT Transmission,168.0HP 2.4L 4 Cylinder Engine Gasoline Fuel,At least 1 accident or damage reported
Nissan,"$19,500",NV200 S,2019,"52,000 mi.",Gasoline,CVT Transmission,131.0HP 2.0L 4 Cylinder Engine Gasoline Fuel,At least 1 accident or damage reported
Buick,"$18,950",Enclave Leather,2015,"68,653 mi.",Gasoline,6-Speed A/T,288.0HP 3.6L V6 Cylinder Engine Gasoline Fuel,At least 1 accident or damage reported
Lexus,"$7,900",RX 330 Base,2004,"151,896 mi.",Gasoline,A/T,230.0HP 3.3L V6 Cylinder Engine Gasoline Fuel,None reported
Lexus,"$44,950",RX 450h F Sport,2019,"43,671 mi.",Hybrid,Automatic CVT,3.5L V6 24V PDI DOHC Hybrid,None reported
Ford,"$45,985",F-250 Lariat,2017,"72,128 mi.",E85 Flex Fuel,6-Speed Automatic,6.2L V8 16V MPFI SOHC Flexible Fuel,
Kia,"$5,500",Forte Koup EX,2013,"134,207 mi.",Gasoline,A/T,156.0HP 2.0L 4 Cylinder Engine Gasoline Fuel,At least 1 accident or damage reported
GMC,"$29,900",Terrain SLE,2020,"26,470 mi.",Gasoline,9-Speed Automatic,1.5L I4 16V GDI DOHC Turbo,None reported
Porsche,"$35,000",Macan Base,2018,"82,300 mi.",Gasoline,7-Speed A/T,252.0HP 2.0L 4 Cylinder Engine Gasoline Fuel,None reported
Lexus,"$24,000",RC 350 Base,2015,"124,000 mi.",Gasoline,Transmission w/Dual Shift Mode,306.0HP 3.5L V6 Cylinder Engine Gasoline Fuel,None reported
Audi,"$49,995",S4 3.0T Premium Plus,2020,"23,823 mi.",Gasoline,8-Speed Automatic,3.0L V6 24V GDI DOHC Turbo,None reported
GMC,"$4,999",Yukon SLT,2002,"222,600 mi.",Gasoline,4-Speed A/T,275.0HP 4.8L 8 Cylinder Engine Gasoline Fuel,None reported
Lamborghini,"$279,900",Urus Base,2021,"9,500 mi.",Gasoline,A/T,641.0HP 4.0L 8 Cylinder Engine Gasoline Fuel,None reported
INFINITI,"$12,500",QX60 Base,2014,"154,247 mi.",Gasoline,A/T,265.0HP 3.5L V6 Cylinder Engine Gasoline Fuel,At least 1 accident or damage reported
Chevrolet,"$23,500",Silverado 2500 LTZ H/D Extended Cab,2008,"128,000 mi.",Gasoline,6-Speed A/T,353.0HP 6.0L 8 Cylinder Engine Gasoline Fuel,None reported
Maserati,"$13,000",GranTurismo Base,2008,"70,000 mi.",Gasoline,A/T,405.0HP 4.2L 8 Cylinder Engine Gasoline Fuel,At least 1 accident or damage reported
Acura,"$10,999",Integra GS-R,1995,"123,000 mi.",–,5-Speed M/T,–,None reported
BMW,"$48,600",X6 M Base,2016,"52,375 mi.",Gasoline,8-Speed A/T,567.0HP 4.4L 8 Cylinder Engine Gasoline Fuel,At least 1 accident or damage reported
Chrysler,"$17,500",300 S,2016,"100,574 mi.",Gasoline,8-Speed A/T,300.0HP 3.6L V6 Cylinder Engine Gasoline Fuel,At least 1 accident or damage reported
Chrysler,"$11,250",300 Base,2014,"85,000 mi.",Gasoline,8-Speed A/T,292.0HP 3.6L V6 Cylinder Engine Gasoline Fuel,At least 1 accident or damage reported
Acura,"$48,998",RDX w/A-Spec Package,2023,"3,959 mi.",Gasoline,Automatic,2.0 Liter DOHC Turbo,None reported
Chevrolet,"$72,900",Corvette Stingray w/1LT,2021,"10,400 mi.",Gasoline,8-Speed A/T,490.0HP 6.2L 8 Cylinder Engine Gasoline Fuel,None reported
Chevrolet,"$41,500",Camaro 1SS,2019,"19,200 mi.",Gasoline,6-Speed M/T,455.0HP 6.2L 8 Cylinder Engine Gasoline Fuel,None reported
Mercedes-Benz,"$13,000",E-Class E 350 4MATIC,2013,"81,000 mi.",Gasoline,A/T,302.0HP 3.5L V6 Cylinder Engine Gasoline Fuel,At least 1 accident or damage reported
Ford,"$77,900",F-150 Raptor,2022,"17,451 mi.",Gasoline,10-Speed Automatic,3.5L V6 24V PDI DOHC Twin Turbo,None reported
Nissan,"$4,000",Versa 1.8 S,2011,"165,000 mi.",Gasoline,A/T,122.0HP 1.8L 4 Cylinder Engine Gasoline Fuel,None reported
BMW,"$145,000",M3 CS,2024,124 mi.,Gasoline,Transmission w/Dual Shift Mode,543.0HP 3.0L Straight 6 Cylinder Engine Gasoline Fuel,None reported
Hyundai,"$6,500",Accent GLS,2013,"117,500 mi.",Gasoline,6-Speed A/T,138.0HP 1.6L 4 Cylinder Engine Gasoline Fuel,At least 1 accident or damage reported
Mercedes-Benz,"$60,000",S-Class S 450 4MATIC,2018,"72,500 mi.",Gasoline,A/T,362.0HP 3.0L V6 Cylinder Engine Gasoline Fuel,None reported
Porsche,"$279,950",911 GT3,2023,265 mi.,Gasoline,6-Speed Manual,4.0L H6 24V GDI DOHC,None reported
Mercedes-Benz,"$117,900",AMG GT 63 S 4-Door,2020,"21,214 mi.",Gasoline,9-Speed Automatic,4.0L V8 32V GDI DOHC Twin Turbo,None reported
Audi,"$22,500",Q5 3.0 TDI Premium Plus,2014,"55,564 mi.",Diesel,8-Speed A/T,240.0HP 3.0L V6 Cylinder Engine Diesel Fuel,At least 1 accident or damage reported
Cadillac,"$68,750",LYRIQ Luxury,2023,"1,090 mi.",,A/T,500.0HP Electric Motor Electric Fuel System,None reported
Volvo,"$30,000",XC60 T5 R-Design,2019,"43,500 mi.",Gasoline,Transmission w/Dual Shift Mode,250.0HP 2.0L 4 Cylinder Engine Gasoline Fuel,None reported
Mercedes-Benz,"$83,000",AMG GT 53 Base,2019,"35,000 mi.",Hybrid,Transmission w/Dual Shift Mode,429.0HP 3.0L Straight 6 Cylinder Engine Gasoline/Mild Electric Hybrid,None reported
GMC,"$30,000",Yukon SLT,2017,"92,031 mi.",Gasoline,A/T,355.0HP 5.3L 8 Cylinder Engine Gasoline Fuel,At least 1 accident or damage reported
Lexus,"$18,000",GS 350 Base,2016,"128,032 mi.",Gasoline,Transmission w/Dual Shift Mode,311.0HP 3.5L V6 Cylinder Engine Gasoline Fuel,None reported
Jaguar,"$26,000",XF 25t Premium,2018,"18,800 mi.",Gasoline,8-Speed A/T,247.0HP 2.0L 4 Cylinder Engine Gasoline Fuel,None reported
BMW,"$117,500",M8 Gran Coupe Competition,2023,"2,900 mi.",Gasoline,8-Speed A/T,617.0HP 4.4L 8 Cylinder Engine Gasoline Fuel,None reported
Honda,"$26,000",Ridgeline Black Edition,2017,"91,600 mi.",Gasoline,6-Speed A/T,280.0HP 3.5L V6 Cylinder Engine Gasoline Fuel,None reported
Toyota,"$30,500",4Runner SR5,2019,"91,843 mi.",Gasoline,5-Speed A/T,270.0HP 4.0L V6 Cylinder Engine Gasoline Fuel,At least 1 accident or damage reported
Ford,"$32,455",Bronco Sport Outer Banks,2021,"28,105 mi.",Gasoline,8-Speed Automatic,1.5L I3 12V PDI DOHC Turbo,
Dodge,"$37,000",Charger R/T 392,2017,"73,350 mi.",Gasoline,8-Speed A/T,485.0HP 6.4L 8 Cylinder Engine Gasoline Fuel,None reported
Mercedes-Benz,"$41,598",GLC 300 GLC 300,2022,"11,875 mi.",Gasoline,Automatic,2.0 Liter Turbo,None reported
Tesla,"$49,900",Model S P100D,2018,"47,000 mi.",,A/T,518.0HP Electric Motor Electric Fuel System,None reported
INFINITI,"$23,000",Q50 3.0t Signature Edition,2017,"67,000 mi.",Gasoline,Transmission w/Dual Shift Mode,300.0HP 3.0L V6 Cylinder Engine Gasoline Fuel,None reported
BMW,"$19,500",340 i,2016,"117,660 mi.",Gasoline,8-Speed A/T,320.0HP 3.0L Straight 6 Cylinder Engine Gasoline Fuel,At least 1 accident or damage reported
Pontiac,"$10,500",Firebird Trans Am,2001,"71,448 mi.",Gasoline,4-Speed A/T,200.0HP 3.8L V6 Cylinder Engine Gasoline Fuel,None reported
Nissan,"$29,500",NV Passenger NV3500 HD SV V8,2015,"86,000 mi.",Gasoline,A/T,317.0HP 5.6L 8 Cylinder Engine Gasoline Fuel,None reported
Lexus,"$33,364",ES 350 Base,2020,"15,324 mi.",Gasoline,8-Speed Automatic,3.5L V6 24V PDI DOHC,At least 1 accident or damage reported
BMW,"$29,000",135 is,2013,"29,400 mi.",Gasoline,6-Speed M/T,320.0HP 3.0L Straight 6 Cylinder Engine Gasoline Fuel,None reported
Lexus,"$28,450",IS 300 Base,2017,"68,871 mi.",Gasoline,6-Speed A/T,255.0HP 3.5L V6 Cylinder Engine Gasoline Fuel,None reported
Porsche,"$17,999",Cayenne S,2012,"126,000 mi.",Gasoline,Transmission w/Dual Shift Mode,400.0HP 4.8L 8 Cylinder Engine Gasoline Fuel,None reported
Pontiac,"$17,900",Solstice GXP,2007,"25,718 mi.",Gasoline,M/T,260.0HP 2.0L 4 Cylinder Engine Gasoline Fuel,None reported
Porsche,"$51,950",Panamera Turbo,2015,"67,210 mi.",Gasoline,Transmission w/Dual Shift Mode,520.0HP 4.8L 8 Cylinder Engine Gasoline Fuel,At least 1 accident or damage reported
BMW,"$40,950",X6 xDrive35i,2018,"27,214 mi.",Gasoline,Transmission w/Dual Shift Mode,300.0HP 3.0L Straight 6 Cylinder Engine Gasoline Fuel,At least 1 accident or damage reported
Ford,"$45,950",F-150 Limited,2019,"42,728 mi.",Gasoline,Transmission w/Dual Shift Mode,450.0HP 3.5L V6 Cylinder Engine Gasoline Fuel,None reported
MINI,"$6,699",Cooper S Base,2010,"97,395 mi.",Gasoline,6-Speed M/T,172.0HP 1.6L 4 Cylinder Engine Gasoline Fuel,None reported
Mazda,"$12,000",Mazda3 i SV,2015,"91,700 mi.",Gasoline,A/T,155.0HP 2.0L 4 Cylinder Engine Gasoline Fuel,None reported
Mitsubishi,"$27,000",Lancer Evolution MR,2011,"94,500 mi.",Gasoline,Transmission w/Dual Shift Mode,291.0HP 2.0L 4 Cylinder Engine Gasoline Fuel,None reported
Chevrolet,"$10,995",Tahoe LTZ,2014,"196,300 mi.",E85 Flex Fuel,6-Speed A/T,320.0HP 5.3L 8 Cylinder Engine Flex Fuel Capability,None reported
Cadillac,"$19,425",CTS 3.6L Luxury,2015,"54,259 mi.",Gasoline,8-Speed Automatic,3.6L V6 24V GDI DOHC,None reported
Acura,"$39,798",RDX w/Advance Package,2021,"36,267 mi.",Gasoline,Automatic,2.0 Liter Turbo,None reported
Land,"$19,500",Rover Range Rover Sport Supercharged HSE,2015,"175,000 mi.",Gasoline,A/T,340.0HP 3.0L V6 Cylinder Engine Gasoline Fuel,None reported
Chevrolet,"$26,900",Suburban 1500 LTZ,2015,"159,000 mi.",Gasoline,6-Speed A/T,355.0HP 5.3L 8 Cylinder Engine Gasoline Fuel,At least 1 accident or damage reported
Chevrolet,"$32,000",Camaro 2SS,2016,"74,000 mi.",Gasoline,8-Speed A/T,455.0HP 6.2L 8 Cylinder Engine Gasoline Fuel,None reported
Chevrolet,"$20,995",Silverado 1500 Hybrid 1HY,2011,"82,963 mi.",Hybrid,4-Speed A/T,332.0HP 6.0L 8 Cylinder Engine Gas/Electric Hybrid,None reported
Cadillac,"$27,998",XT5 Luxury,2019,"54,323 mi.",Gasoline,Automatic,3.6 Liter DOHC,None reported
Nissan,"$29,000",Armada SL,2019,"59,980 mi.",Gasoline,7-Speed A/T,390.0HP 5.6L 8 Cylinder Engine Gasoline Fuel,None reported
Audi,"$39,998",Q5 S line Premium,2022,"10,120 mi.",Hybrid,Automatic,2.0 Liter TFSI,None reported
BMW,"$65,000",X6 M Base,2017,"25,000 mi.",Gasoline,Transmission w/Dual Shift Mode,567.0HP 4.4L 8 Cylinder Engine Gasoline Fuel,At least 1 accident or damage reported
BMW,"$12,700",740 i,2012,"126,000 mi.",Gasoline,A/T,326.0HP 3.0L Straight 6 Cylinder Engine Gasoline Fuel,At least 1 accident or damage reported
Toyota,"$61,599",Sequoia TRD Pro,2020,"37,428 mi.",Gasoline,6-Speed A/T,381.0HP 5.7L 8 Cylinder Engine Gasoline Fuel,None reported
Volkswagen,"$15,000",Jetta GLI,2014,"99,499 mi.",Gasoline,Transmission w/Dual Shift Mode,210.0HP 2.0L 4 Cylinder Engine Gasoline Fuel,At least 1 accident or damage reported
Honda,"$12,980",Crosstour EX-L,2012,"90,742 mi.",Gasoline,A/T,192.0HP 2.4L 4 Cylinder Engine Gasoline Fuel,None reported
Land,"$22,500",Rover Range Rover Sport Supercharged,2014,"125,000 mi.",E85 Flex Fuel,8-Speed A/T,510.0HP 5.0L 8 Cylinder Engine Flex Fuel Capability,At least 1 accident or damage reported
Hyundai,"$20,000",Santa Fe Sport 2.0L Turbo Ultimate,2018,"71,669 mi.",Gasoline,A/T,240.0HP 2.0L 4 Cylinder Engine Gasoline Fuel,None reported
Cadillac,"$32,368",XT5 Luxury,2019,"44,692 mi.",Gasoline,8-Speed Automatic,3.6L V6 24V GDI DOHC,None reported
Jaguar,"$74,900",F-TYPE R,2018,"16,002 mi.",Gasoline,8-Speed A/T,550.0HP 5.0L 8 Cylinder Engine Gasoline Fuel,None reported
Toyota,"$41,500",FJ Cruiser Base,2014,"86,000 mi.",Gasoline,5-Speed A/T,260.0HP 4.0L V6 Cylinder Engine Gasoline Fuel,None reported
Toyota,"$42,000",Tundra SR5,2019,"56,000 mi.",Gasoline,6-Speed A/T,381.0HP 5.7L 8 Cylinder Engine Gasoline Fuel,None reported
Nissan,"$7,000",300ZX Base,1993,"168,000 mi.",–,5-Speed M/T,–,None reported
RAM,"$42,500",1500 Sport,2017,"41,789 mi.",Gasoline,A/T,395.0HP 5.7L 8 Cylinder Engine Gasoline Fuel,At least 1 accident or damage reported
Ford,"$9,499",Focus SE,2014,"60,109 mi.",E85 Flex Fuel,6-Speed A/T,160.0HP 2.0L 4 Cylinder Engine Flex Fuel Capability,None reported
Mercedes-Benz,"$49,995",GLE 350 Base 4MATIC,2020,"48,000 mi.",Gasoline,A/T,255.0HP 2.0L 4 Cylinder Engine Gasoline Fuel,None reported
Acura,"$11,500",TL Type S,2008,"122,000 mi.",Gasoline,Transmission w/Dual Shift Mode,286.0HP 3.5L V6 Cylinder Engine Gasoline Fuel,None reported
Land,"$16,000",Rover Range Rover HSE,2012,"102,800 mi.",Gasoline,A/T,385.0HP 5.0L 8 Cylinder Engine Gasoline Fuel,None reported
MINI,"$28,000",Convertible Cooper,2022,"15,544 mi.",Gasoline,A/T,134.0HP 1.5L 3 Cylinder Engine Gasoline Fuel,
Mazda,"$27,500",CX-9 Signature,2019,"69,771 mi.",Gasoline,A/T,227.0HP 2.5L 4 Cylinder Engine Gasoline Fuel,None reported
Acura,"$41,998",TLX Tech,2023,"2,118 mi.",Gasoline,Automatic,2.0 Liter DOHC Turbo,None reported
Ford,"$72,950",F-150 Raptor,2021,"28,260 mi.",Gasoline,10-Speed A/T,450.0HP 3.5L V6 Cylinder Engine Gasoline Fuel,None reported
Honda,"$27,500",Civic Si Base,2020,"6,025 mi.",Gasoline,6-Speed M/T,205.0HP 1.5L 4 Cylinder Engine Gasoline Fuel,None reported
Hyundai,"$15,900",Elantra SE,2018,"32,697 mi.",Gasoline,6-Speed A/T,147.0HP 2.0L 4 Cylinder Engine Gasoline Fuel,At least 1 accident or damage reported
Ford,"$8,000",Excursion Limited,2001,"239,000 mi.",Gasoline,A/T,310.0HP 6.8L 10 Cylinder Engine Gasoline Fuel,None reported
Jaguar,"$45,999",F-TYPE S British Design Edition,2017,"34,150 mi.",Gasoline,8-Speed A/T,380.0HP 3.0L V6 Cylinder Engine Gasoline Fuel,None reported
Honda,"$38,999",Ridgeline RTL-E,2022,"9,642 mi.",Gasoline,9-Speed Automatic,3.5L V6 24V GDI SOHC,None reported
Pontiac,"$5,995",G6 GTP,2006,"100,545 mi.",Gasoline,4-Speed A/T,201.0HP 3.5L V6 Cylinder Engine Gasoline Fuel,None reported
Mercedes-Benz,"$38,998",C-Class C300 4MATIC,2021,"11,111 mi.",Gasoline,Automatic,2.0 Liter Turbo,None reported
Toyota,"$23,977",FJ Cruiser Base,2007,"162,000 mi.",Gasoline,5-Speed A/T,239.0HP 4.0L V6 Cylinder Engine Gasoline Fuel,None reported
Buick,"$31,650",Enclave Premium,2020,"87,555 mi.",Gasoline,9-Speed Automatic,3.6L V6 24V GDI DOHC,At least 1 accident or damage reported
Chevrolet,"$25,000",Tahoe LTZ,2015,"102,200 mi.",Gasoline,A/T,355.0HP 5.3L 8 Cylinder Engine Gasoline Fuel,None reported
Bentley,"$77,999",Continental GTC V8,2013,"18,950 mi.",Gasoline,Transmission w/Dual Shift Mode,500.0HP 4.0L 8 Cylinder Engine Gasoline Fuel,None reported
Mercedes-Benz,"$30,500",SLK-Class SLK 350,2015,"16,000 mi.",Gasoline,7-Speed A/T,302.0HP 3.5L V6 Cylinder Engine Gasoline Fuel,At least 1 accident or damage reported
Cadillac,"$86,999",Escalade Premium Luxury,2022,"19,250 mi.",Gasoline,10-Speed A/T,420.0HP 6.2L 8 Cylinder Engine Gasoline Fuel,None reported
BMW,"$24,995",535 i xDrive,2015,"65,000 mi.",Gasoline,Transmission w/Dual Shift Mode,300.0HP 3.0L Straight 6 Cylinder Engine Gasoline Fuel,None reported
MINI,"$6,250",Cooper S Base,2007,"110,022 mi.",Gasoline,6-Speed M/T,172.0HP 1.6L 4 Cylinder Engine Gasoline Fuel,None reported
Bentley,"$46,999",Continental GT Base,2012,"79,089 mi.",E85 Flex Fuel,A/T,567.0HP 6.0L 12 Cylinder Engine Flex Fuel Capability,None reported
Lexus,"$64,900",GX 460 Premium,2023,"2,533 mi.",Gasoline,A/T,301.0HP 4.6L 8 Cylinder Engine Gasoline Fuel,None reported
Audi,"$15,495",Q7 3.0T Premium Plus,2014,"96,273 mi.",Gasoline,8-Speed A/T,280.0HP 3.0L V6 Cylinder Engine Gasoline Fuel,At least 1 accident or damage reported
Cadillac,"$45,480",CT6 Luxury,2020,"22,187 mi.",Gasoline,10-Speed Automatic,3.6L V6 24V GDI DOHC,At least 1 accident or damage reported
GMC,"$20,000",Sierra 1500 SL Crew Cab,2009,"137,000 mi.",Gasoline,A/T,295.0HP 4.8L 8 Cylinder Engine Gasoline Fuel,None reported
Nissan,"$71,999",GT-R Premium,2009,"60,747 mi.",Gasoline,6-Speed A/T,480.0HP 3.8L V6 Cylinder Engine Gasoline Fuel,At least 1 accident or damage reported
Dodge,"$16,000",Ram 1500 ST,2007,"36,500 mi.",Gasoline,A/T,210.0HP 3.7L V6 Cylinder Engine Gasoline Fuel,None reported
Ford,"$54,999",Bronco Outer Banks,2021,"19,590 mi.",Gasoline,10-Speed A/T,315.0HP 2.7L V6 Cylinder Engine Gasoline Fuel,None reported
Nissan,"$95,000",GT-R Black Edition,2015,"16,850 mi.",Gasoline,Transmission w/Dual Shift Mode,545.0HP 3.8L V6 Cylinder Engine Gasoline Fuel,None reported
Cadillac,"$105,000",Escalade ESV Sport,2021,"4,500 mi.",Gasoline,10-Speed A/T,420.0HP 6.2L 8 Cylinder Engine Gasoline Fuel,
Chevrolet,"$4,900",Cruze LT,2012,"194,000 mi.",Gasoline,6-Speed A/T,138.0HP 1.4L 4 Cylinder Engine Gasoline Fuel,At least 1 accident or damage reported
Lexus,"$47,449",GX 460 Base,2020,"48,210 mi.",Gasoline,6-Speed Automatic,4.6L V8 32V MPFI DOHC,At least 1 accident or damage reported
BMW,"$41,250",750 i,2018,"81,500 mi.",Gasoline,8-Speed A/T,445.0HP 4.4L 8 Cylinder Engine Gasoline Fuel,None reported
Ford,"$39,995",F-150 XLT,2021,"77,107 mi.",Gasoline,10-Speed Automatic,3.5L V6 24V PDI DOHC Twin Turbo,
BMW,"$20,950",535 i xDrive,2015,"58,664 mi.",Gasoline,8-Speed A/T,300.0HP 3.0L Straight 6 Cylinder Engine Gasoline Fuel,At least 1 accident or damage reported
Mitsubishi,"$8,950",Montero Limited,2004,"145,000 mi.",Gasoline,A/T,215.0HP 3.8L V6 Cylinder Engine Gasoline Fuel,None reported
Lexus,"$59,000",LS 500 F Sport,2018,"15,055 mi.",Gasoline,A/T,416.0HP 3.5L V6 Cylinder Engine Gasoline Fuel,None reported
Tesla,"$28,000",Model S 85D,2015,"67,647 mi.",,1-Speed A/T,422.0HP Electric Motor Electric Fuel System,None reported
Lexus,"$159,000",LC 500 Base,2021,915 mi.,Gasoline,10-Speed A/T,471.0HP 5.0L 8 Cylinder Engine Gasoline Fuel,None reported
Mazda,"$11,500",MX-5 Miata Shinsen,2003,"46,873 mi.",Gasoline,5-Speed M/T,142.0HP 1.8L 4 Cylinder Engine Gasoline Fuel,None reported
Cadillac,"$81,500",Escalade ESV Premium Luxury,2021,"53,169 mi.",Gasoline,A/T,420.0HP 6.2L 8 Cylinder Engine Gasoline Fuel,None reported
Lexus,"$51,900",GX 460 Premium,2022,"35,700 mi.",Gasoline,A/T,301.0HP 4.6L 8 Cylinder Engine Gasoline Fuel,At least 1 accident or damage reported
Nissan,"$13,000",Pathfinder Platinum,2014,"112,600 mi.",Gasoline,CVT Transmission,260.0HP 3.5L V6 Cylinder Engine Gasoline Fuel,At least 1 accident or damage reported
GMC,"$24,440",Yukon SLE,2015,"112,552 mi.",Gasoline,6-Speed Automatic,5.3L V8 16V GDI OHV,At least 1 accident or damage reported
BMW,"$15,000",M3 Base,2003,"127,273 mi.",Gasoline,6-Speed M/T,333.0HP 3.2L Straight 6 Cylinder Engine Gasoline Fuel,None reported
Lexus,"$3,995",IS 250 Base,2007,"189,887 mi.",Gasoline,A/T,204.0HP 2.5L V6 Cylinder Engine Gasoline Fuel,At least 1 accident or damage reported
BMW,"$22,500",640 i,2012,"76,465 mi.",Gasoline,8-Speed A/T,315.0HP 3.0L Straight 6 Cylinder Engine Gasoline Fuel,At least 1 accident or damage reported
Mitsubishi,"$6,750",Eclipse Spyder GT,2007,"136,400 mi.",Gasoline,5-Speed A/T,260.0HP 3.8L V6 Cylinder Engine Gasoline Fuel,At least 1 accident or damage reported
Ford,"$13,500",Thunderbird Deluxe,2004,"79,635 mi.",Gasoline,A/T,280.0HP 3.9L 8 Cylinder Engine Gasoline Fuel,None reported
Tesla,"$46,598",Model Y Long Range,2022,"4,665 mi.",,Automatic,Dual Motor - Standard,None reported
Buick,"$4,000",Enclave 1XL,2011,"170,000 mi.",Gasoline,6-Speed A/T,288.0HP 3.6L V6 Cylinder Engine Gasoline Fuel,At least 1 accident or damage reported
Ford,"$30,000",F-150 XLT,2018,"67,650 mi.",Gasoline,A/T,375.0HP 3.5L V6 Cylinder Engine Gasoline Fuel,None reported
Lexus,"$19,000",ES 350 Base,2016,"119,850 mi.",Gasoline,A/T,268.0HP 3.5L V6 Cylinder Engine Gasoline Fuel,None reported
Acura,"$15,999",TL Type S,2008,"116,500 mi.",Gasoline,6-Speed M/T,286.0HP 3.5L V6 Cylinder Engine Gasoline Fuel,None reported
Mercury,"$4,200",Capri XR2,1993,"120,644 mi.",–,5-Speed M/T,–,None reported
Ford,"$9,985",Transit Connect XLT,2010,"169,802 mi.",Gasoline,4-Speed Automatic,2.0L I4 16V MPFI DOHC,None reported
BMW,"$50,000",X3 M40i,2021,"36,905 mi.",Gasoline,Transmission w/Dual Shift Mode,382.0HP 3.0L Straight 6 Cylinder Engine Gasoline Fuel,None reported
Jeep,"$47,000",Gladiator Willys,2022,"8,400 mi.",Gasoline,8-Speed A/T,285.0HP 3.6L V6 Cylinder Engine Gasoline Fuel,At least 1 accident or damage reported
Hummer,"$12,500",H2 Base,2003,"149,961 mi.",Gasoline,A/T,316.0HP 6.0L 8 Cylinder Engine Gasoline Fuel,At least 1 accident or damage reported
Mercedes-Benz,"$41,500",C-Class C 63 AMG,2014,"84,500 mi.",Gasoline,7-Speed A/T,451.0HP 6.2L 8 Cylinder Engine Gasoline Fuel,None reported
Lamborghini,"$399,900",Aventador LP700-4,2016,"3,254 mi.",Gasoline,7-Speed Automatic with Auto-Shift,6.5L V12 48V MPFI DOHC,None reported
Mercedes-Benz,"$65,000",G-Class G 550 4MATIC,2016,"96,000 mi.",Gasoline,A/T,416.0HP 4.0L 8 Cylinder Engine Gasoline Fuel,None reported
Nissan,"$57,000",GT-R Premium,2009,"88,000 mi.",Gasoline,Transmission w/Dual Shift Mode,480.0HP 3.8L V6 Cylinder Engine Gasoline Fuel,At least 1 accident or damage reported
Audi,"$94,900",R8 4.2 quattro Spyder,2011,"35,322 mi.",Gasoline,6-Speed Manual,4.2L V8 32V GDI DOHC,None reported
Acura,"$32,000",TLX A-Spec,2020,"32,500 mi.",Gasoline,A/T,206.0HP 2.4L 4 Cylinder Engine Gasoline Fuel,None reported
Audi,"$22,000",A6 3.0T Premium Plus,2016,"71,280 mi.",Gasoline,A/T,333.0HP 3.0L V6 Cylinder Engine Gasoline Fuel,None reported
Porsche,"$27,500",Panamera 2,2011,"37,200 mi.",Gasoline,7-Speed A/T,300.0HP 3.6L V6 Cylinder Engine Gasoline Fuel,None reported
Saturn,"$14,500",Sky Red Line,2008,"94,291 mi.",Gasoline,A/T,260.0HP 2.0L 4 Cylinder Engine Gasoline Fuel,None reported
Maserati,"$17,000",Coupe Cambiocorsa,2006,"54,082 mi.",Gasoline,Transmission w/Dual Shift Mode,390.0HP 4.2L 8 Cylinder Engine Gasoline Fuel,None reported
Volvo,"$66,000",XC90 Recharge Plug-In Hybrid T8 Inscription 7 Passenger,2022,"7,800 mi.",Plug-In Hybrid,8-Speed A/T,455.0HP 2.0L 4 Cylinder Engine Plug-In Electric/Gas,None reported
Jeep,"$22,000",Wrangler Sport,2016,"86,250 mi.",Gasoline,5-Speed A/T,285.0HP 3.6L V6 Cylinder Engine Gasoline Fuel,None reported
BMW,"$27,899",X5 xDrive50i,2016,"75,479 mi.",Gasoline,Transmission w/Dual Shift Mode,445.0HP 4.4L 8 Cylinder Engine Gasoline Fuel,None reported
BMW,"$50,000",750 i,2017,"24,650 mi.",Gasoline,A/T,445.0HP 4.4L 8 Cylinder Engine Gasoline Fuel,None reported
Volkswagen,"$20,000",Golf R 4-Door,2013,"102,750 mi.",Gasoline,6-Speed M/T,256.0HP 2.0L 4 Cylinder Engine Gasoline Fuel,None reported
Alfa,"$27,500",Romeo Stelvio Base,2018,"50,000 mi.",Gasoline,A/T,280.0HP 2.0L 4 Cylinder Engine Gasoline Fuel,None reported
BMW,"$27,499",X5 xDrive35i,2017,"72,700 mi.",Gasoline,A/T,300.0HP 3.0L Straight 6 Cylinder Engine Gasoline Fuel,None reported
BMW,"$49,000",X6 M Base,2018,"54,293 mi.",Gasoline,8-Speed A/T,567.0HP 4.4L 8 Cylinder Engine Gasoline Fuel,At least 1 accident or damage reported
Lexus,"$30,500",IS 300 Base,2018,"16,000 mi.",Gasoline,6-Speed A/T,260.0HP 3.5L V6 Cylinder Engine Gasoline Fuel,At least 1 accident or damage reported
Lamborghini,"$129,000",Gallardo SE,2006,"19,500 mi.",Gasoline,6-Speed A/T,493.0HP 5.0L 10 Cylinder Engine Gasoline Fuel,None reported
BMW,"$16,700",428 i,2014,"71,000 mi.",Gasoline,Transmission w/Dual Shift Mode,240.0HP 2.0L 4 Cylinder Engine Gasoline Fuel,At least 1 accident or damage reported
BMW,"$36,500",X5 xDrive40i,2019,"60,000 mi.",Gasoline,8-Speed A/T,335.0HP 3.0L Straight 6 Cylinder Engine Gasoline Fuel,None reported
Porsche,"$11,995",Boxster Base,1998,"75,539 mi.",Gasoline,5-Speed M/T,201.0HP 2.5L Flat 6 Cylinder Engine Gasoline Fuel,None reported
Alfa,"$21,000",Romeo Giulia Base,2017,"36,000 mi.",Gasoline,8-Speed A/T,280.0HP 2.0L 4 Cylinder Engine Gasoline Fuel,None reported
Mercedes-Benz,"$28,998",C-Class C 300,2019,"76,422 mi.",Gasoline,Automatic,2.0 Liter Turbo,None reported
Nissan,"$31,950",370Z NISMO Tech,2016,"42,600 mi.",Gasoline,7-Speed A/T,350.0HP 3.7L V6 Cylinder Engine Gasoline Fuel,At least 1 accident or damage reported
Rivian,"$99,000",R1S Adventure Package,2023,211 mi.,,A/T,835.0HP Electric Motor Electric Fuel System,None reported
Chevrolet,"$29,000",Suburban LT,2017,"98,888 mi.",Gasoline,A/T,6.0L 8 Cylinder Engine Gasoline Fuel,At least 1 accident or damage reported
Ford,"$19,395",Fusion Hybrid SE,2019,"64,532 mi.",Hybrid,A/T,188.0HP 2.0L 4 Cylinder Engine Gas/Electric Hybrid,At least 1 accident or damage reported
BMW,"$12,975",X3 xDrive35i,2011,"75,500 mi.",Gasoline,A/T,300.0HP 3.0L Straight 6 Cylinder Engine Gasoline Fuel,None reported
Buick,"$27,000",Envision Preferred,2019,"32,000 mi.",Gasoline,A/T,197.0HP 2.5L 4 Cylinder Engine Gasoline Fuel,None reported
Buick,"$24,991",Envision Essence,2019,"47,839 mi.",Gasoline,6-Speed Automatic,2.5L I4 16V GDI DOHC,None reported
Porsche,"$34,900",Cayenne GTS,2013,"98,413 mi.",Gasoline,Transmission w/Dual Shift Mode,420.0HP 4.8L 8 Cylinder Engine Gasoline Fuel,At least 1 accident or damage reported
Audi,"$78,500",RS 5 2.9T,2022,"9,628 mi.",Gasoline,8-Speed A/T,444.0HP 2.9L V6 Cylinder Engine Gasoline Fuel,None reported
Jaguar,"$16,370",XK8 Base,1999,"15,000 mi.",Gasoline,5-Speed A/T,290.0HP 4.0L 8 Cylinder Engine Gasoline Fuel,None reported
Audi,"$172,900",R8 5.2 V10,2021,"6,397 mi.",Gasoline,7-Speed Automatic with Auto-Shift,5.2L V10 40V PDI DOHC,None reported
Honda,"$44,998",Pilot Black Edition,2022,"22,564 mi.",Gasoline,Automatic,3.5 Liter,None reported
Lexus,"$28,000",RX 350 Crafted Line F Sport,2015,"110,000 mi.",Gasoline,Transmission w/Dual Shift Mode,270.0HP 3.5L V6 Cylinder Engine Gasoline Fuel,None reported
Mercedes-Benz,"$200,000",Sprinter 3500 High Roof,2022,105 mi.,Diesel,7-Speed A/T,161.0HP 2.0L 4 Cylinder Engine Diesel Fuel,None reported
Toyota,"$13,000",4Runner Limited,2004,"186,117 mi.",Gasoline,A/T,245.0HP 4.0L V6 Cylinder Engine Gasoline Fuel,None reported
Jeep,"$12,500",Wrangler Sport,2002,"103,500 mi.",Gasoline,M/T,190.0HP 4.0L Straight 6 Cylinder Engine Gasoline Fuel,None reported
Cadillac,"$76,700",CT6-V 4.2L Blackwing Twin Turbo,2019,"8,074 mi.",Gasoline,10-Speed Automatic,4.2L V8 32V GDI DOHC Twin Turbo,None reported
BMW,"$50,900",M3 Base,2011,"43,000 mi.",Gasoline,6-Speed M/T,414.0HP 4.0L 8 Cylinder Engine Gasoline Fuel,None reported
BMW,"$23,000",750 i,2015,"70,700 mi.",Gasoline,8-Speed A/T,445.0HP 4.4L 8 Cylinder Engine Gasoline Fuel,At least 1 accident or damage reported
Chevrolet,"$28,495",Trailblazer RS,2022,"42,479 mi.",Gasoline,9-Speed Automatic,1.3L I3 12V GDI DOHC Turbo,None reported
Ford,"$9,950",Excursion XLT 4WD,2000,"205,000 mi.",Gasoline,A/T,310.0HP 6.8L 10 Cylinder Engine Gasoline Fuel,At least 1 accident or damage reported
Audi,"$38,999",SQ5 3.0T Premium Plus,2019,"22,300 mi.",Gasoline,8-Speed A/T,349.0HP 3.0L V6 Cylinder Engine Gasoline Fuel,None reported
Ford,"$19,995",Expedition EL Limited,2017,"104,000 mi.",Gasoline,A/T,365.0HP 3.5L V6 Cylinder Engine Gasoline Fuel,At least 1 accident or damage reported
Ford,"$29,182",Bronco Sport Base,2022,"13,865 mi.",Gasoline,8-Speed Automatic,1.5L I3 12V PDI DOHC Turbo,None reported
BMW,"$84,995",M4 Competition xDrive,2022,"15,882 mi.",Gasoline,8-Speed A/T,503.0HP 3.0L Straight 6 Cylinder Engine Gasoline Fuel,None reported
Land,"$104,900",Rover Defender,2022,"12,209 mi.",Gasoline,8-Speed Automatic,5.0L V8 32V GDI DOHC Supercharged,None reported
Mercedes-Benz,"$60,998",AMG GLC 43 AMG GLC 43,2021,"10,483 mi.",Gasoline,Automatic,3.0 Liter Twin Turbo,None reported
Nissan,"$113,000",GT-R Premium,2017,"31,150 mi.",Gasoline,Transmission w/Dual Shift Mode,565.0HP 3.8L V6 Cylinder Engine Gasoline Fuel,None reported
Chrysler,"$12,700",200 C,2015,"44,000 mi.",E85 Flex Fuel,A/T,295.0HP 3.6L V6 Cylinder Engine Flex Fuel Capability,At least 1 accident or damage reported
Hummer,"$17,500",H2 Base,2003,"109,000 mi.",Gasoline,A/T,316.0HP 6.0L 8 Cylinder Engine Gasoline Fuel,None reported
BMW,"$62,450",M4 Base,2020,"31,350 mi.",Gasoline,Transmission w/Dual Shift Mode,425.0HP 3.0L Straight 6 Cylinder Engine Gasoline Fuel,None reported
Audi,"$62,000",Q8 55 Premium Plus,2021,"30,000 mi.",Hybrid,8-Speed A/T,335.0HP 3.0L V6 Cylinder Engine Gasoline/Mild Electric Hybrid,None reported
Land,"$19,950",Rover Range Rover HSE,2012,"66,500 mi.",Gasoline,A/T,385.0HP 5.0L 8 Cylinder Engine Gasoline Fuel,None reported
Nissan,"$17,000",Frontier SV,2012,"96,600 mi.",Gasoline,A/T,261.0HP 4.0L V6 Cylinder Engine Gasoline Fuel,At least 1 accident or damage reported
Toyota,"$14,000",Highlander LE Plus,2015,"198,000 mi.",Gasoline,A/T,270.0HP 3.5L V6 Cylinder Engine Gasoline Fuel,None reported
Audi,"$24,000",S4 3.0T Premium Plus,2013,"91,877 mi.",Gasoline,A/T,333.0HP 3.0L V6 Cylinder Engine Gasoline Fuel,At least 1 accident or damage reported
Ford,"$45,023",Expedition Max Limited,2018,"45,578 mi.",Gasoline,10-Speed A/T,375.0HP 3.5L V6 Cylinder Engine Gasoline Fuel,None reported
BMW,"$19,996",228 i,2015,"54,000 mi.",Gasoline,6-Speed M/T,240.0HP 2.0L 4 Cylinder Engine Gasoline Fuel,At least 1 accident or damage reported
Land,"$55,000",Rover Range Rover Sport HST MHEV,2020,"52,000 mi.",Hybrid,8-Speed A/T,395.0HP 3.0L Straight 6 Cylinder Engine Gasoline/Mild Electric Hybrid,None reported
Mercedes-Benz,"$72,598",E-Class AMG E 53,2020,"23,044 mi.",Hybrid,Automatic,3.0 Liter Turbo,None reported
Porsche,"$35,000",911 Carrera,2008,"132,500 mi.",Gasoline,6-Speed M/T,325.0HP 3.6L Flat 6 Cylinder Engine Gasoline Fuel,None reported
Dodge,"$4,000",Dakota SLT Quad Cab,2006,"256,000 mi.",Gasoline,A/T,4.7L 8 Cylinder Engine Gasoline Fuel,None reported
Mercedes-Benz,"$65,700",SL-Class SL63 AMG Roadster,2009,"31,370 mi.",Gasoline,Transmission w/Dual Shift Mode,518.0HP 6.3L 8 Cylinder Engine Gasoline Fuel,None reported
Chrysler,"$4,900",Sebring LX,2008,"67,303 mi.",Gasoline,A/T,173.0HP 2.4L 4 Cylinder Engine Gasoline Fuel,None reported
Chevrolet,"$99,900",Corvette Stingray w/3LT,2021,"12,000 mi.",Gasoline,A/T,490.0HP 6.2L 8 Cylinder Engine Gasoline Fuel,At least 1 accident or damage reported
Ford,"$54,000",Bronco Outer Banks,2023,"16,500 mi.",Gasoline,A/T,275.0HP 2.3L 4 Cylinder Engine Gasoline Fuel,None reported
Toyota,"$42,900",Tacoma TRD Pro,2018,"28,800 mi.",Gasoline,"Manual, 6-Spd","3.5L V-6 port/direct injection, DOHC, VVT-iE variable valve cont",None reported
RAM,"$39,900",ProMaster 2500 High Roof,2019,"88,000 mi.",Gasoline,6-Speed A/T,280.0HP 3.6L V6 Cylinder Engine Gasoline Fuel,At least 1 accident or damage reported
Ford,"$60,867",Shelby GT350 Base,2018,"18,515 mi.",Gasoline,6-Speed M/T,526.0HP 5.2L 8 Cylinder Engine Gasoline Fuel,At least 1 accident or damage reported
Tesla,"$30,499",Model 3 Performance,2018,"92,813 mi.",,1-Speed A/T,271.0HP Electric Motor Electric Fuel System,None reported
Land,"$172,000",Rover Range Rover P530 SE LWB 7 Seat,2023,"2,100 mi.",Gasoline,8-Speed A/T,523.0HP 4.4L 8 Cylinder Engine Gasoline Fuel,None reported
Volvo,"$29,000",XC60 T6 Inscription,2019,"58,600 mi.",Gasoline,A/T,330.0HP 2.0L 4 Cylinder Engine Gasoline Fuel,At least 1 accident or damage reported
Lexus,"$33,900",LS 460 Crafted Line,2015,"74,500 mi.",Gasoline,Transmission w/Dual Shift Mode,386.0HP 4.6L 8 Cylinder Engine Gasoline Fuel,None reported
Tesla,"$51,900",Model S 100D,2018,"33,500 mi.",,A/T,518.0HP Electric Motor Electric Fuel System,None reported
Cadillac,"$69,000",XT6 Premium Luxury AWD,2023,222 mi.,Gasoline,A/T,310.0HP 3.6L V6 Cylinder Engine Gasoline Fuel,None reported
Chevrolet,"$16,499",Avalanche 1500 LTZ,2007,"75,124 mi.",E85 Flex Fuel,A/T,310.0HP 5.3L 8 Cylinder Engine Flex Fuel Capability,None reported
Chevrolet,"$45,000",Corvette Grand Sport,2013,"15,500 mi.",Gasoline,Transmission w/Dual Shift Mode,430.0HP 6.2L 8 Cylinder Engine Gasoline Fuel,None reported
Audi,"$52,500",Q8 55 Premium,2020,"34,300 mi.",Hybrid,8-Speed A/T,335.0HP 3.0L V6 Cylinder Engine Gasoline/Mild Electric Hybrid,None reported
Honda,"$32,471",Odyssey Elite,2019,"82,000 mi.",Gasoline,10-Speed A/T,280.0HP 3.5L V6 Cylinder Engine Gasoline Fuel,None reported
Acura,"$38,598",TLX,2023,"3,389 mi.",Gasoline,Automatic,2.0 Liter DOHC Turbo,None reported
Porsche,"$145,000",Cayenne GTS Coupe AWD,2023,"10,000 mi.",Gasoline,8-Speed A/T,453.0HP 4.0L 8 Cylinder Engine Gasoline Fuel,None reported
Cadillac,"$4,999",STS V6,2005,"96,000 mi.",Gasoline,A/T,260.0HP 3.6L V6 Cylinder Engine Gasoline Fuel,At least 1 accident or damage reported
Dodge,"$41,950",Charger R/T,2021,"7,751 mi.",Gasoline,8-Speed A/T,370.0HP 5.7L 8 Cylinder Engine Gasoline Fuel,None reported
Audi,"$59,200",RS 7 4.0T Performance Prestige,2017,"66,250 mi.",Gasoline,8-Speed A/T,605.0HP 4.0L 8 Cylinder Engine Gasoline Fuel,At least 1 accident or damage reported
Lexus,"$14,945",CT 200h Premium,2012,"109,000 mi.",Hybrid,A/T,134.0HP 1.8L 4 Cylinder Engine Gas/Electric Hybrid,At least 1 accident or damage reported
Hyundai,"$17,000",Genesis Coupe 3.8 Base,2015,"60,000 mi.",Gasoline,Transmission w/Dual Shift Mode,348.0HP 3.8L V6 Cylinder Engine Gasoline Fuel,None reported
Tesla,"$63,000",Model S Performance,2020,"14,700 mi.",,1-Speed A/T,778.0HP Electric Motor Electric Fuel System,None reported
Mercedes-Benz,"$56,999",E-Class E 350 4MATIC,2022,"9,006 mi.",Gasoline,9-Speed A/T,255.0HP 2.0L 4 Cylinder Engine Gasoline Fuel,None reported
Toyota,"$33,499",GR86 Base,2022,"13,400 mi.",Gasoline,6-Speed A/T,228.0HP 2.4L 4 Cylinder Engine Gasoline Fuel,None reported
Porsche,"$55,998",Macan S,2020,"28,570 mi.",Gasoline,Automatic,3.0 Liter Turbo,None reported
Dodge,"$44,700",Durango SRT,2018,"78,000 mi.",Gasoline,Transmission w/Dual Shift Mode,475.0HP 6.4L 8 Cylinder Engine Gasoline Fuel,At least 1 accident or damage reported
Lexus,"$29,995",LX 570 Base,2013,"134,000 mi.",Gasoline,A/T,383.0HP 5.7L 8 Cylinder Engine Gasoline Fuel,At least 1 accident or damage reported
Kia,"$9,000",Optima Hybrid EX,2013,"104,994 mi.",Hybrid,6-Speed A/T,199.0HP 2.4L 4 Cylinder Engine Gas/Electric Hybrid,None reported
Bentley,"$103,900",Continental GT V8 S,2016,"31,500 mi.",Gasoline,8-Speed A/T,521.0HP 4.0L 8 Cylinder Engine Gasoline Fuel,None reported
Alfa,"$28,900",Romeo Giulia Base,2020,"30,000 mi.",Gasoline,8-Speed A/T,280.0HP 2.0L 4 Cylinder Engine Gasoline Fuel,None reported
Lexus,"$124,999",LX 600 F SPORT,2023,490 mi.,Gasoline,A/T,409.0HP 3.4L V6 Cylinder Engine Gasoline Fuel,None reported
Porsche,"$105,000",Taycan Turbo,2020,"18,000 mi.",,A/T,616.0HP Electric Motor Electric Fuel System,None reported
Toyota,"$37,999",Sequoia Limited,2017,"67,000 mi.",E85 Flex Fuel,6-Speed A/T,381.0HP 5.7L 8 Cylinder Engine Flex Fuel Capability,None reported
Kia,"$29,000",K5 EX,2021,"8,263 mi.",Gasoline,A/T,180.0HP 1.6L 4 Cylinder Engine Gasoline Fuel,None reported
RAM,"$40,999",1500 Big Horn,2021,"35,003 mi.",Gasoline,8-Speed Automatic,5.7L V8 16V MPFI OHV,None reported
Chevrolet,"$31,000",Corvette Base,2008,"80,000 mi.",Gasoline,6-Speed A/T,430.0HP 6.2L 8 Cylinder Engine Gasoline Fuel,None reported
Chevrolet,"$99,999",Corvette Stingray w/1LT,2022,"6,200 mi.",Gasoline,Transmission w/Dual Shift Mode,490.0HP 6.2L 8 Cylinder Engine Gasoline Fuel,None reported
Jaguar,"$32,450",F-TYPE S,2014,"74,595 mi.",Gasoline,8-Speed A/T,495.0HP 5.0L 8 Cylinder Engine Gasoline Fuel,At least 1 accident or damage reported
Audi,"$20,999",A7 3.0T Prestige,2013,"87,066 mi.",Gasoline,8-Speed A/T,310.0HP 3.0L V6 Cylinder Engine Gasoline Fuel,None reported
Audi,"$49,936",Q8 3.0T Prestige,2019,"38,360 mi.",Gasoline,8-Speed Automatic,3.0L V6 24V GDI DOHC Turbo,None reported
Kia,"$41,999",Telluride SX,2020,"38,000 mi.",Gasoline,8-Speed A/T,291.0HP 3.8L V6 Cylinder Engine Gasoline Fuel,None reported
Toyota,"$23,995",Camry Hybrid XLE,2018,"69,641 mi.",Hybrid,CVT Transmission,208.0HP 2.5L 4 Cylinder Engine Gas/Electric Hybrid,At least 1 accident or damage reported
Toyota,"$47,999",GR86 Premium,2022,"1,275 mi.",Gasoline,6-Speed A/T,228.0HP 2.4L 4 Cylinder Engine Gasoline Fuel,None reported
BMW,"$25,000",M3 Base,2001,"60,000 mi.",Gasoline,6-Speed M/T,333.0HP 3.2L Straight 6 Cylinder Engine Gasoline Fuel,None reported
Jeep,"$21,000",Wrangler Rubicon,2014,"99,450 mi.",Gasoline,6-Speed M/T,285.0HP 3.6L V6 Cylinder Engine Gasoline Fuel,None reported
Toyota,"$82,500",Tundra Hybrid Capstone,2023,200 mi.,Hybrid,10-Speed A/T,437.0HP 3.4L V6 Cylinder Engine Gas/Electric Hybrid,None reported
Porsche,"$32,950",Panamera 4 Edition,2016,"68,000 mi.",Gasoline,Transmission w/Dual Shift Mode,310.0HP 3.6L V6 Cylinder Engine Gasoline Fuel,At least 1 accident or damage reported
Lexus,"$9,450",GS 350 Base,2010,"212,000 mi.",Gasoline,A/T,303.0HP 3.5L V6 Cylinder Engine Gasoline Fuel,At least 1 accident or damage reported
GMC,"$58,500",Sierra 3500 Denali,2019,"73,091 mi.",Diesel,A/T,445.0HP 6.6L 8 Cylinder Engine Diesel Fuel,At least 1 accident or damage reported
Kia,"$31,500",Niro Plug-In Hybrid EX,2023,"9,400 mi.",Plug-In Hybrid,A/T,180.0HP 1.6L 4 Cylinder Engine Plug-In Electric/Gas,None reported
Porsche,"$16,975",Cayenne Base,2014,"117,697 mi.",Gasoline,8-Speed A/T,300.0HP 3.6L V6 Cylinder Engine Gasoline Fuel,At least 1 accident or damage reported
Mercedes-Benz,"$55,000",S-Class S 65 AMG,2015,"95,428 mi.",Gasoline,A/T,621.0HP 6.0L 12 Cylinder Engine Gasoline Fuel,None reported
Lexus,"$31,950",GX 460 Premium,2017,"116,300 mi.",Gasoline,6-Speed A/T,301.0HP 4.6L 8 Cylinder Engine Gasoline Fuel,None reported
Acura,"$41,899",MDX Sport Hybrid 3.0L w/Technology Package,2019,"56,778 mi.",Hybrid,7-Speed A/T,321.0HP 3.0L V6 Cylinder Engine Gas/Electric Hybrid,None reported
Audi,"$48,698",Q5 S line Premium Plus,2023,"5,682 mi.",Hybrid,Automatic,2.0 Liter TFSI,None reported
BMW,"$31,000",530 i,2017,"37,000 mi.",Gasoline,A/T,248.0HP 2.0L 4 Cylinder Engine Gasoline Fuel,None reported
Kia,"$8,500",Forte Koup EX,2015,"103,748 mi.",Gasoline,A/T,173.0HP 2.0L 4 Cylinder Engine Gasoline Fuel,None reported
Toyota,"$22,500",Sequoia Limited,2005,"86,000 mi.",Gasoline,A/T,282.0HP 4.7L 8 Cylinder Engine Gasoline Fuel,None reported
Land,"$21,000",Rover LR4 HSE,2013,"125,900 mi.",Gasoline,A/T,375.0HP 5.0L 8 Cylinder Engine Gasoline Fuel,None reported
Nissan,"$48,000",Titan SV,2023,"6,200 mi.",Gasoline,9-Speed A/T,400.0HP 5.6L 8 Cylinder Engine Gasoline Fuel,None reported
Ford,"$52,500",F-250 Lariat,2019,"85,000 mi.",Diesel,6-Speed A/T,450.0HP 6.7L 8 Cylinder Engine Diesel Fuel,At least 1 accident or damage reported
Mercedes-Benz,"$75,000",AMG GT AMG GT,2017,"19,324 mi.",Gasoline,Transmission w/Dual Shift Mode,456.0HP 4.0L 8 Cylinder Engine Gasoline Fuel,None reported
Cadillac,"$54,000",Escalade Platinum,2018,"49,273 mi.",Gasoline,A/T,420.0HP 6.2L 8 Cylinder Engine Gasoline Fuel,None reported
Tesla,"$32,000",Model 3 Standard Range Plus,2019,"42,094 mi.",,A/T,Electric Motor Electric Fuel System,None reported
BMW,"$55,000",M3 Base,2017,"44,000 mi.",Gasoline,7-Speed A/T,425.0HP 3.0L Straight 6 Cylinder Engine Gasoline Fuel,None reported
Chevrolet,"$5,500",Cruze LT,2012,"148,377 mi.",Gasoline,6-Speed A/T,138.0HP 1.4L 4 Cylinder Engine Gasoline Fuel,
Dodge,"$22,000",Challenger SRT8,2010,"70,000 mi.",Gasoline,6-Speed M/T,425.0HP 6.1L 8 Cylinder Engine Gasoline Fuel,None reported
Mercedes-Benz,"$33,490",Sprinter 2500,2016,"143,290 mi.",Diesel,A/T,161.0HP 2.1L 4 Cylinder Engine Diesel Fuel,None reported
Ford,"$73,500",F-350 Platinum,2019,"69,205 mi.",Diesel,Transmission w/Dual Shift Mode,450.0HP 6.7L 8 Cylinder Engine Diesel Fuel,None reported
Chevrolet,"$25,650",Tahoe LTZ,2015,"123,500 mi.",Gasoline,6-Speed A/T,355.0HP 5.3L 8 Cylinder Engine Gasoline Fuel,None reported
Audi,"$30,950",Q7 3.0T Prestige,2018,"70,773 mi.",Gasoline,A/T,333.0HP 3.0L V6 Cylinder Engine Gasoline Fuel,None reported
Jeep,"$7,599",Patriot Latitude,2015,"109,000 mi.",Gasoline,A/T,158.0HP 2.0L 4 Cylinder Engine Gasoline Fuel,At least 1 accident or damage reported
INFINITI,"$18,995",QX70 Base,2014,"71,097 mi.",Gasoline,7-Speed A/T,325.0HP 3.7L V6 Cylinder Engine Gasoline Fuel,None reported
BMW,"$12,000",X5 xDrive35i,2013,"76,309 mi.",Gasoline,A/T,300.0HP 3.0L Straight 6 Cylinder Engine Gasoline Fuel,
Tesla,"$36,998",Model 3,2018,"26,609 mi.",,Automatic,Electric,None reported
Land,"$155,000",Rover Range Rover P400 SE LWB 7 Seat,2023,"4,126 mi.",Hybrid,A/T,395.0HP 3.0L Straight 6 Cylinder Engine Gasoline/Mild Electric Hybrid,
Nissan,"$15,500",240SX Base,1996,"160,490 mi.",–,5-Speed M/T,–,None reported
Cadillac,"$15,000",ATS 2.5L,2014,"80,400 mi.",Gasoline,A/T,202.0HP 2.5L 4 Cylinder Engine Gasoline Fuel,At least 1 accident or damage reported
Toyota,"$9,900",RAV4 Base,2010,"123,620 mi.",Gasoline,4-Speed A/T,179.0HP 2.5L 4 Cylinder Engine Gasoline Fuel,At least 1 accident or damage reported
Acura,"$5,500",TSX Technology,2011,"187,883 mi.",Gasoline,A/T,201.0HP 2.4L 4 Cylinder Engine Gasoline Fuel,None reported
Mercedes-Benz,"$133,000",G-Class G 550 4MATIC,2020,"45,000 mi.",Gasoline,A/T,416.0HP 4.0L 8 Cylinder Engine Gasoline Fuel,None reported
Honda,"$24,500",Civic Sport,2022,"25,420 mi.",Gasoline,CVT Transmission,158.0HP 2.0L 4 Cylinder Engine Gasoline Fuel,None reported
BMW,"$29,999",M3 Base,2011,"129,999 mi.",Gasoline,6-Speed M/T,414.0HP 4.0L 8 Cylinder Engine Gasoline Fuel,None reported
BMW,"$38,490",M3 Base,2008,"41,048 mi.",Gasoline,Transmission w/Dual Shift Mode,414.0HP 4.0L 8 Cylinder Engine Gasoline Fuel,None reported
Nissan,"$6,750",Cube 1.8 S,2010,"72,500 mi.",Gasoline,6-Speed M/T,122.0HP 1.8L 4 Cylinder Engine Gasoline Fuel,None reported
RAM,"$13,000",ProMaster 3500 Tradesman,2014,"143,390 mi.",Gasoline,6-Speed A/T,280.0HP 3.6L V6 Cylinder Engine Gasoline Fuel,None reported
Acura,"$23,500",RDX Base,2018,"68,425 mi.",Gasoline,6-Speed A/T,279.0HP 3.5L V6 Cylinder Engine Gasoline Fuel,At least 1 accident or damage reported
Toyota,"$33,000",4Runner Limited,2018,"95,000 mi.",Gasoline,A/T,270.0HP 4.0L V6 Cylinder Engine Gasoline Fuel,None reported
RAM,"$49,500",1500 Limited,2019,"29,000 mi.",Gasoline,8-Speed A/T,395.0HP 5.7L 8 Cylinder Engine Gasoline Fuel,At least 1 accident or damage reported
Chevrolet,"$22,000",Corvette Base,2003,"145,000 mi.",Gasoline,A/T,350.0HP 5.7L 8 Cylinder Engine Gasoline Fuel,None reported
Land,"$68,000",Rover Defender 110 SE,2020,"29,700 mi.",Hybrid,8-Speed A/T,395.0HP 3.0L Straight 6 Cylinder Engine Gasoline/Mild Electric Hybrid,
Jeep,"$14,995",Grand Cherokee Laredo,2011,"98,658 mi.",Gasoline,5-Speed A/T,360.0HP 5.7L 8 Cylinder Engine Gasoline Fuel,None reported
Volvo,"$10,500",S80 T6,2009,"97,615 mi.",Gasoline,6-Speed A/T,281.0HP 3.0L Straight 6 Cylinder Engine Gasoline Fuel,None reported
Porsche,"$37,000",Cayenne S,2014,"36,000 mi.",Gasoline,8-Speed A/T,400.0HP 4.8L 8 Cylinder Engine Gasoline Fuel,None reported
Mazda,"$22,389",CX-30 Select,2021,"61,874 mi.",Gasoline,6-Speed Automatic,2.5L I4 16V GDI DOHC,None reported
Chrysler,"$8,500",Town & Country Touring,2012,"74,582 mi.",E85 Flex Fuel,6-Speed A/T,283.0HP 3.6L V6 Cylinder Engine Flex Fuel Capability,None reported
INFINITI,"$23,900",FX37 Base,2013,"51,500 mi.",Gasoline,A/T,325.0HP 3.7L V6 Cylinder Engine Gasoline Fuel,None reported
Toyota,"$14,950",FJ Cruiser Base,2007,"193,827 mi.",Gasoline,A/T,239.0HP 4.0L V6 Cylinder Engine Gasoline Fuel,None reported
Chevrolet,"$36,950",Silverado 1500 LT,2019,"53,433 mi.",Gasoline,A/T,355.0HP 5.3L 8 Cylinder Engine Gasoline Fuel,None reported
Mercedes-Benz,"$40,000",C-Class C 63 AMG,2012,"103,000 mi.",Gasoline,7-Speed A/T,451.0HP 6.3L 8 Cylinder Engine Gasoline Fuel,At least 1 accident or damage reported
BMW,"$20,999",428 Gran Coupe i xDrive,2016,"59,000 mi.",Gasoline,Transmission w/Dual Shift Mode,240.0HP 2.0L 4 Cylinder Engine Gasoline Fuel,At least 1 accident or damage reported
Lexus,"$32,900",GX 460 Premium,2017,"82,000 mi.",Gasoline,A/T,301.0HP 4.6L 8 Cylinder Engine Gasoline Fuel,None reported
Porsche,"$45,000",Panamera Edition,2016,"60,000 mi.",Gasoline,A/T,310.0HP 3.6L V6 Cylinder Engine Gasoline Fuel,None reported
Cadillac,"$47,000",Escalade ESV Platinum,2017,"93,971 mi.",Gasoline,A/T,420.0HP 6.2L 8 Cylinder Engine Gasoline Fuel,None reported
Lexus,"$27,500",IS 350 Base,2015,"62,600 mi.",Gasoline,Transmission w/Dual Shift Mode,306.0HP 3.5L V6 Cylinder Engine Gasoline Fuel,None reported
Mercedes-Benz,"$19,000",E-Class E 350 4MATIC,2014,"84,450 mi.",Gasoline,7-Speed A/T,302.0HP 3.5L V6 Cylinder Engine Gasoline Fuel,None reported
Audi,"$40,798",Q5 S line Premium,2022,"18,099 mi.",Hybrid,Automatic,2.0 Liter TFSI,None reported
Mercedes-Benz,"$17,999",E-Class E 350 4MATIC,2014,"76,500 mi.",Gasoline,7-Speed A/T,302.0HP 3.5L V6 Cylinder Engine Gasoline Fuel,None reported
Chevrolet,"$19,800",Camaro 1LT,2017,"74,000 mi.",Gasoline,A/T,275.0HP 2.0L 4 Cylinder Engine Gasoline Fuel,None reported
RAM,"$45,999",1500 Laramie,2022,"15,607 mi.",Gasoline,8-Speed Automatic,5.7L V8 16V MPFI OHV,None reported
Chevrolet,"$26,000",Silverado 1500 1LZ,2014,"111,095 mi.",E85 Flex Fuel,6-Speed A/T,355.0HP 5.3L 8 Cylinder Engine Flex Fuel Capability,At least 1 accident or damage reported
Toyota,"$14,995",Camry Solara SLE,2007,"37,216 mi.",Gasoline,A/T,210.0HP 3.3L V6 Cylinder Engine Gasoline Fuel,At least 1 accident or damage reported
Jaguar,"$38,500",F-TYPE S,2015,"25,786 mi.",Gasoline,8-Speed A/T,380.0HP 3.0L V6 Cylinder Engine Gasoline Fuel,None reported
Jeep,"$40,459",Gladiator Sport,2021,"15,520 mi.",Gasoline,8-Speed Automatic,3.6L V6 24V MPFI DOHC,None reported
RAM,"$42,816",1500 Big Horn,2021,"49,583 mi.",Gasoline,8-Speed Automatic,5.7L V8 16V MPFI OHV,None reported
Porsche,"$29,995",Cayenne Diesel,2015,"97,300 mi.",Diesel,8-Speed A/T,240.0HP 3.0L V6 Cylinder Engine Diesel Fuel,None reported
Chevrolet,"$10,400",Camaro Base,2002,"89,000 mi.",Gasoline,A/T,200.0HP 3.8L V6 Cylinder Engine Gasoline Fuel,None reported
Porsche,"$37,500",Cayenne S,2015,"52,111 mi.",Gasoline,8-Speed A/T,420.0HP 3.6L V6 Cylinder Engine Gasoline Fuel,At least 1 accident or damage reported
Dodge,"$35,998",Challenger R/T Scat Pack,2019,"75,800 mi.",Gasoline,Automatic,6.4 Liter,None reported
Lexus,"$11,000",ES 350 Base,2010,"113,500 mi.",Gasoline,A/T,272.0HP 3.5L V6 Cylinder Engine Gasoline Fuel,At least 1 accident or damage reported
Audi,"$13,500",Q3 2.0T Premium Plus,2015,"155,382 mi.",Gasoline,A/T,200.0HP 2.0L 4 Cylinder Engine Gasoline Fuel,At least 1 accident or damage reported
Mercedes-Benz,"$33,995",E-Class E 550,2016,"49,643 mi.",Gasoline,7-Speed A/T,402.0HP 4.7L 8 Cylinder Engine Gasoline Fuel,At least 1 accident or damage reported
BMW,"$32,000",650 i xDrive,2015,"76,474 mi.",Gasoline,Transmission w/Dual Shift Mode,445.0HP 4.4L 8 Cylinder Engine Gasoline Fuel,None reported
Porsche,"$50,999",Cayman Base,2016,"10,431 mi.",Gasoline,7-Speed A/T,275.0HP 2.7L Flat 6 Cylinder Engine Gasoline Fuel,None reported
INFINITI,"$12,500",FX50 Base,2009,"190,120 mi.",Gasoline,7-Speed A/T,390.0HP 5.0L 8 Cylinder Engine Gasoline Fuel,At least 1 accident or damage reported
Ford,"$29,999",F-150 XLT,2020,"92,000 mi.",Gasoline,10-Speed A/T,375.0HP 3.5L V6 Cylinder Engine Gasoline Fuel,None reported
Chevrolet,"$32,000",Camaro 2LT,2017,"24,000 mi.",Gasoline,6-Speed M/T,335.0HP 3.6L V6 Cylinder Engine Gasoline Fuel,None reported
RAM,"$43,250",1500 Big Horn,2020,"25,396 mi.",Gasoline,8-Speed Automatic,5.7L V8 16V MPFI OHV,None reported
Chevrolet,"$6,500",Silverado 2500 H/D,2001,"167,000 mi.",Gasoline,4-Speed A/T,300.0HP 6.0L 8 Cylinder Engine Gasoline Fuel,At least 1 accident or damage reported
RAM,"$49,700",1500 Laramie,2022,"18,645 mi.",Gasoline,Automatic,5.7L V8 16V MPFI OHV,None reported
Porsche,"$147,500",911 Turbo,2018,"28,470 mi.",Gasoline,Transmission w/Dual Shift Mode,540.0HP 3.8L Flat 6 Cylinder Engine Gasoline Fuel,At least 1 accident or damage reported
Ford,"$23,999",Mustang V6,2016,"54,000 mi.",Gasoline,6-Speed A/T,300.0HP 3.7L V6 Cylinder Engine Gasoline Fuel,None reported
Hyundai,"$2,900",Accent GL,2003,"83,000 mi.",Gasoline,M/T,104.0HP 1.6L 4 Cylinder Engine Gasoline Fuel,None reported
Audi,"$40,598",Q5 S line Premium Plus,2022,"10,071 mi.",Hybrid,Automatic,2.0 Liter TFSI,None reported
Ford,"$43,642",F-150 XLT,2021,"43,329 mi.",Gasoline,10-Speed Automatic,3.5L V6 24V PDI DOHC Twin Turbo,None reported
Lexus,"$43,000",RC F Base,2015,"51,400 mi.",Gasoline,8-Speed A/T,467.0HP 5.0L 8 Cylinder Engine Gasoline Fuel,None reported
Chevrolet,"$23,000",Suburban 1500 LT,2015,"153,800 mi.",E85 Flex Fuel,6-Speed A/T,355.0HP 5.3L 8 Cylinder Engine Flex Fuel Capability,At least 1 accident or damage reported
Land,"$115,000",Rover Range Rover Sport SVR Carbon Edition,2022,"9,000 mi.",Gasoline,A/T,575.0HP 5.0L 8 Cylinder Engine Gasoline Fuel,None reported
Dodge,"$65,499",Viper SRT-10,2003,"10,800 mi.",Gasoline,6-Speed M/T,500.0HP 8.3L 10 Cylinder Engine Gasoline Fuel,None reported
RAM,"$48,815",1500 Laramie,2020,"10,458 mi.",Gasoline,8-Speed Automatic,5.7L V8 16V MPFI OHV,None reported
BMW,"$13,800",328 i,2014,"84,709 mi.",Gasoline,8-Speed A/T,240.0HP 2.0L 4 Cylinder Engine Gasoline Fuel,None reported
Mercedes-Benz,"$45,770",AMG C 43 AMG C 43 4MATIC,2019,"33,500 mi.",Gasoline,9-Speed A/T,385.0HP 3.0L V6 Cylinder Engine Gasoline Fuel,None reported
BMW,"$32,999",M4 Base,2015,"98,000 mi.",Gasoline,Transmission w/Dual Shift Mode,425.0HP 3.0L Straight 6 Cylinder Engine Gasoline Fuel,None reported
BMW,"$7,300",750 i,2008,"94,653 mi.",Gasoline,A/T,360.0HP 4.8L 8 Cylinder Engine Gasoline Fuel,At least 1 accident or damage reported
Ford,"$85,000",Expedition Limited,2023,"9,281 mi.",Gasoline,A/T,440.0HP 3.5L V6 Cylinder Engine Gasoline Fuel,None reported
Chevrolet,"$47,000",Traverse Premier,2023,"11,806 mi.",Gasoline,9-Speed A/T,310.0HP 3.6L V6 Cylinder Engine Gasoline Fuel,None reported
Mercedes-Benz,"$22,500",E-Class D 2.5 Turbo,1993,"70,015 mi.",–,4-Speed A/T,–,None reported
Cadillac,"$61,500",Escalade Platinum,2020,"48,613 mi.",Gasoline,A/T,420.0HP 6.2L 8 Cylinder Engine Gasoline Fuel,At least 1 accident or damage reported
RAM,"$69,900",3500 Tradesman,2023,"2,990 mi.",Diesel,A/T,400.0HP 6.7L Straight 6 Cylinder Engine Diesel Fuel,At least 1 accident or damage reported
Audi,"$6,900",TT 1.8L,2005,"124,747 mi.",Gasoline,Transmission w/Dual Shift Mode,180.0HP 1.8L 4 Cylinder Engine Gasoline Fuel,None reported
RAM,"$42,000",1500 Big Horn,2021,"24,000 mi.",Hybrid,A/T,395.0HP 5.7L 8 Cylinder Engine Gasoline/Mild Electric Hybrid,None reported
Mazda,"$5,499",CX-7 Sport,2009,"113,000 mi.",Gasoline,6-Speed A/T,244.0HP 2.3L 4 Cylinder Engine Gasoline Fuel,None reported
INFINITI,"$18,000",QX60 Base,2017,"89,106 mi.",Gasoline,Transmission w/Dual Shift Mode,295.0HP 3.5L V6 Cylinder Engine Gasoline Fuel,None reported
Ford,"$53,000",F-250 Platinum,2017,"22,000 mi.",E85 Flex Fuel,6-Speed A/T,385.0HP 6.2L 8 Cylinder Engine Flex Fuel Capability,At least 1 accident or damage reported
Jeep,"$28,298",Compass Limited,2022,"20,472 mi.",Gasoline,9-Speed Automatic,2.4L I4 16V MPFI SOHC,None reported
INFINITI,"$78,990",QX80 SENSORY,2023,"8,600 mi.",Gasoline,7-Speed A/T,400.0HP 5.6L 8 Cylinder Engine Gasoline Fuel,
Chevrolet,"$57,000",Silverado 1500 Limited LT Trail Boss,2022,"4,753 mi.",Gasoline,10-Speed A/T,355.0HP 5.3L 8 Cylinder Engine Gasoline Fuel,None reported
Hyundai,"$8,900",Genesis Coupe 2.0T,2010,"65,000 mi.",Gasoline,A/T,210.0HP 2.0L 4 Cylinder Engine Gasoline Fuel,
Chevrolet,"$43,500",Camaro 1SS,2021,"15,000 mi.",Gasoline,6-Speed M/T,455.0HP 6.2L 8 Cylinder Engine Gasoline Fuel,None reported
Chevrolet,"$19,500",Tahoe Base,1997,"229,000 mi.",Diesel,A/T,180.0HP 6.5L 8 Cylinder Engine Diesel Fuel,At least 1 accident or damage reported
Audi,"$26,500",A6 3.0 TDI Premium Plus,2014,"42,400 mi.",Diesel,8-Speed A/T,240.0HP 3.0L V6 Cylinder Engine Diesel Fuel,None reported
Land,"$69,900",Rover Defender S,2023,"15,840 mi.",Gasoline,8-Speed A/T,296.0HP 2.0L 4 Cylinder Engine Gasoline Fuel,None reported
Porsche,"$42,000",Cayenne S,2016,"76,200 mi.",Gasoline,Transmission w/Dual Shift Mode,420.0HP 3.6L V6 Cylinder Engine Gasoline Fuel,None reported
Chevrolet,"$39,000",Suburban Premier,2019,"105,667 mi.",Gasoline,6-Speed A/T,355.0HP 5.3L 8 Cylinder Engine Gasoline Fuel,None reported
Chevrolet,"$49,900",Suburban Premier,2019,"51,338 mi.",Gasoline,6-Speed A/T,355.0HP 5.3L 8 Cylinder Engine Gasoline Fuel,None reported
Dodge,"$8,100",Dart SE,2016,"76,857 mi.",Gasoline,M/T,160.0HP 2.0L 4 Cylinder Engine Gasoline Fuel,At least 1 accident or damage reported
Ford,"$42,500",F-250 Lariat,2019,"80,200 mi.",E85 Flex Fuel,A/T,385.0HP 6.2L 8 Cylinder Engine Flex Fuel Capability,None reported
Toyota,"$3,950",Sequoia SR5,2002,"244,200 mi.",Gasoline,A/T,240.0HP 4.7L 8 Cylinder Engine Gasoline Fuel,At least 1 accident or damage reported
Ford,"$28,500",Mustang GT,2014,"38,560 mi.",Gasoline,6-Speed M/T,420.0HP 5.0L 8 Cylinder Engine Gasoline Fuel,At least 1 accident or damage reported
Chevrolet,"$84,999",Corvette Stingray w/2LT,2020,"12,500 mi.",Gasoline,Transmission w/Dual Shift Mode,490.0HP 6.2L 8 Cylinder Engine Gasoline Fuel,None reported
Hyundai,"$20,999",Genesis Coupe 3.8 Base,2016,"45,303 mi.",Gasoline,8-Speed A/T,348.0HP 3.8L V6 Cylinder Engine Gasoline Fuel,None reported
Ford,"$9,495",Focus ST Base,2014,"110,000 mi.",Gasoline,6-Speed M/T,252.0HP 2.0L 4 Cylinder Engine Gasoline Fuel,None reported
Cadillac,"$16,499",CTS Luxury,2011,"66,200 mi.",Gasoline,6-Speed A/T,270.0HP 3.0L V6 Cylinder Engine Gasoline Fuel,None reported
Subaru,"$14,900",Baja Base,2003,"71,000 mi.",Gasoline,5-Speed M/T,165.0HP 2.5L 4 Cylinder Engine Gasoline Fuel,None reported
Toyota,"$30,275",Highlander XLE,2019,"81,301 mi.",Gasoline,8-Speed Automatic,3.5L V6 24V PDI DOHC,None reported
Chevrolet,"$63,900",Corvette Stingray Z51,2019,"7,033 mi.",Gasoline,8-Speed A/T,460.0HP 6.2L 8 Cylinder Engine Gasoline Fuel,None reported
Dodge,"$62,000",Durango SRT,2020,"36,000 mi.",Gasoline,8-Speed A/T,475.0HP 6.4L 8 Cylinder Engine Gasoline Fuel,None reported
Acura,"$9,000",TSX 2.4,2010,"116,000 mi.",Gasoline,6-Speed M/T,201.0HP 2.4L 4 Cylinder Engine Gasoline Fuel,At least 1 accident or damage reported
Chevrolet,"$41,100",Camaro 2SS,2018,"42,780 mi.",Gasoline,Transmission w/Dual Shift Mode,455.0HP 6.2L 8 Cylinder Engine Gasoline Fuel,At least 1 accident or damage reported
BMW,"$26,000",640 Gran Coupe i,2014,"39,886 mi.",Gasoline,Transmission w/Dual Shift Mode,315.0HP 3.0L Straight 6 Cylinder Engine Gasoline Fuel,At least 1 accident or damage reported
Audi,"$15,400",S5 3.0T Premium Plus,2014,"151,400 mi.",Gasoline,Transmission w/Dual Shift Mode,333.0HP 3.0L V6 Cylinder Engine Gasoline Fuel,None reported
Alfa,"$20,500",Romeo Giulia Base,2017,"48,000 mi.",Gasoline,A/T,280.0HP 2.0L 4 Cylinder Engine Gasoline Fuel,None reported
Toyota,"$44,596",Highlander XLE,2023,"8,727 mi.",Gasoline,8-Speed Automatic,2.4L I4 16V PDI DOHC Turbo,None reported
Rolls-Royce,"$80,300",Ghost Base,2011,"79,000 mi.",Gasoline,8-Speed A/T,563.0HP 6.6L 12 Cylinder Engine Gasoline Fuel,At least 1 accident or damage reported
Dodge,"$34,000",Challenger R/T,2020,"54,000 mi.",Gasoline,8-Speed A/T,372.0HP 5.7L 8 Cylinder Engine Gasoline Fuel,None reported
Porsche,"$25,900",Cayenne Base,2016,"110,000 mi.",Gasoline,A/T,300.0HP 3.6L V6 Cylinder Engine Gasoline Fuel,At least 1 accident or damage reported
Chevrolet,"$24,900",Bolt EV LT,2020,"49,688 mi.",,A/T,200.0HP Electric Motor Electric Fuel System,None reported
Mercedes-Benz,"$48,000",Metris Base,2020,"14,000 mi.",Gasoline,7-Speed A/T,208.0HP 2.0L 4 Cylinder Engine Gasoline Fuel,None reported
Dodge,"$110,000",Charger SRT Hellcat Widebody,2023,"5,000 mi.",Gasoline,Transmission w/Dual Shift Mode,717.0HP 6.2L 8 Cylinder Engine Gasoline Fuel,None reported
Chevrolet,"$68,590",Silverado 1500 ZR2,2022,"11,597 mi.",Gasoline,Automatic,6.2L V8 16V GDI OHV,None reported
Mercedes-Benz,"$72,777",AMG S 63 Base 4MATIC,2017,"86,101 mi.",Gasoline,A/T,577.0HP 5.5L 8 Cylinder Engine Gasoline Fuel,At least 1 accident or damage reported
Chevrolet,"$36,590",Silverado 1500 LT,2017,"58,816 mi.",Gasoline,6-Speed Electronically Controlled Automatic with O,5.3L V8 16V GDI OHV,None reported
Lexus,"$30,919",RC 350 Base,2016,"77,856 mi.",Gasoline,6-Speed Automatic,3.5L V6 24V PDI DOHC,None reported
Lamborghini,"$229,900",Urus Base,2021,"20,069 mi.",Gasoline,8-Speed Automatic,4.0L V8 32V GDI DOHC Twin Turbo,None reported
GMC,"$12,433",Acadia SLE-1,2015,"115,282 mi.",Gasoline,6-Speed Automatic,3.6L V6 24V GDI DOHC,At least 1 accident or damage reported
Porsche,"$138,999",911 GT3,2016,"30,700 mi.",Gasoline,7-Speed A/T,475.0HP 3.8L Flat 6 Cylinder Engine Gasoline Fuel,None reported
MINI,"$5,995",Cooper Base,2003,"103,726 mi.",Gasoline,5-Speed M/T,115.0HP 1.6L 4 Cylinder Engine Gasoline Fuel,At least 1 accident or damage reported
Mazda,"$13,250",MX-5 Miata Sport,2008,"39,800 mi.",Gasoline,Transmission w/Dual Shift Mode,158.0HP 2.0L 4 Cylinder Engine Gasoline Fuel,None reported
Toyota,"$33,333",4Runner TRD Off Road,2019,"79,500 mi.",Gasoline,A/T,270.0HP 4.0L V6 Cylinder Engine Gasoline Fuel,None reported
Toyota,"$9,000",Highlander Limited,2008,"165,520 mi.",Gasoline,A/T,270.0HP 3.5L V6 Cylinder Engine Gasoline Fuel,At least 1 accident or damage reported
BMW,"$24,000",650 Gran Coupe i,2014,"92,000 mi.",Gasoline,Transmission w/Dual Shift Mode,445.0HP 4.4L 8 Cylinder Engine Gasoline Fuel,At least 1 accident or damage reported
Hyundai,"$55,000",Palisade Calligraphy,2023,"1,500 mi.",Gasoline,Transmission w/Dual Shift Mode,291.0HP 3.8L V6 Cylinder Engine Gasoline Fuel,None reported
Pontiac,"$19,950",Solstice GXP,2008,"38,100 mi.",Gasoline,5-Speed M/T,260.0HP 2.0L 4 Cylinder Engine Gasoline Fuel,None reported
Land,"$38,999",Rover Range Rover Evoque SE Premium,2018,"42,125 mi.",Gasoline,Transmission w/Dual Shift Mode,237.0HP 2.0L 4 Cylinder Engine Gasoline Fuel,None reported
Porsche,"$33,500",Cayenne Diesel,2014,"86,818 mi.",Diesel,Transmission w/Dual Shift Mode,240.0HP 3.0L V6 Cylinder Engine Diesel Fuel,None reported
BMW,"$95,580",M3 Competition xDrive,2023,"3,490 mi.",Gasoline,8-Speed A/T,503.0HP 3.0L Straight 6 Cylinder Engine Gasoline Fuel,None reported
Toyota,"$7,900",Avalon Limited,2008,"111,300 mi.",Gasoline,Transmission w/Dual Shift Mode,268.0HP 3.5L V6 Cylinder Engine Gasoline Fuel,None reported
BMW,"$27,000",M3 Base,2011,"98,200 mi.",Gasoline,7-Speed A/T,414.0HP 4.0L 8 Cylinder Engine Gasoline Fuel,None reported
Porsche,"$53,999",Panamera Base,2018,"42,500 mi.",Gasoline,8-Speed A/T,330.0HP 3.0L V6 Cylinder Engine Gasoline Fuel,At least 1 accident or damage reported
Jeep,"$15,000",Wrangler Sport,2001,"171,000 mi.",Gasoline,5-Speed M/T,181.0HP 4.0L Straight 6 Cylinder Engine Gasoline Fuel,At least 1 accident or damage reported
Honda,"$39,999",Passport TrailSport,2023,"11,649 mi.",Gasoline,9-Speed A/T,280.0HP 3.5L V6 Cylinder Engine Gasoline Fuel,
Mercedes-Benz,"$40,250",SL-Class SL 550,2013,"24,933 mi.",Gasoline,Transmission w/Dual Shift Mode,429.0HP 4.6L 8 Cylinder Engine Gasoline Fuel,At least 1 accident or damage reported
Audi,"$29,995",RS 4 Base,2007,"99,769 mi.",Gasoline,6-Speed M/T,420.0HP 4.2L 8 Cylinder Engine Gasoline Fuel,None reported
Toyota,"$39,390",Avalon Limited,2022,"16,156 mi.",Gasoline,8-Speed Automatic,3.5L V6 24V PDI DOHC,None reported
Mercedes-Benz,"$11,900",E-Class E 350 4MATIC,2008,"67,250 mi.",Gasoline,A/T,268.0HP 3.5L V6 Cylinder Engine Gasoline Fuel,None reported
GMC,"$74,500",Yukon Denali,2021,"30,022 mi.",Gasoline,A/T,420.0HP 6.2L 8 Cylinder Engine Gasoline Fuel,At least 1 accident or damage reported
Porsche,"$78,000",Panamera 4S,2017,"42,596 mi.",Gasoline,Transmission w/Dual Shift Mode,440.0HP 2.9L V6 Cylinder Engine Gasoline Fuel,None reported
Ford,"$36,995",Explorer XLT,2021,"33,705 mi.",Gasoline,10-Speed Automatic,2.3L I4 16V GDI DOHC Turbo,At least 1 accident or damage reported
Land,"$31,000",Rover LR4 HSE LUX Landmark Edition,2016,"63,300 mi.",Gasoline,8-Speed A/T,340.0HP 3.0L V6 Cylinder Engine Gasoline Fuel,None reported
Acura,"$52,000",TLX Type S w/Performance Tire,2023,"4,700 mi.",Gasoline,10-Speed A/T,355.0HP 3.0L V6 Cylinder Engine Gasoline Fuel,None reported
Toyota,"$42,998",Tacoma Base,2020,"27,256 mi.",Gasoline,6 Speed At/Mt,3.5 Liter,None reported
Hummer,"$13,500",H3 Base,2010,"107,481 mi.",Gasoline,A/T,239.0HP 3.7L 5 Cylinder Engine Gasoline Fuel,None reported
Tesla,"$25,900",Model 3 Long Range,2018,"61,700 mi.",,A/T,271.0HP Electric Motor Electric Fuel System,None reported
Volvo,"$4,500",850 Turbo,1995,"94,000 mi.",–,A/T,–,None reported
Jeep,"$26,800",Wrangler Unlimited Sahara,2017,"128,000 mi.",Gasoline,5-Speed A/T,285.0HP 3.6L V6 Cylinder Engine Gasoline Fuel,None reported
Chevrolet,"$39,000",Camaro 2SS,2018,"26,000 mi.",Gasoline,8-Speed A/T,455.0HP 6.2L 8 Cylinder Engine Gasoline Fuel,None reported
Audi,"$29,950",S6 4.0T,2015,"74,000 mi.",Gasoline,7-Speed A/T,420.0HP 4.0L 8 Cylinder Engine Gasoline Fuel,None reported
Audi,"$28,900",TT RS Base,2012,"54,900 mi.",Gasoline,6-Speed M/T,360.0HP 2.5L 5 Cylinder Engine Gasoline Fuel,
INFINITI,"$11,500",QX56 Base,2012,"141,775 mi.",Gasoline,Transmission w/Dual Shift Mode,400.0HP 5.6L 8 Cylinder Engine Gasoline Fuel,None reported
Volkswagen,"$12,000",New Beetle GLS,2001,"63,250 mi.",Gasoline,4-Speed A/T,115.0HP 2.0L 4 Cylinder Engine Gasoline Fuel,None reported
Audi,"$44,998",Q5 S line Premium Plus,2022,"13,895 mi.",Hybrid,Automatic,2.0 Liter TFSI,None reported
Lamborghini,"$449,991",Aventador LP750-4 Superveloce,2017,"10,654 mi.",Gasoline,Automatic,"6.5L V-12 DOHC, variable valve control, premium unleaded, engine",None reported
Ford,"$27,900",F-250 XL,2014,"35,900 mi.",E85 Flex Fuel,Transmission w/Dual Shift Mode,385.0HP 6.2L 8 Cylinder Engine Flex Fuel Capability,At least 1 accident or damage reported
GMC,"$71,999",Yukon XL Denali,2022,"48,306 mi.",Gasoline,10-Speed Automatic,6.2L V8 16V GDI OHV,At least 1 accident or damage reported
Audi,"$10,500",A4 2.0T Premium,2012,"125,000 mi.",Gasoline,8-Speed A/T,211.0HP 2.0L 4 Cylinder Engine Gasoline Fuel,None reported
Dodge,"$38,000",Challenger SRT 392,2016,"37,700 mi.",–,8-Speed A/T,–,At least 1 accident or damage reported
Tesla,"$36,000",Model S P100D,2017,"103,000 mi.",,1-Speed A/T,Electric Motor Electric Fuel System,None reported
Mazda,"$25,382",CX-30 Premium Package,2021,"45,303 mi.",Gasoline,6-Speed Automatic,2.5L I4 16V GDI DOHC,None reported
Lexus,"$27,500",ES 350 Base,2016,"53,900 mi.",Gasoline,A/T,268.0HP 3.5L V6 Cylinder Engine Gasoline Fuel,None reported
Jeep,"$20,000",Wrangler Sahara,2008,"54,000 mi.",Gasoline,A/T,202.0HP 3.8L V6 Cylinder Engine Gasoline Fuel,None reported
Chevrolet,"$17,950",Avalanche 1500 LTZ,2007,"129,000 mi.",Gasoline,A/T,366.0HP 6.0L 8 Cylinder Engine Gasoline Fuel,None reported
Jeep,"$44,646",Grand Cherokee L Laredo,2022,"10,232 mi.",Gasoline,Automatic,3.6L V6 24V MPFI DOHC,None reported
Acura,"$58,998",MDX w/Advance Package,2023,"3,708 mi.",Gasoline,Automatic,3.5 Liter SOHC,None reported
Nissan,"$14,500",Pathfinder SL,2018,"167,000 mi.",Gasoline,A/T,284.0HP 3.5L V6 Cylinder Engine Gasoline Fuel,
Tesla,"$58,000",Model X Long Range,2019,"37,000 mi.",,1-Speed A/T,518.0HP Electric Motor Electric Fuel System,None reported
Subaru,"$24,998",Impreza Premium,2022,"10,419 mi.",Gasoline,Variable,"2L H-4 gasoline direct injection, DOHC, variable valve control,",At least 1 accident or damage reported
Audi,"$22,500",A8 4.0T,2014,"96,238 mi.",Gasoline,Transmission w/Dual Shift Mode,420.0HP 4.0L 8 Cylinder Engine Gasoline Fuel,At least 1 accident or damage reported
Subaru,"$38,500",Ascent Limited 7-Passenger,2022,"12,700 mi.",Gasoline,CVT Transmission,260.0HP 2.4L 4 Cylinder Engine Gasoline Fuel,None reported
Chevrolet,"$16,900",Avalanche 1500 LT,2007,"244,000 mi.",E85 Flex Fuel,A/T,320.0HP 5.3L 8 Cylinder Engine Flex Fuel Capability,None reported
Porsche,"$25,000",Cayenne S,2015,"124,000 mi.",Gasoline,8-Speed A/T,420.0HP 3.6L V6 Cylinder Engine Gasoline Fuel,None reported
BMW,"$15,000",335 i,2009,"123,000 mi.",Gasoline,A/T,300.0HP 3.0L Straight 6 Cylinder Engine Gasoline Fuel,None reported
GMC,"$49,900",Sierra 1500 Limited Elevation,2022,"24,900 mi.",Gasoline,8-Speed A/T,310.0HP 2.7L 4 Cylinder Engine Gasoline Fuel,None reported
Ford,"$20,000",Explorer Sport,2016,"95,500 mi.",Gasoline,Transmission w/Dual Shift Mode,365.0HP 3.5L V6 Cylinder Engine Gasoline Fuel,None reported
Cadillac,"$479,995",Escalade ESV Sport,2021,"4,283 mi.",Gasoline,10-Speed Automatic,6.2L V8 16V GDI OHV,None reported
Lexus,"$82,000",LX 570 Three-Row,2021,"48,300 mi.",Gasoline,A/T,383.0HP 5.7L 8 Cylinder Engine Gasoline Fuel,None reported
BMW,"$25,999",M3 Base,2008,"94,000 mi.",Gasoline,6-Speed M/T,414.0HP 4.0L 8 Cylinder Engine Gasoline Fuel,None reported
Nissan,"$12,000",Xterra Pro-4X,2011,"183,000 mi.",Gasoline,A/T,261.0HP 4.0L V6 Cylinder Engine Gasoline Fuel,At least 1 accident or damage reported
Ford,"$11,500",Fusion Hybrid SE Hybrid,2013,"126,225 mi.",Hybrid,CVT Transmission,188.0HP 2.0L 4 Cylinder Engine Gas/Electric Hybrid,At least 1 accident or damage reported
Volkswagen,"$16,000",Golf GTI 2.0T SE 4-Door,2016,"87,892 mi.",Gasoline,6-Speed M/T,210.0HP 2.0L 4 Cylinder Engine Gasoline Fuel,None reported
Cadillac,"$41,500",CTS-V Base,2012,"45,000 mi.",Gasoline,6-Speed A/T,556.0HP 6.2L 8 Cylinder Engine Gasoline Fuel,None reported
Aston,"$156,900",Martin Vantage Base,2022,"1,023 mi.",Gasoline,8-Speed A/T,503.0HP 4.0L 8 Cylinder Engine Gasoline Fuel,None reported
Lexus,"$37,500",GX 460 Base,2015,"106,000 mi.",Gasoline,A/T,301.0HP 4.6L 8 Cylinder Engine Gasoline Fuel,None reported
GMC,"$25,500",Acadia SLT-1,2019,"51,300 mi.",Gasoline,6-Speed A/T,193.0HP 2.5L 4 Cylinder Engine Gasoline Fuel,At least 1 accident or damage reported
Ford,"$28,979",Bronco Sport Big Bend,2021,"30,176 mi.",Gasoline,8-Speed Automatic,1.5L I3 12V PDI DOHC Turbo,None reported
Nissan,"$39,884",Titan SV,2021,"27,598 mi.",Gasoline,9-Speed Automatic,5.6L V8 32V GDI DOHC,None reported
Volkswagen,"$9,499",Jetta SportWagen SE,2012,"107,000 mi.",Gasoline,A/T,170.0HP 2.5L 5 Cylinder Engine Gasoline Fuel,None reported
Land,"$65,000",Rover Range Rover 5.0L V8 Supercharged,2019,"17,500 mi.",Gasoline,8-Speed A/T,518.0HP 5.0L 8 Cylinder Engine Gasoline Fuel,None reported
RAM,"$42,000",2500 Laramie,2017,"117,878 mi.",Diesel,Transmission w/Dual Shift Mode,350.0HP 6.7L Straight 6 Cylinder Engine Diesel Fuel,None reported
Nissan,"$7,000",Murano SL,2010,"138,700 mi.",Gasoline,CVT Transmission,265.0HP 3.5L V6 Cylinder Engine Gasoline Fuel,At least 1 accident or damage reported
Cadillac,"$12,350",Escalade ESV Base,2009,"152,068 mi.",E85 Flex Fuel,6-Speed A/T,403.0HP 6.2L 8 Cylinder Engine Flex Fuel Capability,At least 1 accident or damage reported
BMW,"$26,999",428 i xDrive SULEV,2016,"77,000 mi.",Gasoline,Transmission w/Dual Shift Mode,240.0HP 2.0L 4 Cylinder Engine Gasoline Fuel,At least 1 accident or damage reported
Ford,"$37,000",Focus RS Base,2017,"26,000 mi.",Gasoline,6-Speed M/T,350.0HP 2.3L 4 Cylinder Engine Gasoline Fuel,None reported
Lexus,"$14,000",CT 200h Premium,2014,"131,200 mi.",Hybrid,A/T,134.0HP 1.8L 4 Cylinder Engine Gas/Electric Hybrid,None reported
Buick,"$20,599",Enclave Leather,2017,"83,280 mi.",Gasoline,6-Speed Automatic,3.6L V6 24V GDI DOHC,None reported
BMW,"$53,500",M3 Base,2015,"59,000 mi.",Gasoline,6-Speed M/T,425.0HP 3.0L Straight 6 Cylinder Engine Gasoline Fuel,None reported
Volkswagen,"$30,000",Arteon 2.0T SEL R-Line,2020,"15,500 mi.",Gasoline,8-Speed A/T,268.0HP 2.0L 4 Cylinder Engine Gasoline Fuel,None reported
BMW,"$19,950",X6 xDrive35i,2013,"90,000 mi.",Gasoline,8-Speed A/T,300.0HP 3.0L Straight 6 Cylinder Engine Gasoline Fuel,None reported
INFINITI,"$10,995",G35 Base,2006,"94,000 mi.",Gasoline,Transmission w/Dual Shift Mode,280.0HP 3.5L V6 Cylinder Engine Gasoline Fuel,At least 1 accident or damage reported
Hummer,"$55,000",H2 Base,2008,"63,750 mi.",Gasoline,6-Speed A/T,393.0HP 6.2L 8 Cylinder Engine Gasoline Fuel,At least 1 accident or damage reported
Mercedes-Benz,"$15,990",C-Class C 300 4MATIC Luxury,2011,"95,500 mi.",Gasoline,A/T,228.0HP 3.0L V6 Cylinder Engine Gasoline Fuel,At least 1 accident or damage reported
Acura,"$26,000",ILX Premium Package,2019,"37,900 mi.",Gasoline,A/T,201.0HP 2.4L 4 Cylinder Engine Gasoline Fuel,None reported
Porsche,"$154,900",911 GT3,2015,"13,250 mi.",Gasoline,7-Speed A/T,475.0HP 3.8L Flat 6 Cylinder Engine Gasoline Fuel,None reported
RAM,"$40,995",1500 Longhorn,2019,"76,249 mi.",Gasoline,8-Speed Automatic,5.7L V8 16V MPFI OHV,At least 1 accident or damage reported
BMW,"$39,000",M3 Base,2001,"81,000 mi.",Gasoline,6-Speed M/T,333.0HP 3.2L Straight 6 Cylinder Engine Gasoline Fuel,None reported
Chevrolet,"$60,894",Suburban LT,2022,"37,806 mi.",Gasoline,10-Speed A/T,355.0HP 5.3L 8 Cylinder Engine Gasoline Fuel,None reported
Dodge,"$17,700",Ram 2500 ST,2010,"151,544 mi.",Gasoline,5-Speed A/T,355.0HP 5.7L 8 Cylinder Engine Gasoline Fuel,At least 1 accident or damage reported
Chevrolet,"$26,950",Camaro 2SS,2012,"60,345 mi.",Gasoline,6-Speed A/T,400.0HP 6.2L 8 Cylinder Engine Gasoline Fuel,None reported
Dodge,"$12,000",Challenger SE,2010,"90,305 mi.",Gasoline,A/T,250.0HP 3.5L V6 Cylinder Engine Gasoline Fuel,None reported
Jeep,"$42,599",Grand Cherokee L Limited,2022,"13,275 mi.",Gasoline,8-Speed Automatic,3.6L V6 24V MPFI DOHC,None reported
Chevrolet,"$45,000",Camaro 2SS,2018,"8,660 mi.",Gasoline,8-Speed A/T,455.0HP 6.2L 8 Cylinder Engine Gasoline Fuel,None reported
Ford,"$73,600",F-350 Lariat,2021,"28,220 mi.",Diesel,10-Speed A/T,475.0HP 6.7L 8 Cylinder Engine Diesel Fuel,None reported
Ford,"$39,950",F-250 King Ranch,2015,"97,700 mi.",Diesel,6-Speed A/T,440.0HP 6.7L 8 Cylinder Engine Diesel Fuel,None reported
Chevrolet,"$98,000",Corvette Stingray w/3LT,2023,"4,200 mi.",Gasoline,A/T,490.0HP 6.2L 8 Cylinder Engine Gasoline Fuel,None reported
Bentley,"$199,991",Continental GT V8 First Edition,2020,"27,404 mi.",Gasoline,Automatic,"4L V-8 gasoline direct injection, DOHC, variable valve control,",None reported
Lincoln,"$24,000",MKC Reserve,2016,"100,000 mi.",Gasoline,Transmission w/Dual Shift Mode,240.0HP 2.0L 4 Cylinder Engine Gasoline Fuel,None reported
Ford,"$17,000",Excursion Limited,2001,"333,361 mi.",Diesel,A/T,250.0HP 7.3L 8 Cylinder Engine Diesel Fuel,At least 1 accident or damage reported
Land,"$29,993",Rover Discovery SE,2018,"63,295 mi.",Gasoline,8-Speed A/T,340.0HP 3.0L V6 Cylinder Engine Gasoline Fuel,None reported
Land,"$96,500",Rover Defender V8,2022,"3,000 mi.",Gasoline,8-Speed A/T,518.0HP 5.0L 8 Cylinder Engine Gasoline Fuel,None reported
Chevrolet,"$25,500",Silverado 1500 2LT,2014,"102,604 mi.",E85 Flex Fuel,6-Speed A/T,355.0HP 5.3L 8 Cylinder Engine Flex Fuel Capability,None reported
Mercedes-Benz,"$99,000",AMG G 63 Base,2017,"39,800 mi.",Gasoline,7-Speed A/T,563.0HP 5.5L 8 Cylinder Engine Gasoline Fuel,None reported
Ford,"$40,100",F-250 XLT,2019,"124,000 mi.",E85 Flex Fuel,6-Speed A/T,385.0HP 6.2L 8 Cylinder Engine Flex Fuel Capability,None reported
Tesla,"$36,750",Model 3 Base,2022,"12,080 mi.",,A/T,271.0HP Electric Motor Electric Fuel System,None reported
Lexus,"$69,500",LX 570 Three-Row,2018,"39,300 mi.",Gasoline,Transmission w/Dual Shift Mode,383.0HP 5.7L 8 Cylinder Engine Gasoline Fuel,None reported
INFINITI,"$29,000",QX60 Luxe,2019,"51,000 mi.",Gasoline,CVT Transmission,295.0HP 3.5L V6 Cylinder Engine Gasoline Fuel,At least 1 accident or damage reported
Rivian,"$97,500",R1S Adventure Package,2023,250 mi.,,1-Speed A/T,835.0HP Electric Motor Electric Fuel System,
Land,"$35,999",Rover Range Rover Sport 3.0L Supercharged HSE,2017,"67,000 mi.",Gasoline,8-Speed A/T,340.0HP 3.0L V6 Cylinder Engine Gasoline Fuel,None reported
INFINITI,"$14,195",QX60 Base,2014,"95,400 mi.",Gasoline,A/T,265.0HP 3.5L V6 Cylinder Engine Gasoline Fuel,
Hyundai,"$11,000",Sonata GLS,2013,"136,991 mi.",Gasoline,6-Speed A/T,198.0HP 2.4L 4 Cylinder Engine Gasoline Fuel,None reported
Toyota,"$55,000",Tundra Limited,2022,"3,959 mi.",Gasoline,10-Speed A/T,389.0HP 3.4L V6 Cylinder Engine Gasoline Fuel,None reported
Jeep,"$31,000",Grand Cherokee Limited,2020,"47,500 mi.",Gasoline,A/T,293.0HP 3.6L V6 Cylinder Engine Gasoline Fuel,None reported
Ford,"$13,000",F-350 Lariat Crew Cab Super Duty DRW,2005,"176,691 mi.",Diesel,A/T,325.0HP 6.0L 8 Cylinder Engine Diesel Fuel,At least 1 accident or damage reported
Tesla,"$55,000",Model 3 Performance,2021,"33,000 mi.",,1-Speed A/T,455.0HP Electric Motor Electric Fuel System,None reported
Mercedes-Benz,"$27,500",CLS-Class CLS 550,2014,"34,600 mi.",Gasoline,Transmission w/Dual Shift Mode,402.0HP 4.7L 8 Cylinder Engine Gasoline Fuel,None reported
RAM,"$34,000",2500 SLT,2014,"84,500 mi.",Gasoline,A/T,410.0HP 6.4L 8 Cylinder Engine Gasoline Fuel,None reported
Kia,"$37,500",Sorento Hybrid EX,2022,"36,100 mi.",Hybrid,6-Speed A/T,227.0HP 1.6L 4 Cylinder Engine Gas/Electric Hybrid,None reported
Hyundai,"$17,000",Genesis 3.8,2015,"92,225 mi.",Gasoline,A/T,311.0HP 3.8L V6 Cylinder Engine Gasoline Fuel,At least 1 accident or damage reported
Jeep,"$25,695",Compass Latitude,2020,"17,500 mi.",Gasoline,9-Speed A/T,180.0HP 2.4L 4 Cylinder Engine Gasoline Fuel,None reported
Ford,"$6,000",Fusion SE,2011,"114,323 mi.",Gasoline,6-Speed A/T,175.0HP 2.5L 4 Cylinder Engine Gasoline Fuel,None reported
Toyota,"$27,500",FJ Cruiser Base,2014,"92,000 mi.",Gasoline,A/T,260.0HP 4.0L V6 Cylinder Engine Gasoline Fuel,None reported
BMW,"$29,998",430 Gran Coupe i xDrive,2018,"29,025 mi.",Gasoline,Automatic,2.0 Liter DOHC T/C,None reported
Dodge,"$65,000",Durango SRT 392,2021,"17,000 mi.",Gasoline,Transmission w/Dual Shift Mode,475.0HP 6.4L 8 Cylinder Engine Gasoline Fuel,None reported
Hyundai,"$13,000",Santa Fe GLS,2015,"96,476 mi.",Gasoline,6-Speed A/T,290.0HP 3.3L V6 Cylinder Engine Gasoline Fuel,None reported
Volkswagen,"$39,127",Atlas 3.6L SEL Premium,2021,"36,311 mi.",Gasoline,8-Speed Automatic,3.6L V6 24V GDI DOHC,None reported
Land,"$35,000",Rover Range Rover Sport 5.0L Supercharged Dynamic,2016,"56,842 mi.",Gasoline,Transmission w/Dual Shift Mode,510.0HP 5.0L 8 Cylinder Engine Gasoline Fuel,None reported
Nissan,"$29,510",Murano SV,2021,"23,677 mi.",Gasoline,Automatic CVT,3.5L V6 24V MPFI DOHC,None reported
Buick,"$31,700",Envision Essence,2020,"27,340 mi.",Gasoline,6-Speed Automatic,2.5L I4 16V GDI DOHC,None reported
Chevrolet,"$41,986",Silverado 1500 RST,2020,"26,177 mi.",Gasoline,Automatic,5.3L V8 16V GDI OHV,
Pontiac,"$10,000",Solstice GXP,2009,"122,348 mi.",Gasoline,A/T,260.0HP 2.0L 4 Cylinder Engine Gasoline Fuel,At least 1 accident or damage reported
BMW,"$22,500",640 Gran Coupe i xDrive,2015,"98,000 mi.",Gasoline,Transmission w/Dual Shift Mode,315.0HP 3.0L Straight 6 Cylinder Engine Gasoline Fuel,None reported
Tesla,"$29,000",Model 3 Standard Range Plus,2019,"32,300 mi.",,A/T,Electric Motor Electric Fuel System,None reported
MINI,"$26,750",Countryman Cooper S,2019,"18,997 mi.",Gasoline,Transmission w/Dual Shift Mode,189.0HP 2.0L 4 Cylinder Engine Gasoline Fuel,None reported
Porsche,"$67,995",Boxster GTS,2016,"40,350 mi.",Gasoline,7-Speed A/T,330.0HP 3.4L Flat 6 Cylinder Engine Gasoline Fuel,None reported
Ford,"$14,300",Expedition EL King Ranch,2011,"156,856 mi.",E85 Flex Fuel,6-Speed A/T,310.0HP 5.4L 8 Cylinder Engine Flex Fuel Capability,None reported
Bentley,"$289,991",Continental GT GT Speed,2022,"1,919 mi.",Gasoline,8-SPEED A/T,12 Cylinder Engine,None reported
BMW,"$46,000",X5 M Base,2017,"61,773 mi.",Gasoline,Transmission w/Dual Shift Mode,567.0HP 4.4L 8 Cylinder Engine Gasoline Fuel,None reported
Ford,"$22,000",Mustang GT Premium,2011,"74,500 mi.",Gasoline,6-Speed M/T,412.0HP 5.0L 8 Cylinder Engine Gasoline Fuel,None reported
Jeep,"$5,000",Compass Sport,2016,"99,000 mi.",Gasoline,6-Speed A/T,172.0HP 2.4L 4 Cylinder Engine Gasoline Fuel,At least 1 accident or damage reported
INFINITI,"$15,000",G37 Sport,2008,"63,496 mi.",Gasoline,6-Speed M/T,330.0HP 3.7L V6 Cylinder Engine Gasoline Fuel,None reported
Ford,"$47,500",F-150 XLT,2022,"18,465 mi.",Gasoline,10-Speed A/T,400.0HP 3.5L V6 Cylinder Engine Gasoline Fuel,None reported
Porsche,"$72,995",911 Carrera 4S,2007,"42,635 mi.",Gasoline,Transmission w/Dual Shift Mode,355.0HP 3.8L Flat 6 Cylinder Engine Gasoline Fuel,None reported
INFINITI,"$18,900",G35 Base,2005,"99,000 mi.",Gasoline,6-Speed M/T,298.0HP 3.5L V6 Cylinder Engine Gasoline Fuel,None reported
Chrysler,"$13,750",300C Base,2013,"87,500 mi.",Gasoline,8-Speed A/T,292.0HP 3.6L V6 Cylinder Engine Gasoline Fuel,None reported
Toyota,"$6,800",Camry Solara SLE,2007,"138,000 mi.",Gasoline,5-Speed A/T,210.0HP 3.3L V6 Cylinder Engine Gasoline Fuel,None reported
Lexus,"$28,995",IS 300 Base,2018,"70,891 mi.",Gasoline,Transmission w/Dual Shift Mode,260.0HP 3.5L V6 Cylinder Engine Gasoline Fuel,None reported
Buick,"$29,444",Enclave Essence,2020,"55,403 mi.",Gasoline,9-Speed A/T,310.0HP 3.6L V6 Cylinder Engine Gasoline Fuel,At least 1 accident or damage reported
BMW,"$89,995",M4 Competition xDrive,2022,"3,213 mi.",Gasoline,8-Speed A/T,503.0HP 3.0L Straight 6 Cylinder Engine Gasoline Fuel,None reported
Pontiac,"$21,999",GTO Base,2005,"142,314 mi.",Gasoline,6-Speed M/T,400.0HP 6.0L 8 Cylinder Engine Gasoline Fuel,At least 1 accident or damage reported
Toyota,"$36,740",FJ Cruiser Base,2013,"53,000 mi.",Gasoline,A/T,260.0HP 4.0L V6 Cylinder Engine Gasoline Fuel,None reported
Hyundai,"$7,500",Elantra SE,2014,"120,250 mi.",Gasoline,A/T,145.0HP 1.8L 4 Cylinder Engine Gasoline Fuel,None reported
Porsche,"$29,500",Macan S,2015,"72,329 mi.",Gasoline,7-Speed A/T,340.0HP 3.0L V6 Cylinder Engine Gasoline Fuel,None reported
Hummer,"$9,995",H3 Base,2007,"153,692 mi.",Gasoline,4-Speed A/T,242.0HP 3.7L 5 Cylinder Engine Gasoline Fuel,None reported
Tesla,"$37,000",Model 3 Long Range,2021,"32,670 mi.",,A/T,Electric Motor Electric Fuel System,None reported
Ford,"$18,000",Transit-350 Base,2018,"235,000 mi.",Gasoline,A/T,275.0HP 3.7L V6 Cylinder Engine Gasoline Fuel,
Rivian,"$82,000",R1T Launch Edition,2022,"8,681 mi.",,A/T,835.0HP Electric Motor Electric Fuel System,None reported
Audi,"$18,000",S4 3.0 Prestige,2012,"98,400 mi.",Gasoline,7-Speed A/T,333.0HP 3.0L V6 Cylinder Engine Gasoline Fuel,None reported
Toyota,"$46,500",4Runner SR5 Premium,2023,"1,400 mi.",Gasoline,A/T,270.0HP 4.0L V6 Cylinder Engine Gasoline Fuel,None reported
Tesla,"$29,999",Model 3 Mid Range,2018,"32,000 mi.",,A/T,271.0HP Electric Motor Electric Fuel System,None reported
Ford,"$9,000",F-250 Base,1997,"92,800 mi.",Gasoline,4-Speed A/T,210.0HP 5.8L 8 Cylinder Engine Gasoline Fuel,None reported
Mercedes-Benz,"$130,000",G-Class G 550 4MATIC,2021,"75,151 mi.",Gasoline,A/T,416.0HP 4.0L 8 Cylinder Engine Gasoline Fuel,None reported
Subaru,"$12,500",Legacy 2.5 GT spec.B,2008,"94,000 mi.",Gasoline,6-Speed M/T,243.0HP 2.5L 4 Cylinder Engine Gasoline Fuel,None reported
Mercedes-Benz,"$18,700",E-Class E 350,2014,"67,350 mi.",Gasoline,7-Speed A/T,302.0HP 3.5L V6 Cylinder Engine Gasoline Fuel,At least 1 accident or damage reported
BMW,"$21,000",M3 Base,2001,"66,500 mi.",Gasoline,6-Speed M/T,333.0HP 3.2L Straight 6 Cylinder Engine Gasoline Fuel,None reported
Mercedes-Benz,"$14,500",C-Class C 250 Sport,2014,"70,612 mi.",Gasoline,7-Speed A/T,201.0HP 1.8L 4 Cylinder Engine Gasoline Fuel,None reported
Toyota,"$11,500",Sienna XLE Limited,2007,"112,630 mi.",Gasoline,5-Speed A/T,266.0HP 3.5L V6 Cylinder Engine Gasoline Fuel,At least 1 accident or damage reported
Dodge,"$6,499",Avenger SE,2014,"124,705 mi.",E85 Flex Fuel,A/T,283.0HP 3.6L V6 Cylinder Engine Flex Fuel Capability,None reported
BMW,"$34,000",M240 i,2018,"61,000 mi.",Gasoline,6-Speed M/T,335.0HP 3.0L Straight 6 Cylinder Engine Gasoline Fuel,At least 1 accident or damage reported
RAM,"$32,999",3500 SLT,2017,"157,272 mi.",Diesel,6-Speed A/T,350.0HP 6.7L Straight 6 Cylinder Engine Diesel Fuel,At least 1 accident or damage reported
Mercedes-Benz,"$20,399",GL-Class GL 450 4MATIC,2015,"84,000 mi.",Gasoline,7-Speed A/T,362.0HP 3.0L V6 Cylinder Engine Gasoline Fuel,None reported
Jeep,"$47,500",Gladiator Rubicon,2020,"27,981 mi.",Gasoline,A/T,285.0HP 3.6L V6 Cylinder Engine Gasoline Fuel,None reported
Bentley,"$63,000",Continental GT Base,2009,"18,000 mi.",Gasoline,A/T,552.0HP 6.0L 12 Cylinder Engine Gasoline Fuel,None reported
Tesla,"$38,200",Model 3 Long Range,2019,"27,123 mi.",,A/T,425.0HP Electric Motor Electric Fuel System,None reported
Chevrolet,"$83,900",Corvette Stingray w/2LT,2021,"3,053 mi.",Gasoline,Transmission w/Dual Shift Mode,490.0HP 6.2L 8 Cylinder Engine Gasoline Fuel,None reported
Audi,"$19,000",Q5 3.0T Premium Plus,2015,"60,251 mi.",Gasoline,A/T,272.0HP 3.0L V6 Cylinder Engine Gasoline Fuel,At least 1 accident or damage reported
Mazda,"$28,000",MX-5 Miata Club,2021,"5,093 mi.",Gasoline,6-Speed M/T,181.0HP 2.0L 4 Cylinder Engine Gasoline Fuel,None reported
Bentley,"$115,785",Bentayga W12 Signature,2018,"31,875 mi.",Gasoline,8-Speed A/T,600.0HP 6.0L 12 Cylinder Engine Gasoline Fuel,None reported
Mercedes-Benz,"$7,000",S-Class S500,2005,"175,722 mi.",Gasoline,A/T,302.0HP 5.0L 8 Cylinder Engine Gasoline Fuel,None reported
BMW,"$59,900",M6 Base,2015,"17,900 mi.",Gasoline,Transmission w/Dual Shift Mode,560.0HP 4.4L 8 Cylinder Engine Gasoline Fuel,None reported
GMC,"$22,999",Yukon SLT,2015,"142,792 mi.",Gasoline,6-Speed A/T,355.0HP 5.3L 8 Cylinder Engine Gasoline Fuel,None reported
BMW,"$11,800",750 iL,2001,"53,814 mi.",Gasoline,5-Speed A/T,326.0HP 5.4L 12 Cylinder Engine Gasoline Fuel,
Toyota,"$26,900",Tundra Limited,2010,"89,400 mi.",Gasoline,A/T,381.0HP 5.7L 8 Cylinder Engine Gasoline Fuel,None reported
Chrysler,"$15,000",300C Base,2007,"86,000 mi.",Gasoline,5-Speed A/T,340.0HP 5.7L 8 Cylinder Engine Gasoline Fuel,None reported
smart,"$5,000",ForTwo Pure,2008,"61,595 mi.",Gasoline,5-Speed A/T,70.0HP 1.0L 3 Cylinder Engine Gasoline Fuel,None reported
Toyota,"$38,000",Tundra SR,2018,"74,000 mi.",E85 Flex Fuel,6-Speed A/T,381.0HP 5.7L 8 Cylinder Engine Flex Fuel Capability,At least 1 accident or damage reported
Hummer,"$16,500",H2 Base,2004,"130,000 mi.",Gasoline,4-Speed A/T,316.0HP 6.0L 8 Cylinder Engine Gasoline Fuel,At least 1 accident or damage reported
BMW,"$29,000",ALPINA B7 Base,2015,"86,000 mi.",Gasoline,8-Speed A/T,540.0HP 4.4L 8 Cylinder Engine Gasoline Fuel,At least 1 accident or damage reported
Land,"$7,500",Rover Range Rover Sport Supercharged,2008,"140,600 mi.",Gasoline,6-Speed A/T,390.0HP 4.2L 8 Cylinder Engine Gasoline Fuel,None reported
Audi,"$27,900",A4 2.0T Tech Premium,2018,"27,532 mi.",Gasoline,7-Speed A/T,252.0HP 2.0L 4 Cylinder Engine Gasoline Fuel,None reported
Ford,"$12,500",Focus SE,2017,"91,000 mi.",E85 Flex Fuel,6-Speed A/T,160.0HP 2.0L 4 Cylinder Engine Flex Fuel Capability,None reported
Mercedes-Benz,"$28,500",E-Class E 550 4MATIC,2014,"63,000 mi.",Gasoline,7-Speed A/T,402.0HP 4.7L 8 Cylinder Engine Gasoline Fuel,None reported
Jeep,"$49,999",Wrangler Unlimited 4xe Sahara,2022,"10,500 mi.",Plug-In Hybrid,8-Speed A/T,375.0HP 2.0L 4 Cylinder Engine Plug-In Electric/Gas,None reported
Mercedes-Benz,"$21,500",M-Class ML 350 4MATIC,2014,"75,073 mi.",E85 Flex Fuel,7-Speed A/T,302.0HP 3.5L V6 Cylinder Engine Flex Fuel Capability,None reported
Jeep,"$9,000",Wrangler Sahara,2008,"140,000 mi.",Gasoline,A/T,202.0HP 3.8L V6 Cylinder Engine Gasoline Fuel,At least 1 accident or damage reported
Mercedes-Benz,"$30,500",A-Class A 220 4MATIC,2019,"30,300 mi.",Gasoline,7-Speed A/T,188.0HP 2.0L 4 Cylinder Engine Gasoline Fuel,None reported
Chevrolet,"$4,200",Malibu 1LT,2009,"139,000 mi.",Gasoline,A/T,169.0HP 2.4L 4 Cylinder Engine Gasoline Fuel,None reported
Hummer,"$17,900",H3 Base,2006,"118,000 mi.",Gasoline,A/T,220.0HP 3.5L 5 Cylinder Engine Gasoline Fuel,None reported
BMW,"$53,000",i8 Base,2015,"51,000 mi.",Plug-In Hybrid,Transmission w/Dual Shift Mode,357.0HP 1.5L 3 Cylinder Engine Plug-In Electric/Gas,None reported
Cadillac,"$36,500",XLR Base,2009,"69,423 mi.",Gasoline,A/T,320.0HP 4.6L 8 Cylinder Engine Gasoline Fuel,None reported
Lincoln,"$12,500",MKZ Select,2017,"52,284 mi.",Gasoline,6-Speed A/T,240.0HP 2.0L 4 Cylinder Engine Gasoline Fuel,At least 1 accident or damage reported
Chevrolet,"$4,000",Silverado 1500 W/T,2006,"111,228 mi.",Gasoline,A/T,195.0HP 4.3L V6 Cylinder Engine Gasoline Fuel,At least 1 accident or damage reported
Land,"$49,900",Rover Range Rover Sport HSE,2019,"52,300 mi.",Gasoline,Transmission w/Dual Shift Mode,340.0HP 3.0L V6 Cylinder Engine Gasoline Fuel,None reported
Nissan,"$32,612",Titan SL,2021,"95,993 mi.",Gasoline,9-Speed Automatic,5.6L V8 32V GDI DOHC,None reported
Kia,"$47,541",Telluride SX,2022,"26,716 mi.",Gasoline,Automatic,"LAMBDA II 3.8L V-6 gasoline direct injection, DOHC, D-CVVT varia",None reported
Chevrolet,"$67,190",Tahoe RST,2023,"39,517 mi.",Gasoline,10-Speed Automatic,5.3L V8 16V GDI OHV,At least 1 accident or damage reported
Ford,"$41,000",Mustang GT Premium,2019,"31,600 mi.",Gasoline,6-Speed M/T,460.0HP 5.0L 8 Cylinder Engine Gasoline Fuel,None reported
BMW,"$18,300",330 i,2017,"83,298 mi.",Gasoline,A/T,248.0HP 2.0L 4 Cylinder Engine Gasoline Fuel,None reported
Land,"$31,599",Rover Range Rover Sport 3.0L Supercharged HSE,2017,"95,212 mi.",Gasoline,8-Speed A/T,340.0HP 3.0L V6 Cylinder Engine Gasoline Fuel,None reported
Porsche,"$51,750",911 Carrera,2010,"61,600 mi.",Gasoline,7-Speed A/T,345.0HP 3.6L Flat 6 Cylinder Engine Gasoline Fuel,None reported
INFINITI,"$12,000",QX56 Base,2011,"130,921 mi.",Gasoline,Transmission Overdrive Switch,400.0HP 5.6L 8 Cylinder Engine Gasoline Fuel,None reported
RAM,"$45,515",2500 Tradesman,2020,"41,000 mi.",Gasoline,8-Speed A/T,410.0HP 6.4L 8 Cylinder Engine Gasoline Fuel,
BMW,"$90,000",840 i xDrive,2024,"1,500 mi.",Gasoline,A/T,335.0HP 3.0L Straight 6 Cylinder Engine Gasoline Fuel,None reported
MINI,"$17,390",Clubman Cooper S ALL4,2017,"79,950 mi.",Gasoline,A/T,189.0HP 2.0L 4 Cylinder Engine Gasoline Fuel,None reported
Cadillac,"$95,000",Escalade ESV Premium Luxury Platinum,2021,"31,500 mi.",Gasoline,A/T,420.0HP 6.2L 8 Cylinder Engine Gasoline Fuel,None reported
Audi,"$140,000",R8 5.2 V10 plus,2017,"61,000 mi.",Gasoline,Transmission w/Dual Shift Mode,610.0HP 5.2L 10 Cylinder Engine Gasoline Fuel,None reported
RAM,"$43,449",2500 Big Horn,2021,"45,867 mi.",Gasoline,Automatic,6.4L V8 16V MPFI OHV,None reported
Porsche,"$85,500",911 Carrera 4,2014,"22,700 mi.",Gasoline,7-Speed M/T,350.0HP 3.4L Flat 6 Cylinder Engine Gasoline Fuel,At least 1 accident or damage reported
Bentley,"$48,500",Continental GT Base,2009,"43,000 mi.",Gasoline,A/T,552.0HP 6.0L 12 Cylinder Engine Gasoline Fuel,None reported
Toyota,"$27,000",Tundra SR5,2015,"99,000 mi.",Gasoline,6-Speed A/T,310.0HP 4.6L 8 Cylinder Engine Gasoline Fuel,None reported
Toyota,"$16,900",4Runner SR5,2006,"135,000 mi.",Gasoline,A/T,236.0HP 4.0L V6 Cylinder Engine Gasoline Fuel,None reported
Cadillac,"$29,000",CTS 2.0L Turbo Luxury,2019,"46,000 mi.",Gasoline,8-Speed A/T,265.0HP 2.0L 4 Cylinder Engine Gasoline Fuel,At least 1 accident or damage reported
Ford,"$10,995",Focus SE,2014,"79,615 mi.",Gasoline,6-Speed Automatic with Auto-Shift,2.0L I4 16V GDI DOHC,None reported
BMW,"$86,900",M5 Base,2021,"13,250 mi.",Gasoline,8-Speed Automatic,4.4L V8 32V GDI DOHC Twin Turbo,None reported
Land,"$60,500",Rover Range Rover 3.0L V6 Supercharged HSE,2019,"41,200 mi.",Gasoline,Transmission w/Dual Shift Mode,380.0HP 3.0L V6 Cylinder Engine Gasoline Fuel,None reported
Cadillac,"$30,500",Escalade ESV Luxury,2016,"116,500 mi.",Gasoline,8-Speed A/T,420.0HP 6.2L 8 Cylinder Engine Gasoline Fuel,At least 1 accident or damage reported
Acura,"$90,200",NSX Base,1993,"75,980 mi.",–,A/T,–,None reported
Chevrolet,"$87,150",Corvette Z06,2018,"24,059 mi.",Gasoline,8-Speed A/T,650.0HP 6.2L 8 Cylinder Engine Gasoline Fuel,None reported
Audi,"$15,400",Q5 2.0T Premium Plus,2015,"118,500 mi.",E85 Flex Fuel,A/T,220.0HP 2.0L 4 Cylinder Engine Flex Fuel Capability,At least 1 accident or damage reported
BMW,"$99,998",ALPINA B7 ALPINA B7 xDrive,2020,"15,097 mi.",Gasoline,Automatic,4.4 Liter Twin Turbo,None reported
Maserati,"$43,000",Ghibli S Q4,2018,"20,000 mi.",Gasoline,A/T,424.0HP 3.0L V6 Cylinder Engine Gasoline Fuel,None reported
BMW,"$30,798",228 Gran Coupe i xDrive,2020,"10,426 mi.",Gasoline,Automatic,2.0 Liter Turbo,None reported
Ford,"$63,500",Expedition Limited,2023,"9,500 mi.",Gasoline,10-Speed A/T,400.0HP 3.5L V6 Cylinder Engine Gasoline Fuel,At least 1 accident or damage reported
Nissan,"$8,500",Frontier SE Crew Cab,2006,"134,000 mi.",Gasoline,A/T,265.0HP 4.0L V6 Cylinder Engine Gasoline Fuel,At least 1 accident or damage reported
Subaru,"$32,500",BRZ Limited,2022,"10,500 mi.",Gasoline,Transmission w/Dual Shift Mode,228.0HP 2.4L 4 Cylinder Engine Gasoline Fuel,None reported
Chevrolet,"$17,500",Malibu LT,2018,"53,100 mi.",Gasoline,6-Speed A/T,160.0HP 1.5L 4 Cylinder Engine Gasoline Fuel,None reported
Ford,"$13,895",Focus SEL,2017,"80,134 mi.",E85 Flex Fuel,6-Speed Automatic with Auto-Shift,2.0L I4 16V GDI DOHC Flexible Fuel,None reported
Nissan,"$25,500",Rogue Sport S,2021,"24,000 mi.",Gasoline,A/T,141.0HP 2.0L 4 Cylinder Engine Gasoline Fuel,None reported
Volvo,"$10,299",C70 T5,2006,"61,000 mi.",Gasoline,6-Speed M/T,218.0HP 2.5L 5 Cylinder Engine Gasoline Fuel,None reported
Lincoln,"$48,000",Nautilus Reserve,2021,"19,700 mi.",Gasoline,A/T,335.0HP 2.7L V6 Cylinder Engine Gasoline Fuel,None reported
Mercedes-Benz,"$84,500",AMG GT Base,2018,"28,182 mi.",Gasoline,7-Speed A/T,469.0HP 4.0L 8 Cylinder Engine Gasoline Fuel,At least 1 accident or damage reported
Ford,"$21,000",Mustang EcoBoost Premium,2017,"59,500 mi.",Gasoline,A/T,310.0HP 2.3L 4 Cylinder Engine Gasoline Fuel,At least 1 accident or damage reported
Ford,"$8,000",Ranger XLT,1999,"115,402 mi.",E85 Flex Fuel,A/T,152.0HP 3.0L V6 Cylinder Engine Flex Fuel Capability,None reported
GMC,"$35,899",Yukon SLT,2018,"85,500 mi.",Gasoline,A/T,355.0HP 5.3L 8 Cylinder Engine Gasoline Fuel,At least 1 accident or damage reported
RAM,"$44,900",2500 Big Horn,2020,"51,000 mi.",Gasoline,6-Speed A/T,410.0HP 6.4L 8 Cylinder Engine Gasoline Fuel,None reported
Tesla,"$45,000",Model Y Performance,2021,"17,500 mi.",,A/T,455.0HP Electric Motor Electric Fuel System,None reported
Lexus,"$9,999",ES 350 Base,2011,"132,000 mi.",Gasoline,A/T,272.0HP 3.5L V6 Cylinder Engine Gasoline Fuel,None reported
Jeep,"$32,798",Wrangler Rubicon Hard Rock,2016,"67,882 mi.",Gasoline,Automatic,3.6 Liter,None reported
Volvo,"$30,500",XC90 T6 Momentum,2018,"62,000 mi.",Gasoline,8-Speed A/T,316.0HP 2.0L 4 Cylinder Engine Gasoline Fuel,None reported
Porsche,"$210,000",911 R,2016,"12,454 mi.",Gasoline,6-Speed M/T,500.0HP 4.0L Flat 6 Cylinder Engine Gasoline Fuel,None reported
BMW,"$58,000",M6 Gran Coupe Base,2017,"27,965 mi.",Gasoline,7-Speed A/T,560.0HP 4.4L 8 Cylinder Engine Gasoline Fuel,None reported
Cadillac,"$20,500",Escalade ESV Platinum Edition,2013,"119,000 mi.",E85 Flex Fuel,A/T,403.0HP 6.2L 8 Cylinder Engine Flex Fuel Capability,
BMW,"$32,000",X5 xDrive35i,2018,"48,000 mi.",Gasoline,8-Speed A/T,300.0HP 3.0L Straight 6 Cylinder Engine Gasoline Fuel,None reported
BMW,"$56,598",X5 xDrive40i,2020,"5,541 mi.",Gasoline,Automatic,3.0 Liter Turbo,None reported
Mitsubishi,"$19,500",Outlander SEL,2018,"29,000 mi.",Gasoline,A/T,166.0HP 2.4L 4 Cylinder Engine Gasoline Fuel,None reported
Dodge,"$12,995",Ram 1500 ST,2010,"131,100 mi.",E85 Flex Fuel,A/T,310.0HP 4.7L 8 Cylinder Engine Flex Fuel Capability,At least 1 accident or damage reported
Subaru,"$11,498",Impreza 2.0i,2015,"102,242 mi.",Gasoline,Manual,"2L H-4 DOHC, variable valve control, regular unleaded, engine wi",At least 1 accident or damage reported
Mercedes-Benz,"$79,999",Maybach S S 600,2016,"18,069 mi.",Gasoline,7-Speed A/T,523.0HP 6.0L 12 Cylinder Engine Gasoline Fuel,None reported
Kia,"$31,900",Sportage LX,2023,"13,000 mi.",Gasoline,A/T,187.0HP 2.5L 4 Cylinder Engine Gasoline Fuel,None reported
Porsche,"$69,500",911 Turbo Cabriolet,2008,"51,000 mi.",Gasoline,Transmission w/Dual Shift Mode,480.0HP 3.6L Flat 6 Cylinder Engine Gasoline Fuel,At least 1 accident or damage reported
Hummer,"$10,000",H3 Base,2007,"137,333 mi.",Gasoline,4-Speed A/T,242.0HP 3.7L 5 Cylinder Engine Gasoline Fuel,At least 1 accident or damage reported
Buick,"$11,200",LaCrosse Leather,2014,"125,559 mi.",Gasoline,A/T,304.0HP 3.6L V6 Cylinder Engine Gasoline Fuel,At least 1 accident or damage reported
Chevrolet,"$48,889",Silverado 1500 High Country,2020,"88,161 mi.",Gasoline,Automatic,6.2L V8 16V GDI OHV,At least 1 accident or damage reported
Toyota,"$29,000",4Runner SR5,2016,"101,900 mi.",Gasoline,5-Speed A/T,270.0HP 4.0L V6 Cylinder Engine Gasoline Fuel,None reported
Cadillac,"$18,800",Escalade ESV Luxury,2015,"159,500 mi.",Gasoline,6-Speed A/T,420.0HP 6.2L 8 Cylinder Engine Gasoline Fuel,At least 1 accident or damage reported
Subaru,"$15,000",Legacy 2.5i Premium,2015,"68,860 mi.",Gasoline,CVT Transmission,175.0HP 2.5L 4 Cylinder Engine Gasoline Fuel,At least 1 accident or damage reported
Tesla,"$30,499",Model 3 Long Range,2018,"43,000 mi.",,1-Speed A/T,271.0HP Electric Motor Electric Fuel System,At least 1 accident or damage reported
Ford,"$16,500",Expedition EL XLT,2017,"182,000 mi.",Gasoline,A/T,365.0HP 3.5L V6 Cylinder Engine Gasoline Fuel,At least 1 accident or damage reported
Tesla,"$49,500",Model Y Long Range,2022,"21,404 mi.",,A/T,425.0HP Electric Motor Electric Fuel System,None reported
Ford,"$27,000",Expedition EL Limited,2017,"81,000 mi.",Gasoline,Transmission w/Dual Shift Mode,365.0HP 3.5L V6 Cylinder Engine Gasoline Fuel,None reported
Chevrolet,"$42,590",Silverado 1500 LTZ,2021,"62,257 mi.",Gasoline,8-Speed Automatic,5.3L V8 16V GDI OHV,None reported
BMW,"$22,998",X5 xDrive40e,2016,"91,798 mi.",Hybrid,Automatic,Electric,None reported
BMW,"$20,000",335 is,2011,"82,000 mi.",Gasoline,7-Speed A/T,320.0HP 3.0L Straight 6 Cylinder Engine Gasoline Fuel,At least 1 accident or damage reported
Ford,"$15,000",F-150 XLT,2012,"207,100 mi.",Gasoline,6-Speed A/T,365.0HP 3.5L V6 Cylinder Engine Gasoline Fuel,At least 1 accident or damage reported
Land,"$124,000",Rover Range Rover Sport P400 SE Dynamic,2023,450 mi.,Hybrid,8-Speed A/T,395.0HP 3.0L Straight 6 Cylinder Engine Gasoline/Mild Electric Hybrid,None reported
Porsche,"$30,000",Panamera Edition,2016,"77,945 mi.",Gasoline,A/T,310.0HP 3.6L V6 Cylinder Engine Gasoline Fuel,At least 1 accident or damage reported
Kia,"$40,599",Sorento Plug-In Hybrid SX,2022,"15,583 mi.",Hybrid,6-Speed Automatic,1.6L I4 16V GDI DOHC Turbo Hybrid,None reported
BMW,"$26,125",M240 i,2017,"37,100 mi.",Gasoline,8-Speed A/T,335.0HP 3.0L Straight 6 Cylinder Engine Gasoline Fuel,At least 1 accident or damage reported
Maserati,"$18,000",Quattroporte Base,2006,"51,000 mi.",Gasoline,Transmission w/Dual Shift Mode,394.0HP 4.2L 8 Cylinder Engine Gasoline Fuel,At least 1 accident or damage reported
Ford,"$26,000",F-150 XLT,2017,"94,000 mi.",Gasoline,6-Speed A/T,325.0HP 2.7L V6 Cylinder Engine Gasoline Fuel,None reported
Land,"$6,000",Rover Discovery S,2003,"121,886 mi.",Gasoline,A/T,217.0HP 4.6L 8 Cylinder Engine Gasoline Fuel,At least 1 accident or damage reported
Ford,"$15,000",F-250 XLT Crew Cab Super Duty,2008,"157,500 mi.",Gasoline,5-Speed A/T,300.0HP 5.4L 8 Cylinder Engine Gasoline Fuel,At least 1 accident or damage reported
Ford,"$15,500",Taurus SHO,2014,"138,415 mi.",Gasoline,A/T,365.0HP 3.5L V6 Cylinder Engine Gasoline Fuel,At least 1 accident or damage reported
Land,"$10,200",Rover Range Rover Sport HSE,2012,"110,000 mi.",Gasoline,A/T,375.0HP 5.0L 8 Cylinder Engine Gasoline Fuel,None reported
Cadillac,"$109,900",Escalade Sport,2023,"8,532 mi.",Diesel,10-Speed Automatic with Overdrive,3.0L I6 24V DDI DOHC Turbo Diesel,None reported
GMC,"$51,500",Sierra 1500 SLT,2021,"12,941 mi.",Gasoline,A/T,355.0HP 5.3L 8 Cylinder Engine Gasoline Fuel,At least 1 accident or damage reported
BMW,"$19,500",335 i xDrive,2009,"69,764 mi.",Gasoline,6-Speed M/T,300.0HP 3.0L Straight 6 Cylinder Engine Gasoline Fuel,None reported
Porsche,"$24,000",911 Carrera 4S,2003,"90,000 mi.",Gasoline,6-Speed M/T,315.0HP 3.6L Flat 6 Cylinder Engine Gasoline Fuel,
Audi,"$42,598",Q5 S line Premium,2022,"8,193 mi.",Hybrid,Automatic,2.0 Liter TFSI,None reported
Lexus,"$43,599",RX 350 F Sport Performance,2020,"43,277 mi.",Gasoline,8-Speed Automatic,3.5L V6 24V PDI DOHC,None reported
Audi,"$38,000",S4 3.0T Premium Plus,2018,"26,500 mi.",Gasoline,8-Speed A/T,354.0HP 3.0L V6 Cylinder Engine Gasoline Fuel,At least 1 accident or damage reported
Chevrolet,"$35,670",Silverado 1500 LT,2019,"36,021 mi.",Gasoline,Automatic,2.7L I4 16V GDI DOHC Turbo,
Chevrolet,"$36,139",Colorado Z71,2019,"25,462 mi.",Gasoline,Automatic,3.6L V6 24V GDI DOHC,None reported
Audi,"$33,000",A5 2.0T Prestige,2018,"35,850 mi.",Gasoline,7-Speed A/T,252.0HP 2.0L 4 Cylinder Engine Gasoline Fuel,None reported
Mazda,"$6,300",Mazda3 s Sport,2008,"77,700 mi.",Gasoline,5-Speed M/T,156.0HP 2.3L 4 Cylinder Engine Gasoline Fuel,None reported
Jaguar,"$42,999",E-PACE 300 Sport,2021,"23,600 mi.",Hybrid,9-Speed A/T,296.0HP 2.0L 4 Cylinder Engine Gasoline/Mild Electric Hybrid,None reported
Ferrari,"$215,000",GTC4Lusso T,2019,"8,870 mi.",Gasoline,7-Speed DCT Automatic,3.9L V8 32V GDI DOHC Twin Turbo,None reported
Toyota,"$7,800",Celica GT,2001,"122,000 mi.",Gasoline,5-Speed M/T,140.0HP 1.8L 4 Cylinder Engine Gasoline Fuel,None reported
Ford,"$17,999",Excursion Limited 4WD,2003,"245,000 mi.",Diesel,A/T,325.0HP 6.0L 8 Cylinder Engine Diesel Fuel,At least 1 accident or damage reported
Porsche,"$134,000",718 Spyder Base,2022,"4,700 mi.",Gasoline,6-Speed M/T,414.0HP 4.0L Flat 6 Cylinder Engine Gasoline Fuel,None reported
Subaru,"$34,000",WRX STI Base,2016,"84,100 mi.",Gasoline,M/T,305.0HP 2.5L 4 Cylinder Engine Gasoline Fuel,None reported
Audi,"$40,000",A6 45 Premium Plus,2021,"33,000 mi.",Hybrid,A/T,248.0HP 2.0L 4 Cylinder Engine Gasoline/Mild Electric Hybrid,None reported
Tesla,"$59,999",Model S P100D,2018,"10,065 mi.",,1-Speed Automatic,Electric,None reported
Mercedes-Benz,"$148,500",AMG GT R,2018,"3,811 mi.",Gasoline,7-Speed A/T,577.0HP 4.0L 8 Cylinder Engine Gasoline Fuel,None reported
Acura,"$40,598",RDX PMC Edition,2021,"44,457 mi.",Gasoline,2,2.0 Liter Turbo,None reported
Audi,"$20,900",S4 3.0T Premium Plus,2013,"139,355 mi.",Gasoline,7-Speed A/T,333.0HP 3.0L V6 Cylinder Engine Gasoline Fuel,None reported
Lotus,"$55,000",Evora Base,2010,"9,100 mi.",Gasoline,6-Speed M/T,276.0HP 3.5L V6 Cylinder Engine Gasoline Fuel,None reported
Mercedes-Benz,"$77,900",S-Class S 560 4MATIC,2019,"10,500 mi.",Gasoline,9-Speed A/T,463.0HP 4.0L 8 Cylinder Engine Gasoline Fuel,None reported
Chevrolet,"$59,590",Silverado 1500 RST,2023,"5,006 mi.",Gasoline,10-Speed Automatic,5.3L V8 16V GDI OHV,None reported
Hyundai,"$18,000",Genesis Coupe 2.0T R-Spec,2013,"55,000 mi.",Gasoline,6-Speed M/T,260.0HP 2.0L 4 Cylinder Engine Gasoline Fuel,
BMW,"$71,000",M3 Competition,2021,"33,500 mi.",Gasoline,8-Speed A/T,503.0HP 3.0L Straight 6 Cylinder Engine Gasoline Fuel,None reported
BMW,"$15,000",435 i,2014,"126,500 mi.",Gasoline,A/T,300.0HP 3.0L Straight 6 Cylinder Engine Gasoline Fuel,None reported
Land,"$24,000",Rover Range Rover Evoque HSE Dynamic,2016,"79,000 mi.",Gasoline,9-Speed A/T,240.0HP 2.0L 4 Cylinder Engine Gasoline Fuel,None reported
Porsche,"$145,000",911 Targa 4 GTS,2018,"19,000 mi.",Gasoline,7-Speed A/T,450.0HP 3.0L Flat 6 Cylinder Engine Gasoline Fuel,None reported
RAM,"$52,000",3500 Tradesman,2021,"57,000 mi.",Diesel,6-Speed A/T,400.0HP 6.7L Straight 6 Cylinder Engine Diesel Fuel,None reported
BMW,"$57,998",X5 xDrive40i,2020,"4,880 mi.",Gasoline,Automatic,3.0 Liter Turbo,None reported
Acura,"$143,900",NSX Base,2018,"6,523 mi.",Hybrid,9-Speed Automatic with Auto-Shift,3.5L V6 24V PDI DOHC Twin Turbo Hybrid,None reported
Mercedes-Benz,"$14,000",SL-Class SL500 Roadster,2005,"127,000 mi.",Gasoline,7-Speed A/T,302.0HP 5.0L 8 Cylinder Engine Gasoline Fuel,None reported
Lexus,"$15,999",SC 430 Base,2002,"89,500 mi.",Gasoline,A/T,300.0HP 4.3L 8 Cylinder Engine Gasoline Fuel,None reported
Chevrolet,"$27,500",Silverado 1500 Base,2000,"97,000 mi.",Gasoline,A/T,200.0HP 4.3L V6 Cylinder Engine Gasoline Fuel,None reported
Buick,"$42,442",Enclave Avenir,2021,"31,181 mi.",Gasoline,9-Speed Automatic,3.6L V6 24V GDI DOHC,At least 1 accident or damage reported
Lexus,"$33,200",NX 300h Base,2020,"16,425 mi.",Hybrid,Automatic CVT,2.5L I4 16V MPFI DOHC Hybrid,At least 1 accident or damage reported
Lexus,"$54,798",RX 350 RX 350 F SPORT Handling,2022,"11,238 mi.",Gasoline,Automatic,3.5 Liter DOHC,None reported
Chevrolet,"$7,999",Avalanche 1500 LS,2005,"97,146 mi.",E85 Flex Fuel,Transmission Overdrive Switch,295.0HP 5.3L 8 Cylinder Engine Flex Fuel Capability,At least 1 accident or damage reported
Mercedes-Benz,"$39,998",SL-Class SL400,2015,"36,670 mi.",Gasoline,Automatic,3.0 Liter,None reported
Chevrolet,"$52,500",Suburban Premier,2019,"44,800 mi.",Gasoline,6-Speed A/T,420.0HP 6.2L 8 Cylinder Engine Gasoline Fuel,None reported
Ford,"$17,100",Transit-350 Base,2015,"150,000 mi.",Gasoline,A/T,310.0HP 3.5L V6 Cylinder Engine Gasoline Fuel,At least 1 accident or damage reported
INFINITI,"$32,100",QX60 Luxe,2020,"38,400 mi.",Gasoline,A/T,295.0HP 3.5L V6 Cylinder Engine Gasoline Fuel,None reported
Bentley,"$81,500",Continental GTC Base,2008,"7,960 mi.",Gasoline,6-Speed A/T,552.0HP 6.0L 12 Cylinder Engine Gasoline Fuel,None reported
Nissan,"$9,975",350Z Enthusiast,2007,"117,000 mi.",Gasoline,A/T,306.0HP 3.5L V6 Cylinder Engine Gasoline Fuel,At least 1 accident or damage reported
Rivian,"$95,500",R1S Adventure Package,2023,159 mi.,,A/T,533.0HP Electric Motor Electric Fuel System,None reported
McLaren,"$139,000",570S Base,2017,"30,200 mi.",Gasoline,Transmission w/Dual Shift Mode,562.0HP 3.8L 8 Cylinder Engine Gasoline Fuel,None reported
Nissan,"$8,999",Altima 2.5 SL,2012,"91,545 mi.",Gasoline,CVT Transmission,175.0HP 2.5L 4 Cylinder Engine Gasoline Fuel,None reported
Land,"$26,499",Rover Range Rover 5.0L Supercharged,2015,"110,000 mi.",E85 Flex Fuel,A/T,510.0HP 5.0L 8 Cylinder Engine Flex Fuel Capability,At least 1 accident or damage reported
BMW,"$23,300",X5 xDrive35i,2017,"105,100 mi.",Gasoline,8-Speed A/T,300.0HP 3.0L Straight 6 Cylinder Engine Gasoline Fuel,At least 1 accident or damage reported
INFINITI,"$15,600",QX56 Base,2012,"110,000 mi.",Gasoline,Transmission w/Dual Shift Mode,400.0HP 5.6L 8 Cylinder Engine Gasoline Fuel,None reported
Ford,"$32,769",F-150 XLT,2019,"81,778 mi.",Gasoline,Automatic,3.5L V6 24V PDI DOHC Twin Turbo,None reported
Lexus,"$10,900",RX 450h Base,2010,"168,422 mi.",Hybrid,A/T,245.0HP 3.5L V6 Cylinder Engine Gas/Electric Hybrid,At least 1 accident or damage reported
Maserati,"$34,900",Ghibli S Q4 GranSport,2018,"80,500 mi.",Gasoline,8-Speed A/T,424.0HP 3.0L V6 Cylinder Engine Gasoline Fuel,None reported
Volvo,"$28,825",XC90 T6 Momentum,2018,"81,200 mi.",Gasoline,8-Speed A/T,316.0HP 2.0L 4 Cylinder Engine Gasoline Fuel,At least 1 accident or damage reported
Lamborghini,"$267,950",Huracan EVO Base,2020,"6,246 mi.",Gasoline,7-Speed Automatic with Auto-Shift,5.2L V10 40V GDI DOHC,None reported
Jeep,"$47,500",Wrangler Unlimited Rubicon,2017,"20,172 mi.",Gasoline,Transmission w/Dual Shift Mode,285.0HP 3.6L V6 Cylinder Engine Gasoline Fuel,None reported
Hummer,"$22,500",H2 Base,2005,"145,000 mi.",Gasoline,4-Speed A/T,325.0HP 6.0L 8 Cylinder Engine Gasoline Fuel,None reported
Ford,"$7,500",Flex Limited,2009,"162,000 mi.",Gasoline,6-Speed A/T,262.0HP 3.5L V6 Cylinder Engine Gasoline Fuel,At least 1 accident or damage reported
Porsche,"$124,995",718 Cayman GT4,2020,"13,554 mi.",Gasoline,6-Speed M/T,414.0HP 4.0L Flat 6 Cylinder Engine Gasoline Fuel,None reported
Toyota,"$9,500",Camry XLE,2007,"59,700 mi.",Gasoline,6-Speed A/T,268.0HP 3.5L V6 Cylinder Engine Gasoline Fuel,None reported
Mercedes-Benz,"$28,900",A-Class A 220 4MATIC,2020,"30,930 mi.",Gasoline,7-Speed Automatic with Auto-Shift,2.0L I4 16V GDI DOHC Turbo,None reported
BMW,"$19,999",335 i,2009,"51,983 mi.",Gasoline,6-Speed M/T,300.0HP 3.0L Straight 6 Cylinder Engine Gasoline Fuel,None reported
Chevrolet,"$50,000",Camaro 2SS,2022,"22,000 mi.",Gasoline,6-Speed M/T,455.0HP 6.2L 8 Cylinder Engine Gasoline Fuel,None reported
Volkswagen,"$45,000",ID.4 Pro S,2023,"16,800 mi.",,1-Speed A/T,295.0HP Electric Motor Electric Fuel System,None reported
Chevrolet,"$73,995",Silverado 2500 High Country,2022,"16,000 mi.",Diesel,A/T,445.0HP 6.6L 8 Cylinder Engine Diesel Fuel,At least 1 accident or damage reported
Nissan,"$23,599",Altima 2.5 SV,2020,"22,295 mi.",Gasoline,Automatic CVT,2.5L I4 16V GDI DOHC,None reported
Bentley,"$188,500",Continental GT V8,2020,"33,000 mi.",Gasoline,A/T,542.0HP 4.0L 8 Cylinder Engine Gasoline Fuel,None reported
Toyota,"$85,000",Sequoia Platinum,2023,"1,025 mi.",Hybrid,10-Speed A/T,437.0HP 3.4L V6 Cylinder Engine Gas/Electric Hybrid,None reported
Acura,"$15,499",TL Technology,2013,"89,190 mi.",Gasoline,6-Speed A/T,305.0HP 3.7L V6 Cylinder Engine Gasoline Fuel,At least 1 accident or damage reported
Toyota,"$39,687",Highlander Limited,2020,"53,550 mi.",Gasoline,8-Speed Automatic,3.5L V6 24V PDI DOHC,None reported
Ford,"$26,299",Edge SEL,2021,"56,946 mi.",Gasoline,8-Speed Automatic,2.0L I4 16V GDI DOHC Turbo,None reported
Jaguar,"$54,900",F-TYPE R,2016,"11,684 mi.",Gasoline,8-Speed A/T,550.0HP 5.0L 8 Cylinder Engine Gasoline Fuel,None reported
GMC,"$51,000",Yukon XL Denali,2018,"45,617 mi.",Gasoline,A/T,420.0HP 6.2L 8 Cylinder Engine Gasoline Fuel,None reported
Chevrolet,"$34,500",Suburban LT,2018,"75,466 mi.",Gasoline,6-Speed A/T,355.0HP 5.3L 8 Cylinder Engine Gasoline Fuel,None reported
Maserati,"$84,645",Levante GTS,2021,"19,513 mi.",Gasoline,8-Speed Automatic,3.8L V8 32V GDI DOHC Twin Turbo,At least 1 accident or damage reported
Subaru,"$33,531",Outback Limited,2021,"15,636 mi.",Gasoline,Automatic CVT,2.5L H4 16V GDI DOHC,None reported
Mercedes-Benz,"$40,888",S-Class S 450,2018,"69,600 mi.",Gasoline,9-Speed A/T,362.0HP 3.0L V6 Cylinder Engine Gasoline Fuel,None reported
Mercedes-Benz,"$16,500",GL-Class GL 450,2011,"138,050 mi.",Gasoline,A/T,335.0HP 4.7L 8 Cylinder Engine Gasoline Fuel,None reported
Ford,"$35,900",F-250 Lariat,2017,"132,269 mi.",E85 Flex Fuel,A/T,385.0HP 6.2L 8 Cylinder Engine Flex Fuel Capability,None reported
Hyundai,"$37,700",Palisade Limited,2020,"45,815 mi.",Gasoline,Transmission w/Dual Shift Mode,291.0HP 3.8L V6 Cylinder Engine Gasoline Fuel,None reported
Ford,"$48,459",F-150 XLT,2021,"25,352 mi.",Gasoline,10-Speed Automatic,3.5L V6 24V PDI DOHC Twin Turbo,None reported
Mercedes-Benz,"$8,995",R-Class R 350 4MATIC,2008,"120,000 mi.",Gasoline,7-Speed A/T,268.0HP 3.5L V6 Cylinder Engine Gasoline Fuel,None reported
Chevrolet,"$45,000",Camaro 2SS,2018,"75,151 mi.",Gasoline,6-Speed M/T,455.0HP 6.2L 8 Cylinder Engine Gasoline Fuel,At least 1 accident or damage reported
Jeep,"$23,000",Wrangler Sport,2016,"74,139 mi.",Gasoline,6-Speed M/T,285.0HP 3.6L V6 Cylinder Engine Gasoline Fuel,None reported
Chevrolet,"$6,000",1500 Cheyenne,1994,"170,443 mi.",–,A/T,–,At least 1 accident or damage reported
Jaguar,"$19,000",XJ6 Vanden Plas,1995,"70,000 mi.",–,A/T,–,None reported
BMW,"$17,800",550 i xDrive,2012,"68,500 mi.",Gasoline,Transmission w/Dual Shift Mode,400.0HP 4.4L 8 Cylinder Engine Gasoline Fuel,None reported
Lexus,"$51,890",GX 460 Luxury,2020,"37,366 mi.",Gasoline,6-Speed Automatic,4.6L V8 32V MPFI DOHC,
Tesla,"$66,900",Model S Long Range,2021,"35,315 mi.",,1-Speed A/T,670.0HP Electric Motor Electric Fuel System,None reported
Volkswagen,"$15,995",Jetta 1.4T SE,2017,"61,000 mi.",Gasoline,A/T,150.0HP 1.4L 4 Cylinder Engine Gasoline Fuel,None reported
Jeep,"$41,599",Grand Cherokee Limited,2022,"12,050 mi.",Gasoline,8-Speed Automatic,3.6L V6 24V MPFI DOHC,None reported
Jaguar,"$9,875",XK8 Base,2001,"150,000 mi.",Gasoline,5-Speed A/T,290.0HP 4.0L 8 Cylinder Engine Gasoline Fuel,At least 1 accident or damage reported
Porsche,"$41,500",Macan S,2016,"46,200 mi.",Gasoline,Transmission w/Dual Shift Mode,340.0HP 3.0L V6 Cylinder Engine Gasoline Fuel,At least 1 accident or damage reported
Mercedes-Benz,"$15,500",E-Class E 350,2014,"88,000 mi.",Gasoline,A/T,302.0HP 3.5L V6 Cylinder Engine Gasoline Fuel,None reported
Mercedes-Benz,"$30,089",GL-Class GL 450 4MATIC,2015,"47,000 mi.",Gasoline,7-Speed A/T,362.0HP 3.0L V6 Cylinder Engine Gasoline Fuel,None reported
Land,"$47,000",Rover Range Rover 3.0L Supercharged HSE,2017,"50,340 mi.",Gasoline,8-Speed A/T,380.0HP 3.0L V6 Cylinder Engine Gasoline Fuel,At least 1 accident or damage reported
Mercedes-Benz,"$13,999",E-Class E 350 4MATIC,2010,"67,800 mi.",Gasoline,7-Speed A/T,268.0HP 3.5L V6 Cylinder Engine Gasoline Fuel,None reported
Dodge,"$5,500",Dakota Sport,2002,"150,000 mi.",Gasoline,5-Speed M/T,175.0HP 3.9L V6 Cylinder Engine Gasoline Fuel,At least 1 accident or damage reported
Chevrolet,"$54,000",Camaro ZL1,2018,"13,500 mi.",Gasoline,6-Speed M/T,650.0HP 6.2L 8 Cylinder Engine Gasoline Fuel,At least 1 accident or damage reported
Hummer,"$12,900",H3 Base,2007,"101,750 mi.",Gasoline,A/T,242.0HP 3.7L 5 Cylinder Engine Gasoline Fuel,None reported
Honda,"$37,950",Odyssey EX-L,2022,"18,385 mi.",Gasoline,10-Speed A/T,280.0HP 3.5L V6 Cylinder Engine Gasoline Fuel,None reported
Nissan,"$13,500",350Z Touring,2008,"123,500 mi.",Gasoline,5-Speed A/T,306.0HP 3.5L V6 Cylinder Engine Gasoline Fuel,At least 1 accident or damage reported
GMC,"$38,000",Savana 2500 Work Van,2017,"117,000 mi.",E85 Flex Fuel,6-Speed A/T,342.0HP 6.0L 8 Cylinder Engine Flex Fuel Capability,None reported
Mercedes-Benz,"$13,600",E-Class E 350 4MATIC,2010,"86,121 mi.",Gasoline,7-Speed A/T,268.0HP 3.5L V6 Cylinder Engine Gasoline Fuel,None reported
Lexus,"$45,900",GX 460 Premium,2020,"22,466 mi.",Gasoline,6-Speed A/T,301.0HP 4.6L 8 Cylinder Engine Gasoline Fuel,None reported
Nissan,"$23,800",Titan XD SV,2017,"80,000 mi.",Gasoline,7-Speed A/T,390.0HP 5.6L 8 Cylinder Engine Gasoline Fuel,None reported
Chrysler,"$28,250",300 Touring,2020,"23,152 mi.",Gasoline,8-Speed A/T,292.0HP 3.6L V6 Cylinder Engine Gasoline Fuel,None reported
Dodge,"$9,200",Charger R/T,2006,"91,300 mi.",Gasoline,5-Speed A/T,350.0HP 5.7L 8 Cylinder Engine Gasoline Fuel,None reported
Nissan,"$28,999",Pathfinder SL,2020,"45,000 mi.",Gasoline,CVT Transmission,284.0HP 3.5L V6 Cylinder Engine Gasoline Fuel,None reported
Rivian,"$93,500",R1S Launch Edition,2023,"1,885 mi.",,1-Speed A/T,835.0HP Electric Motor Electric Fuel System,None reported
Ford,"$30,510",Explorer Platinum,2018,"73,049 mi.",Gasoline,6-Speed Automatic,3.5L V6 24V GDI DOHC Twin Turbo,At least 1 accident or damage reported
Nissan,"$38,000",Titan SV,2021,"7,250 mi.",Gasoline,9-Speed A/T,400.0HP 5.6L 8 Cylinder Engine Gasoline Fuel,None reported
Jaguar,"$29,000",E-PACE S,2019,"44,000 mi.",Gasoline,A/T,246.0HP 2.0L 4 Cylinder Engine Gasoline Fuel,None reported
Ford,"$26,900",F-150 FX4,2014,"85,500 mi.",Gasoline,Transmission w/Dual Shift Mode,411.0HP 6.2L 8 Cylinder Engine Gasoline Fuel,None reported
GMC,"$43,999",Acadia Denali,2021,"18,083 mi.",Gasoline,9-Speed Automatic,3.6L V6 24V GDI DOHC,None reported
Lamborghini,"$220,000",Murcielago Base,2005,"22,703 mi.",Gasoline,M/T,571.0HP 6.2L 12 Cylinder Engine Gasoline Fuel,None reported
Chevrolet,"$10,900",Camaro 1LT,2011,"111,000 mi.",Gasoline,A/T,312.0HP 3.6L V6 Cylinder Engine Gasoline Fuel,None reported
GMC,"$14,000",Acadia SLT-2,2013,"115,000 mi.",Gasoline,6-Speed A/T,288.0HP 3.6L V6 Cylinder Engine Gasoline Fuel,None reported
Chevrolet,"$28,000",Malibu Premier,2021,"33,400 mi.",Gasoline,A/T,250.0HP 2.0L 4 Cylinder Engine Gasoline Fuel,None reported
Toyota,"$12,500",Sequoia SR5,2007,"136,000 mi.",Gasoline,A/T,273.0HP 4.7L 8 Cylinder Engine Gasoline Fuel,None reported
Lexus,"$44,000",IS 350 F Sport,2021,"26,800 mi.",Gasoline,8-Speed A/T,311.0HP 3.5L V6 Cylinder Engine Gasoline Fuel,None reported
Tesla,"$51,999",Model Y Performance,2022,"30,000 mi.",,A/T,455.0HP Electric Motor Electric Fuel System,None reported
Dodge,"$10,500",Challenger SRT8,2008,"251,634 mi.",Gasoline,A/T,425.0HP 6.1L 8 Cylinder Engine Gasoline Fuel,None reported
Chrysler,"$3,500",300 Touring,2005,"119,000 mi.",Gasoline,A/T,250.0HP 3.5L V6 Cylinder Engine Gasoline Fuel,None reported
Cadillac,"$89,000",Escalade Sport Platinum,2021,"28,121 mi.",Gasoline,10-Speed Automatic,6.2L V8 16V GDI OHV,None reported
Chrysler,"$7,900",Town & Country Touring,2009,"111,000 mi.",Gasoline,A/T,197.0HP 3.8L V6 Cylinder Engine Gasoline Fuel,None reported
Mazda,"$14,311",CX-5 Touring,2016,"116,500 mi.",Gasoline,6-Speed Automatic,2.5L I4 16V GDI DOHC,None reported
Acura,"$4,900",TL 3.2,2005,"199,296 mi.",Gasoline,A/T,270.0HP 3.2L V6 Cylinder Engine Gasoline Fuel,None reported
Chevrolet,"$179,000",Corvette Z06 w/2LZ,2023,202 mi.,Gasoline,Transmission w/Dual Shift Mode,670.0HP 5.5L 8 Cylinder Engine Gasoline Fuel,None reported
Tesla,"$47,500",Model Y Performance,2021,"11,200 mi.",,1-Speed A/T,455.0HP Electric Motor Electric Fuel System,None reported
Volvo,"$26,599",XC40 T5 Momentum,2020,"56,536 mi.",Gasoline,8-Speed Automatic,2.0L I4 16V GDI DOHC Turbo,None reported
Chevrolet,"$32,500",Camaro 2SS,2016,"49,600 mi.",Gasoline,8-Speed A/T,455.0HP 6.2L 8 Cylinder Engine Gasoline Fuel,None reported
Acura,"$65,000",TLX Type S PMC Edition,2023,"13,600 mi.",Gasoline,10-Speed A/T,355.0HP 3.0L V6 Cylinder Engine Gasoline Fuel,None reported
Volkswagen,"$10,000",Eos 2.0T,2007,"59,700 mi.",Gasoline,6-Speed A/T,200.0HP 2.0L 4 Cylinder Engine Gasoline Fuel,None reported
Dodge,"$44,888",Charger R/T Scat Pack,2018,"19,000 mi.",Gasoline,Transmission w/Dual Shift Mode,485.0HP 6.4L 8 Cylinder Engine Gasoline Fuel,None reported
Chevrolet,"$33,999",Corvette Z06,2002,"17,300 mi.",Gasoline,6-Speed M/T,405.0HP 5.7L 8 Cylinder Engine Gasoline Fuel,None reported
Mercedes-Benz,"$13,500",CLA-Class CLA 250,2014,"91,140 mi.",Gasoline,7-Speed A/T,208.0HP 2.0L 4 Cylinder Engine Gasoline Fuel,None reported
BMW,"$65,000",M5 Base,2015,"33,000 mi.",Gasoline,7-Speed A/T,560.0HP 4.4L 8 Cylinder Engine Gasoline Fuel,None reported
Jeep,"$39,799",Wrangler Unlimited Sport,2019,"52,775 mi.",Gasoline,8-Speed A/T,285.0HP 3.6L V6 Cylinder Engine Gasoline Fuel,None reported
Mitsubishi,"$5,800",Lancer Sportback ES,2011,"113,000 mi.",Gasoline,5-Speed M/T,148.0HP 2.0L 4 Cylinder Engine Gasoline Fuel,None reported
Porsche,"$60,000",Macan Base,2022,"13,000 mi.",Gasoline,A/T,261.0HP 2.0L 4 Cylinder Engine Gasoline Fuel,None reported
Mercedes-Benz,"$16,500",CLK-Class CLK 350,2009,"77,925 mi.",Gasoline,Transmission w/Dual Shift Mode,268.0HP 3.5L V6 Cylinder Engine Gasoline Fuel,None reported
Dodge,"$22,500",Challenger SRT8,2011,"106,500 mi.",–,5-Speed A/T,–,At least 1 accident or damage reported
Mazda,"$19,212",Mazda3 Grand Touring,2018,"15,175 mi.",Gasoline,6-Speed Automatic,2.5L I4 16V GDI DOHC,At least 1 accident or damage reported
Audi,"$10,995",A3 2.0T Premium,2017,"137,000 mi.",Gasoline,7-Speed A/T,186.0HP 2.0L 4 Cylinder Engine Gasoline Fuel,None reported
BMW,"$15,000",528 i,2015,"111,000 mi.",Gasoline,8-Speed A/T,240.0HP 2.0L 4 Cylinder Engine Gasoline Fuel,At least 1 accident or damage reported
Land,"$62,425",Rover Range Rover 3.0L V6 Supercharged HSE,2019,"49,208 mi.",Gasoline,Transmission w/Dual Shift Mode,380.0HP 3.0L V6 Cylinder Engine Gasoline Fuel,None reported
Audi,"$39,000",S5 3.0T Prestige,2018,"44,000 mi.",Gasoline,8-Speed A/T,354.0HP 3.0L V6 Cylinder Engine Gasoline Fuel,None reported
Porsche,"$45,500",718 Boxster Base,2017,"26,000 mi.",Gasoline,A/T,300.0HP 2.0L 4 Cylinder Engine Gasoline Fuel,None reported
Chevrolet,"$76,000",Corvette Stingray w/2LT,2020,"1,800 mi.",Gasoline,8-Speed A/T,490.0HP 6.2L 8 Cylinder Engine Gasoline Fuel,None reported
Lamborghini,"$259,991",Urus Pearl Capsule,2021,"3,771 mi.",Gasoline,Automatic,"4L V-8 gasoline direct injection, DOHC, variable valve control,",None reported
Maserati,"$26,497",Quattroporte S,2012,"50,000 mi.",Gasoline,6-Speed A/T,425.0HP 4.7L 8 Cylinder Engine Gasoline Fuel,None reported
Subaru,"$16,000",Impreza 2.0i,2018,"93,000 mi.",Gasoline,CVT Transmission,152.0HP 2.0L 4 Cylinder Engine Gasoline Fuel,At least 1 accident or damage reported
Mercedes-Benz,"$129,000",AMG GT C,2020,"15,000 mi.",Gasoline,7-Speed A/T,550.0HP 4.0L 8 Cylinder Engine Gasoline Fuel,None reported
Mazda,"$15,000",Mazda6 i Touring,2016,"119,500 mi.",Gasoline,Transmission w/Dual Shift Mode,184.0HP 2.5L 4 Cylinder Engine Gasoline Fuel,None reported
Porsche,"$36,000",Macan S,2016,"50,000 mi.",Gasoline,7-Speed A/T,340.0HP 3.0L V6 Cylinder Engine Gasoline Fuel,None reported
Porsche,"$21,500",Panamera 4,2011,"85,000 mi.",Gasoline,A/T,300.0HP 3.6L V6 Cylinder Engine Gasoline Fuel,
Genesis,"$29,999",G70 3.3T Advanced,2019,"48,000 mi.",Gasoline,8-Speed A/T,365.0HP 3.3L V6 Cylinder Engine Gasoline Fuel,None reported
Jeep,"$33,400",Wrangler Sport,2021,"11,756 mi.",Gasoline,Automatic,"2L I-4 gasoline direct injection, DOHC, intercooled turbo, engin",At least 1 accident or damage reported
Audi,"$28,500",Q5 2.0T Premium Plus,2018,"50,400 mi.",Gasoline,Transmission w/Dual Shift Mode,252.0HP 2.0L 4 Cylinder Engine Gasoline Fuel,None reported
BMW,"$17,500",335 i xDrive,2012,"153,600 mi.",Gasoline,6-Speed M/T,300.0HP 3.0L Straight 6 Cylinder Engine Gasoline Fuel,None reported
Land,"$164,725",Rover Range Rover P530 SE,2023,"1,869 mi.",Gasoline,Automatic,4.4L V8 32V GDI DOHC Twin Turbo,None reported
Dodge,"$64,683",Durango SRT 392,2022,"31,917 mi.",Gasoline,8-Speed A/T,475.0HP 6.4L 8 Cylinder Engine Gasoline Fuel,None reported
BMW,"$50,500",M3 Base,2016,"56,235 mi.",Gasoline,6-Speed M/T,425.0HP 3.0L Straight 6 Cylinder Engine Gasoline Fuel,None reported
Ford,"$18,300",Fiesta ST,2019,"28,724 mi.",Gasoline,6-Speed M/T,197.0HP 1.6L 4 Cylinder Engine Gasoline Fuel,At least 1 accident or damage reported
Lincoln,"$9,500",MKS Base,2015,"124,400 mi.",Gasoline,6-Speed A/T,305.0HP 3.7L V6 Cylinder Engine Gasoline Fuel,At least 1 accident or damage reported
Chevrolet,"$46,000",Tahoe Premier,2020,"137,000 mi.",Gasoline,6-Speed A/T,355.0HP 5.3L 8 Cylinder Engine Gasoline Fuel,None reported
Ferrari,"$99,999",F430 Berlinetta,2005,"38,686 mi.",Gasoline,Transmission w/Dual Shift Mode,483.0HP 4.3L 8 Cylinder Engine Gasoline Fuel,None reported
Ford,"$72,900",F-250 Platinum,2022,"6,600 mi.",Gasoline,10-Speed A/T,430.0HP 7.3L 8 Cylinder Engine Gasoline Fuel,At least 1 accident or damage reported
Mercedes-Benz,"$11,500",SLK-Class SLK280 Roadster,2007,"67,200 mi.",Gasoline,A/T,228.0HP 3.0L V6 Cylinder Engine Gasoline Fuel,None reported
Porsche,"$51,698",Macan,2021,"16,554 mi.",Gasoline,Automatic,2.0 Liter,None reported
BMW,"$67,900",X5 PHEV xDrive45e,2023,"15,736 mi.",Plug-In Hybrid,8-Speed A/T,389.0HP 3.0L Straight 6 Cylinder Engine Plug-In Electric/Gas,None reported
Mercedes-Benz,"$5,800",E-Class E500,2005,"153,460 mi.",Gasoline,A/T,302.0HP 5.0L 8 Cylinder Engine Gasoline Fuel,At least 1 accident or damage reported
Acura,"$15,051",TL 3.7,2012,"70,000 mi.",Gasoline,A/T,305.0HP 3.7L V6 Cylinder Engine Gasoline Fuel,At least 1 accident or damage reported
Hyundai,"$9,950",Equus Signature,2011,"143,898 mi.",Gasoline,6-Speed A/T,378.0HP 4.6L 8 Cylinder Engine Gasoline Fuel,None reported
Mercedes-Benz,"$22,000",SL-Class SL500 Roadster,2003,"26,190 mi.",Gasoline,A/T,302.0HP 5.0L 8 Cylinder Engine Gasoline Fuel,None reported
Toyota,"$15,900",Land Cruiser Base,2000,"209,193 mi.",Gasoline,A/T,230.0HP 4.7L 8 Cylinder Engine Gasoline Fuel,None reported
RAM,"$41,688",2500 Big Horn,2018,"27,839 mi.",Gasoline,6-Speed Automatic,6.4L V8 16V MPFI OHV,None reported
Chevrolet,"$28,499",Silverado 2500 WT,2018,"141,195 mi.",E85 Flex Fuel,6-Speed Automatic,6.0L V8 16V MPFI OHV Flexible Fuel,
Porsche,"$68,500",Macan S,2022,"20,250 mi.",Gasoline,7-Speed A/T,375.0HP 2.9L V6 Cylinder Engine Gasoline Fuel,None reported
Jeep,"$41,599",Grand Cherokee L Limited,2022,"18,333 mi.",Gasoline,8-Speed Automatic,3.6L V6 24V MPFI DOHC,None reported
Mercedes-Benz,"$29,998",E-Class E 350,2014,"35,000 mi.",Gasoline,7-Speed A/T,302.0HP 3.5L V6 Cylinder Engine Gasoline Fuel,None reported
Dodge,"$4,000",Magnum Base,2006,"133,255 mi.",Gasoline,A/T,250.0HP 3.5L V6 Cylinder Engine Gasoline Fuel,None reported
Porsche,"$79,998",Macan Turbo,2021,"14,526 mi.",Gasoline,Automatic,2.9 Liter Turbo,None reported
Mercedes-Benz,"$23,500",E-Class E 550,2014,"43,690 mi.",Gasoline,A/T,402.0HP 4.7L 8 Cylinder Engine Gasoline Fuel,None reported
Porsche,"$58,598",Macan S,2020,"29,136 mi.",Gasoline,Automatic,3.0 Liter Turbo,None reported
Cadillac,"$24,590",XT5 Luxury,2017,"72,060 mi.",Gasoline,8-Speed Automatic,3.6L V6 24V GDI DOHC,None reported
Toyota,"$68,500",Tundra Platinum,2023,"8,800 mi.",Gasoline,A/T,389.0HP 3.4L V6 Cylinder Engine Gasoline Fuel,None reported
Nissan,"$8,250",Versa 1.6 SL,2015,"85,768 mi.",Gasoline,CVT Transmission,109.0HP 1.6L 4 Cylinder Engine Gasoline Fuel,At least 1 accident or damage reported
Mercedes-Benz,"$110,000",AMG GT 53 Base,2022,"2,235 mi.",Hybrid,Transmission w/Dual Shift Mode,429.0HP 3.0L Straight 6 Cylinder Engine Gasoline/Mild Electric Hybrid,None reported
Buick,"$26,772",Enclave Avenir,2019,"121,521 mi.",Gasoline,9-Speed Automatic,3.6L V6 24V GDI DOHC,None reported
Porsche,"$144,940",911 GT3,2015,"23,700 mi.",Gasoline,Transmission w/Dual Shift Mode,475.0HP 3.8L Flat 6 Cylinder Engine Gasoline Fuel,None reported
BMW,"$11,900",328 i,2013,"124,000 mi.",Gasoline,A/T,230.0HP 3.0L Straight 6 Cylinder Engine Gasoline Fuel,None reported
Acura,"$20,999",ILX Premium Package,2018,"32,260 mi.",Gasoline,A/T,201.0HP 2.4L 4 Cylinder Engine Gasoline Fuel,None reported
Lexus,"$28,000",GX 460 Base,2015,"92,000 mi.",Gasoline,6-Speed A/T,301.0HP 4.6L 8 Cylinder Engine Gasoline Fuel,None reported
Toyota,"$22,500",Land Cruiser Base,2010,"269,885 mi.",Gasoline,6-Speed A/T,381.0HP 5.7L 8 Cylinder Engine Gasoline Fuel,At least 1 accident or damage reported
Chevrolet,"$35,900",Corvette Base,2008,"51,855 mi.",Gasoline,6-Speed A/T,430.0HP 6.2L 8 Cylinder Engine Gasoline Fuel,None reported
Mazda,"$12,900",Mazda6 i Touring,2015,"124,000 mi.",Gasoline,6-Speed M/T,184.0HP 2.5L 4 Cylinder Engine Gasoline Fuel,At least 1 accident or damage reported
Jaguar,"$52,500",F-TYPE R,2015,"26,000 mi.",Gasoline,8-Speed A/T,550.0HP 5.0L 8 Cylinder Engine Gasoline Fuel,None reported
Audi,"$25,500",A3 2.0T Premium,2018,"36,500 mi.",Gasoline,6-Speed A/T,220.0HP 2.0L 4 Cylinder Engine Gasoline Fuel,At least 1 accident or damage reported
Chevrolet,"$54,900",Camaro 2SS,2022,"1,400 mi.",Gasoline,10-Speed A/T,455.0HP 6.2L 8 Cylinder Engine Gasoline Fuel,None reported
Jeep,"$38,500",Wrangler Unlimited Sport S,2018,"17,000 mi.",Gasoline,A/T,285.0HP 3.6L V6 Cylinder Engine Gasoline Fuel,None reported
Honda,"$25,698",Civic Sport,2021,"42,750 mi.",Gasoline,Automatic CVT,1.5L I4 16V GDI DOHC Turbo,None reported
Porsche,"$30,000",Cayman Base,2011,"67,998 mi.",Gasoline,6-Speed M/T,265.0HP 2.9L Flat 6 Cylinder Engine Gasoline Fuel,None reported
Ford,"$16,000",Mustang GT,2008,"64,500 mi.",Gasoline,5-Speed M/T,300.0HP 4.6L 8 Cylinder Engine Gasoline Fuel,At least 1 accident or damage reported
Toyota,"$24,900",FJ Cruiser Base,2007,"102,000 mi.",Gasoline,6-Speed M/T,239.0HP 4.0L V6 Cylinder Engine Gasoline Fuel,None reported
Land,"$15,500",Rover Discovery SE,2004,"145,000 mi.",Gasoline,A/T,217.0HP 4.6L 8 Cylinder Engine Gasoline Fuel,None reported
Porsche,"$55,000",718 Boxster S,2018,"50,000 mi.",Gasoline,A/T,350.0HP 2.5L 4 Cylinder Engine Gasoline Fuel,At least 1 accident or damage reported
Chevrolet,"$25,500",Corvette Base,2004,"37,622 mi.",Gasoline,A/T,350.0HP 5.7L 8 Cylinder Engine Gasoline Fuel,None reported
Toyota,"$9,499",Avalon Limited,2006,"89,987 mi.",Gasoline,5-Speed A/T,268.0HP 3.5L V6 Cylinder Engine Gasoline Fuel,None reported
INFINITI,"$20,470",QX80 Base,2015,"136,390 mi.",Gasoline,7-Speed Automatic,5.6L V8 32V GDI DOHC,None reported
Cadillac,"$2,990",DeVille Base,1994,"90,000 mi.",–,A/T,–,At least 1 accident or damage reported
Chevrolet,"$33,000",Camaro 2SS,2015,"27,000 mi.",Gasoline,Transmission w/Dual Shift Mode,426.0HP 6.2L 8 Cylinder Engine Gasoline Fuel,None reported
Jeep,"$6,500",Liberty Renegade,2004,"144,770 mi.",Gasoline,4-Speed A/T,210.0HP 3.7L V6 Cylinder Engine Gasoline Fuel,At least 1 accident or damage reported
Toyota,"$23,500",4Runner Trail,2011,"157,000 mi.",Gasoline,Transmission w/Dual Shift Mode,270.0HP 4.0L V6 Cylinder Engine Gasoline Fuel,None reported
BMW,"$8,500",328 i xDrive,2010,"132,000 mi.",Gasoline,Transmission w/Dual Shift Mode,230.0HP 3.0L Straight 6 Cylinder Engine Gasoline Fuel,At least 1 accident or damage reported
Ford,"$15,000",Excursion Limited Ultimate,2002,"137,000 mi.",Diesel,4-Speed A/T,250.0HP 7.3L 8 Cylinder Engine Diesel Fuel,None reported
Lexus,"$28,000",IS 300 Base,2018,"50,992 mi.",Gasoline,A/T,260.0HP 3.5L V6 Cylinder Engine Gasoline Fuel,At least 1 accident or damage reported
Cadillac,"$12,900",CTS Performance,2010,"105,760 mi.",Gasoline,6-Speed A/T,270.0HP 3.0L V6 Cylinder Engine Gasoline Fuel,None reported
Lexus,"$68,495",LC 500 Base,2018,"29,800 mi.",Gasoline,10-Speed A/T,471.0HP 5.0L 8 Cylinder Engine Gasoline Fuel,None reported
BMW,"$42,000",540 i xDrive,2019,"21,000 mi.",Gasoline,Transmission w/Dual Shift Mode,335.0HP 3.0L Straight 6 Cylinder Engine Gasoline Fuel,At least 1 accident or damage reported
Chevrolet,"$9,900",Corvette Base,1998,"152,195 mi.",Gasoline,A/T,340.0HP 5.7L 8 Cylinder Engine Gasoline Fuel,None reported
Hummer,"$16,900",H2 Base,2006,"169,900 mi.",Gasoline,A/T,325.0HP 6.0L 8 Cylinder Engine Gasoline Fuel,At least 1 accident or damage reported
Volvo,"$6,499",XC90 3.2,2008,"196,000 mi.",Gasoline,A/T,235.0HP 3.2L Straight 6 Cylinder Engine Gasoline Fuel,None reported
Jeep,"$9,100",Wrangler Unlimited Sahara,2009,"180,036 mi.",Gasoline,A/T,202.0HP 3.8L V6 Cylinder Engine Gasoline Fuel,At least 1 accident or damage reported
Land,"$33,500",Rover Discovery HSE LUXURY,2017,"57,918 mi.",Gasoline,Transmission w/Dual Shift Mode,340.0HP 3.0L V6 Cylinder Engine Gasoline Fuel,None reported
BMW,"$26,500",340 i,2017,"98,600 mi.",Gasoline,8-Speed A/T,320.0HP 3.0L Straight 6 Cylinder Engine Gasoline Fuel,None reported
Ford,"$55,000",F-250 Lariat,2018,"120,000 mi.",Diesel,6-Speed A/T,450.0HP 6.7L 8 Cylinder Engine Diesel Fuel,At least 1 accident or damage reported
BMW,"$80,000",M3 Competition,2022,"14,269 mi.",Gasoline,8-Speed A/T,503.0HP 3.0L Straight 6 Cylinder Engine Gasoline Fuel,None reported
Lexus,"$89,000",LC 500 Base,2022,"6,875 mi.",Gasoline,A/T,471.0HP 5.0L 8 Cylinder Engine Gasoline Fuel,None reported
Honda,"$28,324",CR-V Touring,2019,"55,100 mi.",Gasoline,Automatic CVT,1.5L I4 16V GDI DOHC Turbo,None reported
Porsche,"$41,500",Panamera S,2012,"49,000 mi.",Gasoline,7-Speed A/T,400.0HP 4.8L 8 Cylinder Engine Gasoline Fuel,
BMW,"$15,000",750 i,2009,"74,600 mi.",Gasoline,A/T,400.0HP 4.4L 8 Cylinder Engine Gasoline Fuel,None reported
Audi,"$41,500",A7 3.0T Premium,2019,"45,900 mi.",Hybrid,Transmission w/Dual Shift Mode,335.0HP 3.0L V6 Cylinder Engine Gasoline/Mild Electric Hybrid,At least 1 accident or damage reported
Chrysler,"$12,468",200 Limited,2015,"95,271 mi.",E85 Flex Fuel,A/T,184.0HP 2.4L 4 Cylinder Engine Flex Fuel Capability,
Ford,"$33,172",F-150 XL,2021,"88,883 mi.",Gasoline,10-Speed Automatic,2.7L V6 24V PDI DOHC Twin Turbo,None reported
Dodge,"$35,000",Grand Caravan R/T,2013,"43,000 mi.",E85 Flex Fuel,6-Speed A/T,283.0HP 3.6L V6 Cylinder Engine Flex Fuel Capability,None reported
Ford,"$12,000",Focus SE,2018,"33,700 mi.",E85 Flex Fuel,A/T,160.0HP 2.0L 4 Cylinder Engine Flex Fuel Capability,At least 1 accident or damage reported
RAM,"$43,640",2500 Big Horn,2016,"95,115 mi.",Diesel,6-Speed Automatic,6.7L I6 24V DDI OHV Turbo Diesel,None reported
Lotus,"$44,000",Elise Base,2005,"25,250 mi.",Gasoline,M/T,190.0HP 1.8L 4 Cylinder Engine Gasoline Fuel,
Chevrolet,"$27,500",Corvette Base,2007,"20,200 mi.",Gasoline,6-Speed A/T,400.0HP 6.0L 8 Cylinder Engine Gasoline Fuel,None reported
Audi,"$17,900",allroad 2.0T Prestige,2013,"104,457 mi.",Gasoline,8-Speed A/T,211.0HP 2.0L 4 Cylinder Engine Gasoline Fuel,None reported
McLaren,"$171,900",570S Spider,2018,"8,984 mi.",Gasoline,7-Speed Automatic with Auto-Shift,3.8L V8 32V MPFI DOHC Twin Turbo,None reported
Chevrolet,"$41,400",Express 2500 Work Van,2017,"76,000 mi.",Gasoline,A/T,285.0HP 4.8L 8 Cylinder Engine Gasoline Fuel,None reported
Chevrolet,"$39,244",Traverse High Country,2020,"56,247 mi.",Gasoline,9-Speed Automatic,3.6L V6 24V GDI DOHC,None reported
Jeep,"$15,000",Wrangler S,1994,"50,750 mi.",–,5-Speed M/T,–,None reported
Acura,"$21,000",ILX Technology Plus Package,2016,"61,000 mi.",Gasoline,A/T,201.0HP 2.4L 4 Cylinder Engine Gasoline Fuel,At least 1 accident or damage reported
Chevrolet,"$27,599",Camaro 1LT,2019,"9,111 mi.",Gasoline,8-Speed Automatic,3.6L V6 GDI DOHC,None reported
Lexus,"$21,998",ES 350 Base,2015,"100,900 mi.",Gasoline,Automatic,3.5 Liter,None reported
Ford,"$43,430",F-150 XLT,2021,"24,207 mi.",Gasoline,10-Speed Automatic,2.7L V6 24V PDI DOHC Twin Turbo,None reported
Tesla,"$47,998",Model Y Long Range,2022,"9,411 mi.",,Automatic,Dual Motor - Standard,None reported
Chevrolet,"$47,500",Corvette Z06,2006,"21,000 mi.",Gasoline,6-Speed M/T,505.0HP 7.0L 8 Cylinder Engine Gasoline Fuel,None reported
Cadillac,"$22,500",CTS 3.6L Premium Luxury,2019,"136,150 mi.",Gasoline,Transmission w/Dual Shift Mode,335.0HP 3.6L V6 Cylinder Engine Gasoline Fuel,At least 1 accident or damage reported
BMW,"$28,750",M3 Base,2009,"78,414 mi.",Gasoline,7-Speed A/T,420.0HP 4.0L 8 Cylinder Engine Gasoline Fuel,At least 1 accident or damage reported
Mazda,"$19,900",Mazda3 FWD w/Preferred Package,2019,"60,800 mi.",Gasoline,6-Speed A/T,186.0HP 2.5L 4 Cylinder Engine Gasoline Fuel,None reported
Ford,"$34,000",Maverick XLT,2022,"16,400 mi.",Hybrid,CVT Transmission,191.0HP 2.5L 4 Cylinder Engine Gas/Electric Hybrid,None reported
Toyota,"$35,707",Highlander Hybrid Limited,2018,"62,200 mi.",Hybrid,CVT Transmission,306.0HP 3.5L V6 Cylinder Engine Gas/Electric Hybrid,None reported
BMW,"$53,998",X6 xDrive40i,2021,"72,903 mi.",Hybrid,SCHEDULED FOR OR IN PRODUCTION,3.0 Liter Turbo,At least 1 accident or damage reported
Lincoln,"$5,000",Town Car Signature,2003,"142,215 mi.",Gasoline,4-Speed A/T,239.0HP 4.6L 8 Cylinder Engine Gasoline Fuel,None reported
Mercedes-Benz,"$8,000",SL-Class SL550 Roadster,2007,"150,000 mi.",Gasoline,A/T,382.0HP 5.5L 8 Cylinder Engine Gasoline Fuel,None reported
Ford,"$12,500",Mustang GT,1998,"49,170 mi.",Gasoline,A/T,225.0HP 4.6L 8 Cylinder Engine Gasoline Fuel,None reported
Chevrolet,"$18,000",Suburban 1500 LT,2015,"167,500 mi.",Gasoline,6-Speed A/T,355.0HP 5.3L 8 Cylinder Engine Gasoline Fuel,None reported
Ford,"$11,000",Fusion SE,2016,"110,450 mi.",Gasoline,6-Speed A/T,231.0HP 2.0L 4 Cylinder Engine Gasoline Fuel,None reported
Audi,"$23,000",S4 3.0T Premium Plus,2014,"106,000 mi.",Gasoline,6-Speed M/T,333.0HP 3.0L V6 Cylinder Engine Gasoline Fuel,At least 1 accident or damage reported
Chevrolet,"$34,900",Suburban Premier,2017,"92,728 mi.",Gasoline,6-Speed A/T,355.0HP 5.3L 8 Cylinder Engine Gasoline Fuel,None reported
Ford,"$44,000",Bronco Big Bend,2022,"17,000 mi.",Gasoline,A/T,275.0HP 2.3L 4 Cylinder Engine Gasoline Fuel,None reported
Ford,"$22,000",F-250 XL,2016,"75,200 mi.",E85 Flex Fuel,6-Speed A/T,385.0HP 6.2L 8 Cylinder Engine Flex Fuel Capability,None reported
Dodge,"$64,990",Challenger SRT Hellcat,2015,"1,800 mi.",Gasoline,A/T,707.0HP 6.2L 8 Cylinder Engine Gasoline Fuel,None reported
Toyota,"$39,598",Tacoma TRD Sport,2019,"36,283 mi.",Gasoline,Automatic,3.5 Liter,None reported
Audi,"$47,798",Q5 S line Premium Plus,2023,"6,682 mi.",Hybrid,Automatic,2.0 Liter TFSI,None reported
Jeep,"$28,999",Wrangler Sport,2018,"23,399 mi.",Gasoline,8-Speed Automatic,2.0L I4 16V GDI DOHC Turbo,None reported
Genesis,"$29,500",G80 3.8,2017,"29,720 mi.",Gasoline,8-Speed A/T,311.0HP 3.8L V6 Cylinder Engine Gasoline Fuel,None reported
Mercedes-Benz,"$44,850",SL-Class SL63 AMG Roadster,2009,"56,000 mi.",Gasoline,A/T,518.0HP 6.3L 8 Cylinder Engine Gasoline Fuel,None reported
Lexus,"$73,000",LX 570 Three-Row,2020,"59,419 mi.",Gasoline,A/T,383.0HP 5.7L 8 Cylinder Engine Gasoline Fuel,None reported
Kia,"$32,500",Stinger GT2,2018,"69,100 mi.",Gasoline,8-Speed A/T,365.0HP 3.3L V6 Cylinder Engine Gasoline Fuel,None reported
Nissan,"$131,999",GT-R Premium,2021,"22,185 mi.",Gasoline,6-Speed Automatic with Auto-Shift,3.8L V6 24V MPFI DOHC Twin Turbo,None reported
Chevrolet,"$47,900",Trailblazer SS,2008,"29,586 mi.",Gasoline,A/T,390.0HP 6.0L 8 Cylinder Engine Gasoline Fuel,None reported
Chevrolet,"$41,885",Silverado 2500 WT,2021,"63,866 mi.",Gasoline,Automatic,6.6L V8 16V GDI OHV,None reported
Chevrolet,"$29,748",Suburban LTZ,2016,"135,484 mi.",Gasoline,6-Speed Automatic,5.3L V8 16V GDI OHV,
Mercedes-Benz,"$17,900",E-Class E 350,2014,"78,500 mi.",Gasoline,7-Speed A/T,302.0HP 3.5L V6 Cylinder Engine Gasoline Fuel,At least 1 accident or damage reported
BMW,"$51,900",M3 Base,2012,"7,982 mi.",Gasoline,7-Speed A/T,414.0HP 4.0L 8 Cylinder Engine Gasoline Fuel,
Bentley,"$269,991",Continental GT V8,2022,"1,795 mi.",Gasoline,Automatic,"4L V-8 gasoline direct injection, DOHC, variable valve control,",None reported
Volkswagen,"$48,000",Golf R Base,2022,"1,067 mi.",Gasoline,7-Speed A/T,315.0HP 2.0L 4 Cylinder Engine Gasoline Fuel,None reported
Ford,"$15,499",Explorer Limited,2017,"152,000 mi.",Gasoline,6-Speed A/T,290.0HP 3.5L V6 Cylinder Engine Gasoline Fuel,None reported
Honda,"$8,900",Odyssey LX,2011,"185,000 mi.",Gasoline,A/T,248.0HP 3.5L V6 Cylinder Engine Gasoline Fuel,None reported
Dodge,"$19,998",Ram 2500 SLT Mega Cab,2007,"97,724 mi.",Diesel,A/T,350.0HP 6.7L Straight 6 Cylinder Engine Diesel Fuel,None reported
Honda,"$25,980",Civic Sport,2020,"22,227 mi.",Gasoline,Automatic CVT,2.0L I4 16V MPFI DOHC,
Honda,"$13,000",Civic LX,2016,"111,000 mi.",Gasoline,A/T,158.0HP 2.0L 4 Cylinder Engine Gasoline Fuel,None reported
Ford,"$46,500",F-250 XLT,2019,"32,268 mi.",E85 Flex Fuel,6-Speed A/T,385.0HP 6.2L 8 Cylinder Engine Flex Fuel Capability,None reported
Nissan,"$18,998",Pathfinder SV,2019,"122,009 mi.",Gasoline,Automatic,3.5 Liter,None reported
Land,"$63,995",Rover Range Rover HSE SWB,2020,"57,785 mi.",Hybrid,A/T,395.0HP 3.0L Straight 6 Cylinder Engine Gasoline/Mild Electric Hybrid,None reported
BMW,"$21,500",M3 Base,2002,"204,884 mi.",Gasoline,6-Speed M/T,333.0HP 3.2L Straight 6 Cylinder Engine Gasoline Fuel,At least 1 accident or damage reported
Hummer,"$15,000",H2 Base,2003,"179,400 mi.",Gasoline,A/T,316.0HP 6.0L 8 Cylinder Engine Gasoline Fuel,At least 1 accident or damage reported
Mazda,"$14,000",RX-8 R3,2009,"57,000 mi.",Gasoline,6-Speed M/T,232.0HP 1.3L Rotary engine Gasoline Fuel,None reported
Lexus,"$87,000",LX 570 Three-Row,2021,"25,997 mi.",Gasoline,A/T,383.0HP 5.7L 8 Cylinder Engine Gasoline Fuel,None reported
Chevrolet,"$64,288",Suburban Z71,2022,"36,555 mi.",Gasoline,Automatic,5.3L V8 16V GDI OHV,None reported
Mercedes-Benz,"$122,950",S-Class S 580 4MATIC,2023,989 mi.,Gasoline,9-Speed Automatic,4.0L V8 32V GDI DOHC Twin Turbo,None reported
Chevrolet,"$32,000",Corvette Base,2007,"28,514 mi.",Gasoline,Transmission w/Dual Shift Mode,400.0HP 6.0L 8 Cylinder Engine Gasoline Fuel,None reported
Ford,"$40,000",Mustang GT Premium,2019,"10,400 mi.",Gasoline,10-Speed A/T,460.0HP 5.0L 8 Cylinder Engine Gasoline Fuel,None reported
Chevrolet,"$25,800",Equinox Premier w/2LZ,2020,"51,133 mi.",Gasoline,9-Speed Automatic,2.0L I4 16V GDI DOHC Turbo,At least 1 accident or damage reported
Chevrolet,"$15,000",Camaro Z28,1999,"58,800 mi.",Gasoline,A/T,305.0HP 5.7L 8 Cylinder Engine Gasoline Fuel,None reported
Land,"$33,000",Rover Discovery HSE,2018,"85,000 mi.",Gasoline,8-Speed A/T,340.0HP 3.0L V6 Cylinder Engine Gasoline Fuel,None reported
Jeep,"$11,999",Wrangler SE,2000,"95,200 mi.",Gasoline,5-Speed M/T,120.0HP 2.5L 4 Cylinder Engine Gasoline Fuel,None reported
Toyota,"$26,000",Highlander XLE,2015,"68,575 mi.",Gasoline,A/T,270.0HP 3.5L V6 Cylinder Engine Gasoline Fuel,At least 1 accident or damage reported
Chevrolet,"$45,000",Corvette Grand Sport,2011,"12,300 mi.",Gasoline,6-Speed A/T,430.0HP 6.2L 8 Cylinder Engine Gasoline Fuel,None reported
Chevrolet,"$54,490",Corvette Stingray,2018,"13,900 mi.",Gasoline,8-Speed A/T,455.0HP 6.2L 8 Cylinder Engine Gasoline Fuel,None reported
Mercedes-Benz,"$9,000",SLK-Class SLK230 Kompressor,2001,"58,800 mi.",Gasoline,A/T,190.0HP 2.3L 4 Cylinder Engine Gasoline Fuel,None reported
Nissan,"$21,500",Juke NISMO RS,2016,"30,700 mi.",Gasoline,6-Speed M/T,215.0HP 1.6L 4 Cylinder Engine Gasoline Fuel,At least 1 accident or damage reported
Porsche,"$44,800",911 Carrera C2S,2005,"104,000 mi.",Gasoline,6-Speed M/T,355.0HP 3.8L Flat 6 Cylinder Engine Gasoline Fuel,None reported
Chevrolet,"$24,899",Colorado LT,2019,"139,116 mi.",Gasoline,Automatic,3.6L V6 24V GDI DOHC,At least 1 accident or damage reported
Porsche,"$48,990",Macan S,2019,"36,700 mi.",Gasoline,7-Speed A/T,348.0HP 3.0L V6 Cylinder Engine Gasoline Fuel,At least 1 accident or damage reported
Mercedes-Benz,"$82,150",GLE 350 Base 4MATIC,2022,"24,500 mi.",Gasoline,9-Speed A/T,255.0HP 2.0L 4 Cylinder Engine Gasoline Fuel,None reported
Toyota,"$65,000",Land Cruiser Base,2017,"65,000 mi.",Gasoline,A/T,381.0HP 5.7L 8 Cylinder Engine Gasoline Fuel,At least 1 accident or damage reported
BMW,"$61,998",X6 xDrive40i,2021,"27,654 mi.",Hybrid,Automatic,3.0 Liter Turbo,None reported
Rivian,"$92,500",R1S Adventure Package,2023,542 mi.,,A/T,835.0HP Electric Motor Electric Fuel System,None reported
Toyota,"$38,700",Highlander Platinum,2020,"41,000 mi.",Gasoline,8-Speed A/T,295.0HP 3.5L V6 Cylinder Engine Gasoline Fuel,None reported
Mercedes-Benz,"$41,000",SL-Class SL 63 AMG,2011,"47,400 mi.",Gasoline,7-Speed A/T,518.0HP 6.3L 8 Cylinder Engine Gasoline Fuel,At least 1 accident or damage reported
Ford,"$18,500",Thunderbird Deluxe,2002,"40,110 mi.",Gasoline,A/T,252.0HP 3.9L 8 Cylinder Engine Gasoline Fuel,None reported
RAM,"$30,000",2500 Big Horn,2014,"124,700 mi.",Gasoline,6-Speed A/T,410.0HP 6.4L 8 Cylinder Engine Gasoline Fuel,None reported
Ford,"$35,000",F-350 XLT,2013,"31,000 mi.",E85 Flex Fuel,A/T,316.0HP 6.2L 8 Cylinder Engine Flex Fuel Capability,At least 1 accident or damage reported
Toyota,"$49,000",RAV4 Prime XSE,2022,"7,100 mi.",Plug-In Hybrid,A/T,302.0HP 2.5L 4 Cylinder Engine Plug-In Electric/Gas,None reported
Jeep,"$26,816",Grand Cherokee Limited,2018,"91,677 mi.",Gasoline,8-Speed Automatic,3.6L V6 24V MPFI DOHC,None reported
Ford,"$9,500",Focus SE,2009,"107,500 mi.",Gasoline,A/T,132.0HP 2.0L 4 Cylinder Engine Gasoline Fuel,None reported
Porsche,"$194,965",911 Carrera 4 GTS,2023,"1,518 mi.",Gasoline,8-Speed A/T,473.0HP 3.0L Flat 6 Cylinder Engine Gasoline Fuel,None reported
Chevrolet,"$88,900",Corvette Stingray w/2LT,2023,"5,200 mi.",Gasoline,8-Speed A/T,490.0HP 6.2L 8 Cylinder Engine Gasoline Fuel,None reported
Ford,"$9,500",F-150 XLT SuperCab,1999,"48,054 mi.",Gasoline,A/T,220.0HP 4.6L 8 Cylinder Engine Gasoline Fuel,None reported
Porsche,"$28,000",Macan Base,2018,"87,500 mi.",Gasoline,Transmission w/Dual Shift Mode,252.0HP 2.0L 4 Cylinder Engine Gasoline Fuel,None reported
Acura,"$19,000",ZDX Base,2012,"106,335 mi.",Gasoline,6-Speed A/T,300.0HP 3.7L V6 Cylinder Engine Gasoline Fuel,None reported
Chevrolet,"$29,999",Suburban Premier,2017,"133,598 mi.",Gasoline,6-Speed Automatic,5.3L V8 16V GDI OHV,At least 1 accident or damage reported
Chevrolet,"$30,989",Traverse Premier,2018,"68,455 mi.",Gasoline,9-Speed Automatic,3.6L V6 24V GDI DOHC,None reported
Mercedes-Benz,"$38,880",E-Class E 400,2018,"28,690 mi.",Gasoline,A/T,329.0HP 3.0L V6 Cylinder Engine Gasoline Fuel,None reported
BMW,"$31,000",M3 Base,2012,"83,000 mi.",Gasoline,7-Speed A/T,414.0HP 4.0L 8 Cylinder Engine Gasoline Fuel,At least 1 accident or damage reported
Ford,"$54,500",F-250 XLT,2019,"38,600 mi.",Diesel,6-Speed A/T,450.0HP 6.7L 8 Cylinder Engine Diesel Fuel,None reported
Toyota,"$30,000",Highlander SE,2019,"92,000 mi.",Gasoline,A/T,295.0HP 3.5L V6 Cylinder Engine Gasoline Fuel,At least 1 accident or damage reported
Saturn,"$9,500",Sky Red Line,2009,"134,000 mi.",Gasoline,5-Speed M/T,260.0HP 2.0L 4 Cylinder Engine Gasoline Fuel,At least 1 accident or damage reported
Lexus,"$20,500",LS 460 Base,2012,"103,000 mi.",Gasoline,A/T,380.0HP 4.6L 8 Cylinder Engine Gasoline Fuel,None reported
Honda,"$3,750",CR-V LX,2004,"176,261 mi.",Gasoline,M/T,160.0HP 2.4L 4 Cylinder Engine Gasoline Fuel,None reported
Ford,"$20,000",Mustang GT Premium,2010,"58,500 mi.",Gasoline,5-Speed M/T,315.0HP 4.6L 8 Cylinder Engine Gasoline Fuel,At least 1 accident or damage reported
Ford,"$64,000",F-250 Limited,2018,"64,000 mi.",Diesel,A/T,450.0HP 6.7L 8 Cylinder Engine Diesel Fuel,None reported
Porsche,"$49,999",Boxster Black Edition,2016,"24,881 mi.",Gasoline,Transmission w/Dual Shift Mode,265.0HP 2.7L Flat 6 Cylinder Engine Gasoline Fuel,At least 1 accident or damage reported
Chevrolet,"$11,500",Corvette Base,1998,"134,000 mi.",Gasoline,A/T,340.0HP 5.7L 8 Cylinder Engine Gasoline Fuel,None reported
Ford,"$16,000",Explorer XLT,2013,"82,900 mi.",Gasoline,6-Speed A/T,290.0HP 3.5L V6 Cylinder Engine Gasoline Fuel,At least 1 accident or damage reported
BMW,"$18,200",Z4 3.0si,2008,"59,257 mi.",Gasoline,6-Speed M/T,255.0HP 3.0L Straight 6 Cylinder Engine Gasoline Fuel,None reported
Lexus,"$26,000",RX 350 F Sport,2016,"81,400 mi.",Gasoline,8-Speed A/T,295.0HP 3.5L V6 Cylinder Engine Gasoline Fuel,At least 1 accident or damage reported
Hyundai,"$19,500",Accent SEL,2022,"5,100 mi.",Gasoline,A/T,120.0HP 1.6L 4 Cylinder Engine Gasoline Fuel,None reported
Ford,"$38,500",Expedition Max XLT,2020,"67,072 mi.",Gasoline,A/T,375.0HP 3.5L V6 Cylinder Engine Gasoline Fuel,None reported
BMW,"$19,500",328 i xDrive,2016,"65,000 mi.",Gasoline,Transmission w/Dual Shift Mode,240.0HP 2.0L 4 Cylinder Engine Gasoline Fuel,None reported
Ford,"$10,000",Fusion SE,2014,"80,800 mi.",Gasoline,A/T,175.0HP 2.5L 4 Cylinder Engine Gasoline Fuel,None reported
Ford,"$39,500",F-150 XLT,2020,"53,401 mi.",Gasoline,10-Speed A/T,375.0HP 3.5L V6 Cylinder Engine Gasoline Fuel,None reported
Ford,"$62,890",F-150 Platinum,2021,"15,555 mi.",Gasoline,10-Speed Automatic,5.0L 8 Cylinder,None reported
Dodge,"$11,000",Ram 1500 SLT Mega Cab,2006,"201,509 mi.",Gasoline,5-Speed A/T,345.0HP 5.7L 8 Cylinder Engine Gasoline Fuel,At least 1 accident or damage reported
Honda,"$14,000",Civic EX,2013,"107,000 mi.",Gasoline,A/T,140.0HP 1.8L 4 Cylinder Engine Gasoline Fuel,None reported
Land,"$44,000",Rover Range Rover Velar P250 S R-Dynamic,2020,"30,500 mi.",Gasoline,A/T,247.0HP 2.0L 4 Cylinder Engine Gasoline Fuel,None reported
Toyota,"$20,000",Tacoma Base,2011,"36,000 mi.",Gasoline,5-Speed M/T,159.0HP 2.7L 4 Cylinder Engine Gasoline Fuel,None reported
Ford,"$45,998",F-250 XLT,2019,"38,514 mi.",E85 Flex Fuel,A/T,385.0HP 6.2L 8 Cylinder Engine Flex Fuel Capability,At least 1 accident or damage reported
Mercedes-Benz,"$64,000",Sprinter 2500 Standard Roof,2022,"4,590 mi.",Gasoline,A/T,188.0HP 2.0L 4 Cylinder Engine Gasoline Fuel,None reported
RAM,"$45,000",2500 Big Horn,2019,"97,000 mi.",Diesel,A/T,370.0HP 6.7L Straight 6 Cylinder Engine Diesel Fuel,At least 1 accident or damage reported
BMW,"$6,000",328 i xDrive,2011,"110,000 mi.",Gasoline,6-Speed A/T,230.0HP 3.0L Straight 6 Cylinder Engine Gasoline Fuel,At least 1 accident or damage reported
Ford,"$25,000",Explorer XLT,2017,"53,000 mi.",E85 Flex Fuel,6-Speed A/T,290.0HP 3.5L V6 Cylinder Engine Flex Fuel Capability,At least 1 accident or damage reported
Chevrolet,"$30,999",Suburban LTZ,2016,"110,000 mi.",E85 Flex Fuel,A/T,355.0HP 5.3L 8 Cylinder Engine Flex Fuel Capability,None reported
Mazda,"$4,999",MX-5 Miata Sport,2006,"218,000 mi.",Gasoline,6-Speed M/T,170.0HP 2.0L 4 Cylinder Engine Gasoline Fuel,At least 1 accident or damage reported
INFINITI,"$9,500",G35 Base,2003,"106,500 mi.",Gasoline,6-Speed M/T,280.0HP 3.5L V6 Cylinder Engine Gasoline Fuel,None reported
Chevrolet,"$11,800",Express 2500 Work Van,2012,"140,500 mi.",E85 Flex Fuel,A/T,324.0HP 6.0L 8 Cylinder Engine Flex Fuel Capability,None reported
Ford,"$9,999",Explorer Eddie Bauer,2010,"144,200 mi.",Gasoline,5-Speed A/T,210.0HP 4.0L V6 Cylinder Engine Gasoline Fuel,None reported
Chevrolet,"$69,000",Suburban RST,2022,"21,400 mi.",Diesel,10-Speed A/T,277.0HP 3.0L Straight 6 Cylinder Engine Diesel Fuel,None reported
Mercedes-Benz,"$24,500",GL-Class GL 550 4MATIC,2015,"130,000 mi.",Gasoline,7-Speed A/T,429.0HP 4.7L 8 Cylinder Engine Gasoline Fuel,None reported
Ford,"$6,500",Focus SE,2012,"108,045 mi.",Gasoline,6-Speed A/T,160.0HP 2.0L 4 Cylinder Engine Gasoline Fuel,None reported
Subaru,"$28,000",Crosstrek Premium,2022,"10,000 mi.",Gasoline,CVT Transmission,152.0HP 2.0L 4 Cylinder Engine Gasoline Fuel,None reported
Hyundai,"$12,000",Genesis Coupe 3.8 Track,2011,"75,000 mi.",Gasoline,Transmission w/Dual Shift Mode,306.0HP 3.8L V6 Cylinder Engine Gasoline Fuel,At least 1 accident or damage reported
Chrysler,"$7,858",Town & Country LX,2009,"73,500 mi.",Gasoline,A/T,170.0HP 3.3L V6 Cylinder Engine Gasoline Fuel,At least 1 accident or damage reported
Porsche,"$89,750",Panamera Turbo,2018,"29,850 mi.",Gasoline,8-Speed A/T,550.0HP 4.0L 8 Cylinder Engine Gasoline Fuel,None reported
Honda,"$19,900",Pilot EX-L,2016,"135,350 mi.",Gasoline,6-Speed A/T,280.0HP 3.5L V6 Cylinder Engine Gasoline Fuel,At least 1 accident or damage reported
Mercedes-Benz,"$40,998",GLC 300 GLC 300,2022,"16,983 mi.",Gasoline,Automatic,2.0 Liter Turbo,None reported
Audi,"$49,500",A8 L 55,2019,"35,580 mi.",Hybrid,8-Speed A/T,335.0HP 3.0L V6 Cylinder Engine Gasoline/Mild Electric Hybrid,None reported
Ford,"$18,900",Edge SE,2020,"71,200 mi.",Gasoline,8-Speed A/T,250.0HP 2.0L 4 Cylinder Engine Gasoline Fuel,None reported
Dodge,"$36,599",Durango GT,2022,"24,778 mi.",Gasoline,8-Speed Automatic,3.6L V6 24V MPFI DOHC,At least 1 accident or damage reported
BMW,"$13,349",328 i,2015,"109,330 mi.",Gasoline,A/T,240.0HP 2.0L 4 Cylinder Engine Gasoline Fuel,None reported
Alfa,"$43,900",Romeo Stelvio Ti,2023,"6,645 mi.",Gasoline,8-Speed Automatic,2.0L I4 16V GDI SOHC Turbo,None reported
Mercedes-Benz,"$10,199",GL-Class GL 450 4MATIC,2007,"90,400 mi.",Gasoline,7-Speed A/T,335.0HP 4.7L 8 Cylinder Engine Gasoline Fuel,None reported
Ford,"$6,450",Ranger XLT SuperCab,2002,"192,100 mi.",Gasoline,5-Speed A/T,207.0HP 4.0L V6 Cylinder Engine Gasoline Fuel,At least 1 accident or damage reported
BMW,"$70,000",M3 CS,2018,"32,000 mi.",Gasoline,Transmission w/Dual Shift Mode,453.0HP 3.0L Straight 6 Cylinder Engine Gasoline Fuel,None reported
Volkswagen,"$41,500",Golf GTI 2.0T Autobahn,2022,"6,400 mi.",Gasoline,A/T,241.0HP 2.0L 4 Cylinder Engine Gasoline Fuel,None reported
Toyota,"$36,990",4Runner SR5 Premium,2021,"36,180 mi.",Gasoline,A/T,270.0HP 4.0L V6 Cylinder Engine Gasoline Fuel,None reported
GMC,"$13,500",Yukon SLT,2014,"142,400 mi.",E85 Flex Fuel,A/T,320.0HP 5.3L 8 Cylinder Engine Flex Fuel Capability,At least 1 accident or damage reported
Cadillac,"$16,500",ATS 2.0L Turbo Luxury,2016,"83,000 mi.",Gasoline,8-Speed A/T,272.0HP 2.0L 4 Cylinder Engine Gasoline Fuel,None reported
Nissan,"$14,800",Xterra S,2012,"80,000 mi.",Gasoline,A/T,261.0HP 4.0L V6 Cylinder Engine Gasoline Fuel,None reported
Ford,"$51,000",Bronco Badlands,2021,"32,437 mi.",Gasoline,10-Speed A/T,315.0HP 2.7L V6 Cylinder Engine Gasoline Fuel,None reported
BMW,"$18,000",328 i,2011,"67,500 mi.",Gasoline,6-Speed A/T,230.0HP 3.0L Straight 6 Cylinder Engine Gasoline Fuel,None reported
Toyota,"$43,837",4Runner Limited,2021,"25,882 mi.",Gasoline,Automatic,"4L V-6 DOHC, VVT-i variable valve control, engine with 270HP",None reported
Porsche,"$169,000",911 Turbo,2018,"12,088 mi.",Gasoline,A/T,540.0HP 3.8L Flat 6 Cylinder Engine Gasoline Fuel,None reported
Toyota,"$11,200",Tundra SR5 Double Cab,2005,"170,000 mi.",Gasoline,A/T,282.0HP 4.7L 8 Cylinder Engine Gasoline Fuel,At least 1 accident or damage reported
Ford,"$92,000",F-250 Lariat,2023,"3,763 mi.",Diesel,10-Speed A/T,475.0HP 6.7L 8 Cylinder Engine Diesel Fuel,None reported
Land,"$40,000",Rover Range Rover Velar P380 S,2018,"46,000 mi.",Gasoline,A/T,380.0HP 3.0L V6 Cylinder Engine Gasoline Fuel,None reported
Ford,"$15,900",F-250 XLT Crew Cab Super Duty,2008,"190,321 mi.",Diesel,A/T,350.0HP 6.4L 8 Cylinder Engine Diesel Fuel,None reported
Porsche,"$39,750",Macan S,2018,"40,950 mi.",Gasoline,7-Speed A/T,340.0HP 3.0L V6 Cylinder Engine Gasoline Fuel,None reported
Mercedes-Benz,"$45,000",C-Class C 63 AMG,2014,"42,000 mi.",Gasoline,7-Speed A/T,451.0HP 6.2L 8 Cylinder Engine Gasoline Fuel,None reported
Nissan,"$8,500",Pathfinder S,2014,"135,000 mi.",Gasoline,A/T,260.0HP 3.5L V6 Cylinder Engine Gasoline Fuel,None reported
Jeep,"$42,850",Gladiator Overland,2020,"20,655 mi.",Gasoline,8-Speed Automatic,3.6L V6 24V MPFI DOHC,
Porsche,"$185,950",911 Carrera S,2023,"1,877 mi.",Gasoline,8-Speed A/T,443.0HP 3.0L Flat 6 Cylinder Engine Gasoline Fuel,None reported
Ford,"$59,000",F-250 XLT,2019,"33,000 mi.",Diesel,6-Speed A/T,450.0HP 6.7L 8 Cylinder Engine Diesel Fuel,None reported
Ford,"$12,500",Fusion SE,2016,"68,000 mi.",Gasoline,A/T,175.0HP 2.5L 4 Cylinder Engine Gasoline Fuel,None reported
Honda,"$6,000",Accord Sport,2013,"405,000 mi.",Gasoline,CVT Transmission,185.0HP 2.4L 4 Cylinder Engine Gasoline Fuel,None reported
BMW,"$17,000",330 i xDrive,2018,"117,000 mi.",Gasoline,8-Speed A/T,248.0HP 2.0L 4 Cylinder Engine Gasoline Fuel,None reported
Acura,"$7,700",MDX Sport,2007,"183,455 mi.",Gasoline,5-Speed A/T,300.0HP 3.7L V6 Cylinder Engine Gasoline Fuel,At least 1 accident or damage reported
Chevrolet,"$59,980",Suburban Premier,2021,"51,890 mi.",Gasoline,10-Speed Automatic,5.3L V8 16V GDI OHV,None reported
Chevrolet,"$68,995",Suburban High Country,2021,"59,528 mi.",Gasoline,10-Speed Automatic,6.2L V8 16V GDI OHV,None reported
Cadillac,"$15,000",CTS-V Base,2006,"123,000 mi.",Gasoline,6-Speed M/T,400.0HP 6.0L 8 Cylinder Engine Gasoline Fuel,None reported
Kia,"$29,998",Niro EV EX,2022,"20,000 mi.",,1-Speed A/T,201.0HP Electric Motor Electric Fuel System,None reported
BMW,"$37,400",X3 xDrive30i,2021,"38,352 mi.",Gasoline,8-Speed Automatic,2.0L I4 16V GDI DOHC Turbo,None reported
Porsche,"$83,499",Taycan Base,2021,"13,344 mi.",,2-Speed A/T,321.0HP Electric Motor Electric Fuel System,At least 1 accident or damage reported
Honda,"$62,000",S2000 CR,2008,"44,300 mi.",Gasoline,M/T,237.0HP 2.2L 4 Cylinder Engine Gasoline Fuel,None reported
Lexus,"$9,500",HS 250h Premium,2010,"123,500 mi.",Hybrid,A/T,147.0HP 2.4L 4 Cylinder Engine Gas/Electric Hybrid,At least 1 accident or damage reported
Lincoln,"$21,500",Navigator Base,2013,"134,000 mi.",E85 Flex Fuel,6-Speed A/T,310.0HP 5.4L 8 Cylinder Engine Flex Fuel Capability,None reported
Ford,"$37,500",F-150 XLT,2020,"57,000 mi.",Gasoline,10-Speed A/T,375.0HP 3.5L V6 Cylinder Engine Gasoline Fuel,At least 1 accident or damage reported
Kia,"$19,980",K5 GT-Line,2021,"100,312 mi.",Gasoline,8-Speed Automatic,1.6L I4 16V GDI DOHC Turbo,None reported
Bentley,"$239,991",Continental GT W12,2021,"16,146 mi.",Gasoline,Automatic,"6L W-12 port/direct injection, DOHC, variable valve control, twi",None reported
Tesla,"$29,000",Model S Performance,2012,"61,000 mi.",,A/T,416.0HP Electric Motor Electric Fuel System,None reported
BMW,"$34,500",Z4 sDrive28i,2014,"15,889 mi.",Gasoline,8-Speed A/T,240.0HP 2.0L 4 Cylinder Engine Gasoline Fuel,None reported
BMW,"$12,950",528 i xDrive,2015,"125,500 mi.",Gasoline,A/T,240.0HP 2.0L 4 Cylinder Engine Gasoline Fuel,At least 1 accident or damage reported
Ford,"$16,490",Expedition Limited,2013,"163,500 mi.",E85 Flex Fuel,A/T,310.0HP 5.4L 8 Cylinder Engine Flex Fuel Capability,None reported
Buick,"$16,000",Enclave Leather,2015,"89,726 mi.",Gasoline,A/T,288.0HP 3.6L V6 Cylinder Engine Gasoline Fuel,None reported
Mercedes-Benz,"$22,500",SL-Class SL600 Roadster,2005,"93,000 mi.",Gasoline,A/T,493.0HP 5.5L 12 Cylinder Engine Gasoline Fuel,None reported
MINI,"$8,500",Cooper S Base,2012,"128,000 mi.",Gasoline,6-Speed A/T,181.0HP 1.6L 4 Cylinder Engine Gasoline Fuel,None reported
Porsche,"$52,999",Cayenne Turbo,2017,"70,800 mi.",Gasoline,Transmission w/Dual Shift Mode,520.0HP 4.8L 8 Cylinder Engine Gasoline Fuel,None reported
Saturn,"$4,400",Vue Hybrid Base,2009,"115,000 mi.",Hybrid,A/T,172.0HP 2.4L 4 Cylinder Engine Gas/Electric Hybrid,None reported
RAM,"$56,750",2500 Laramie,2018,"98,650 mi.",Diesel,6-Speed A/T,350.0HP 6.7L Straight 6 Cylinder Engine Diesel Fuel,None reported
RAM,"$44,000",1500 Limited,2019,"87,768 mi.",Hybrid,A/T,395.0HP 5.7L 8 Cylinder Engine Gasoline/Mild Electric Hybrid,None reported
Chevrolet,"$48,500",Traverse RS,2023,"6,000 mi.",Gasoline,9-Speed A/T,310.0HP 3.6L V6 Cylinder Engine Gasoline Fuel,None reported
Lexus,"$49,998",RX 350 F SPORT Appearance,2021,"28,262 mi.",Gasoline,Automatic,3.5 Liter,None reported
Mazda,"$36,900",CX-50 2.5 Turbo Premium Package,2023,"16,200 mi.",Gasoline,6-Speed A/T,227.0HP 2.5L 4 Cylinder Engine Gasoline Fuel,None reported
Cadillac,"$11,499",SRX Luxury Collection,2012,"87,500 mi.",E85 Flex Fuel,A/T,308.0HP 3.6L V6 Cylinder Engine Flex Fuel Capability,None reported
FIAT,"$9,000",500 Lounge,2013,"85,458 mi.",Gasoline,A/T,101.0HP 1.4L 4 Cylinder Engine Gasoline Fuel,None reported
Mercedes-Benz,"$69,500",EQS 450+ Base,2022,"16,500 mi.",,A/T,329.0HP Electric Motor Electric Fuel System,None reported
MINI,"$6,950",Cooper S Clubman Base,2009,"83,853 mi.",Gasoline,6-Speed M/T,172.0HP 1.6L 4 Cylinder Engine Gasoline Fuel,At least 1 accident or damage reported
BMW,"$74,999",X6 M50i,2022,"22,500 mi.",Gasoline,Transmission w/Dual Shift Mode,523.0HP 4.4L 8 Cylinder Engine Gasoline Fuel,At least 1 accident or damage reported
Lexus,"$24,900",LS 460 Base,2013,"99,524 mi.",Gasoline,8-Speed A/T,386.0HP 4.6L 8 Cylinder Engine Gasoline Fuel,At least 1 accident or damage reported
Genesis,"$57,300",GV80 2.5T,2023,"8,100 mi.",Gasoline,Transmission w/Dual Shift Mode,300.0HP 2.5L 4 Cylinder Engine Gasoline Fuel,None reported
MINI,"$17,999",Hardtop Cooper S,2016,"43,073 mi.",Gasoline,6-Speed Automatic,2.0L I4 16V GDI DOHC Turbo,None reported
Land,"$57,619",Rover Range Rover Velar R-Dynamic S,2023,"12,425 mi.",Gasoline,Automatic,I4,None reported
BMW,"$38,900",530 i xDrive,2020,"23,195 mi.",Gasoline,8-Speed Automatic,2.0L I4 16V GDI DOHC Turbo,None reported
Jeep,"$12,500",Grand Cherokee Laredo,2011,"118,000 mi.",Gasoline,A/T,360.0HP 5.7L 8 Cylinder Engine Gasoline Fuel,At least 1 accident or damage reported
Toyota,"$26,450",Tacoma SR5,2018,"65,290 mi.",Gasoline,6-Speed A/T,278.0HP 3.5L V6 Cylinder Engine Gasoline Fuel,At least 1 accident or damage reported
Porsche,"$31,995",911 Carrera Cabriolet,2001,"47,885 mi.",Gasoline,6-Speed M/T,300.0HP 3.4L Flat 6 Cylinder Engine Gasoline Fuel,
Jeep,"$39,500",Gladiator Sport S,2020,"13,000 mi.",Gasoline,8-Speed A/T,285.0HP 3.6L V6 Cylinder Engine Gasoline Fuel,None reported
Dodge,"$62,999",Challenger SRT Hellcat,2018,"29,475 mi.",Gasoline,8-Speed A/T,707.0HP 6.2L 8 Cylinder Engine Gasoline Fuel,None reported
Jeep,"$17,500",Renegade Trailhawk,2017,"78,717 mi.",Gasoline,A/T,180.0HP 2.4L 4 Cylinder Engine Gasoline Fuel,None reported
Ford,"$61,500",F-150 Lariat,2021,"9,142 mi.",Hybrid,10-Speed A/T,430.0HP 3.5L V6 Cylinder Engine Gas/Electric Hybrid,None reported
Jaguar,"$9,400",XF Premium,2011,"106,000 mi.",Gasoline,6-Speed A/T,385.0HP 5.0L 8 Cylinder Engine Gasoline Fuel,At least 1 accident or damage reported
RAM,"$51,074",1500 Laramie,2022,"3,521 mi.",Gasoline,Automatic,5.7L V8 16V MPFI OHV,None reported
Volkswagen,"$16,750",Golf GTI 2.0T SE 4-Door,2016,"90,000 mi.",Gasoline,6-Speed A/T,210.0HP 2.0L 4 Cylinder Engine Gasoline Fuel,None reported
Porsche,"$38,000",Macan Turbo,2016,"46,000 mi.",Gasoline,Transmission w/Dual Shift Mode,400.0HP 3.6L V6 Cylinder Engine Gasoline Fuel,None reported
BMW,"$60,000",X4 M Competition,2020,"18,362 mi.",Gasoline,A/T,503.0HP 3.0L Straight 6 Cylinder Engine Gasoline Fuel,None reported
Lexus,"$16,500",RX 350 Base,2013,"164,500 mi.",Gasoline,6-Speed A/T,270.0HP 3.5L V6 Cylinder Engine Gasoline Fuel,At least 1 accident or damage reported
GMC,"$25,500",Terrain SLT,2020,"55,018 mi.",Gasoline,9-Speed A/T,170.0HP 1.5L 4 Cylinder Engine Gasoline Fuel,At least 1 accident or damage reported
Nissan,"$24,980",Maxima SV,2022,"36,466 mi.",Gasoline,Automatic CVT,3.5L V6 24V GDI DOHC,None reported
Volvo,"$36,500",S60 B5 Inscription,2022,"14,280 mi.",Hybrid,A/T,247.0HP 2.0L 4 Cylinder Engine Gasoline/Mild Electric Hybrid,None reported
Subaru,"$12,500",Outback 2.5i Premium,2013,"116,000 mi.",Gasoline,A/T,173.0HP 2.5L 4 Cylinder Engine Gasoline Fuel,At least 1 accident or damage reported
RAM,"$46,999",1500 Laramie,2022,"16,184 mi.",Gasoline,8-Speed Automatic,5.7L V8 16V MPFI OHV,None reported
Porsche,"$8,500",Boxster Base,1997,"132,800 mi.",Gasoline,5-Speed M/T,201.0HP 2.5L Flat 6 Cylinder Engine Gasoline Fuel,
Ford,"$33,500",Explorer XLT,2020,"45,000 mi.",Gasoline,10-Speed A/T,300.0HP 2.3L 4 Cylinder Engine Gasoline Fuel,None reported
Ford,"$23,000",F-150 Lariat,2013,"102,000 mi.",Gasoline,6-Speed A/T,365.0HP 3.5L V6 Cylinder Engine Gasoline Fuel,None reported
Ford,"$18,000",Excursion XLS,2004,"163,000 mi.",Diesel,5-Speed A/T,325.0HP 6.0L 8 Cylinder Engine Diesel Fuel,At least 1 accident or damage reported
BMW,"$129,000",M8 Competition,2023,"3,500 mi.",Gasoline,8-Speed A/T,617.0HP 4.4L 8 Cylinder Engine Gasoline Fuel,None reported
Porsche,"$66,200",Panamera GTS,2016,"42,526 mi.",Gasoline,7-Speed A/T,440.0HP 4.8L 8 Cylinder Engine Gasoline Fuel,None reported
Mazda,"$6,000",Mazda3 i Touring,2012,"144,900 mi.",Gasoline,Transmission w/Dual Shift Mode,155.0HP 2.0L 4 Cylinder Engine Gasoline Fuel,None reported
GMC,"$32,750",Sierra 1500 SLT,2016,"85,000 mi.",Gasoline,A/T,355.0HP 5.3L 8 Cylinder Engine Gasoline Fuel,None reported
Mercedes-Benz,"$111,000",Sprinter 2500 Standard Roof,2022,"16,113 mi.",Diesel,A/T,188.0HP 3.0L V6 Cylinder Engine Diesel Fuel,None reported
Mercedes-Benz,"$11,900",GL-Class GL 450,2011,"93,000 mi.",Gasoline,A/T,335.0HP 4.7L 8 Cylinder Engine Gasoline Fuel,At least 1 accident or damage reported
RAM,"$50,204",1500 Big Horn,2022,"11,468 mi.",Gasoline,Automatic,5.7L V8 16V MPFI OHV,None reported
Lexus,"$32,500",NX 300 Base,2019,"25,470 mi.",Gasoline,Transmission w/Dual Shift Mode,235.0HP 2.0L 4 Cylinder Engine Gasoline Fuel,None reported
BMW,"$21,800",435 i xDrive,2014,"90,347 mi.",Gasoline,8-Speed A/T,300.0HP 3.0L Straight 6 Cylinder Engine Gasoline Fuel,None reported
GMC,"$34,000",Yukon SLE,2017,"96,000 mi.",Gasoline,A/T,355.0HP 5.3L 8 Cylinder Engine Gasoline Fuel,None reported
Honda,"$23,000",Pilot EX-L,2016,"80,500 mi.",Gasoline,6-Speed A/T,280.0HP 3.5L V6 Cylinder Engine Gasoline Fuel,None reported
Audi,"$37,499",A5 Sportback S line Premium Plus,2021,"35,000 mi.",Hybrid,7-Speed A/T,261.0HP 2.0L 4 Cylinder Engine Gasoline/Mild Electric Hybrid,None reported
Porsche,"$97,993",911 Carrera,1995,"49,900 mi.",–,6-Speed M/T,–,At least 1 accident or damage reported
Honda,"$18,387",Civic Sport,2020,"121,212 mi.",Gasoline,Automatic CVT,1.5L I4 16V GDI DOHC Turbo,At least 1 accident or damage reported
Mercedes-Benz,"$204,900",G 550 4x4 Squared Base,2018,"14,381 mi.",Gasoline,7-Speed Automatic,4.0L V8 32V GDI DOHC Twin Turbo,None reported
Porsche,"$86,999",Panamera Platinum Edition,2022,"13,500 mi.",Gasoline,8-Speed A/T,325.0HP 2.9L V6 Cylinder Engine Gasoline Fuel,None reported
BMW,"$43,500",740e xDrive iPerformance,2019,"33,214 mi.",Plug-In Hybrid,A/T,322.0HP 2.0L 4 Cylinder Engine Plug-In Electric/Gas,None reported
Ford,"$31,000",F-250 XLT,2017,"29,719 mi.",E85 Flex Fuel,A/T,385.0HP 6.2L 8 Cylinder Engine Flex Fuel Capability,None reported
Lincoln,"$38,500",Corsair Standard,2022,"4,520 mi.",Gasoline,8-Speed A/T,250.0HP 2.0L 4 Cylinder Engine Gasoline Fuel,None reported
Hyundai,"$14,599",Sonata Sport,2017,"84,129 mi.",Gasoline,6-Speed Automatic,2.4L I4 16V GDI DOHC,None reported
Nissan,"$26,999",Maxima 3.5 SR,2019,"72,150 mi.",Gasoline,CVT Transmission,300.0HP 3.5L V6 Cylinder Engine Gasoline Fuel,At least 1 accident or damage reported
GMC,"$30,000",Yukon SLT,2015,"94,500 mi.",Gasoline,A/T,355.0HP 5.3L 8 Cylinder Engine Gasoline Fuel,At least 1 accident or damage reported
Mercedes-Benz,"$39,999",GLS 550 Base 4MATIC,2017,"88,454 mi.",Gasoline,9-Speed A/T,449.0HP 4.7L 8 Cylinder Engine Gasoline Fuel,None reported
Cadillac,"$9,499",CTS Base,2010,"81,696 mi.",Gasoline,6-Speed A/T,270.0HP 3.0L V6 Cylinder Engine Gasoline Fuel,At least 1 accident or damage reported
Cadillac,"$6,099",CTS Base,2005,"94,100 mi.",Gasoline,6-Speed M/T,255.0HP 3.6L V6 Cylinder Engine Gasoline Fuel,None reported
Ford,"$46,000",Explorer Limited,2022,"17,500 mi.",Hybrid,10-Speed A/T,318.0HP 3.3L V6 Cylinder Engine Gas/Electric Hybrid,None reported
Acura,"$18,998",RDX,2016,"132,252 mi.",Gasoline,Automatic,3.5 Liter,None reported
Toyota,"$42,000",Highlander XLE,2022,"4,437 mi.",Gasoline,Transmission w/Dual Shift Mode,295.0HP 3.5L V6 Cylinder Engine Gasoline Fuel,None reported
Volkswagen,"$23,000",Golf GTI 2.0T SE 4-Door,2018,"70,500 mi.",Gasoline,Transmission w/Dual Shift Mode,220.0HP 2.0L 4 Cylinder Engine Gasoline Fuel,None reported
Nissan,"$5,899",Pickup Truck XE,1994,"89,144 mi.",–,A/T,–,None reported
Toyota,"$5,199",Corolla CE,2008,"170,000 mi.",Gasoline,A/T,126.0HP 1.8L 4 Cylinder Engine Gasoline Fuel,None reported
Honda,"$10,500",Element EX,2008,"122,000 mi.",Gasoline,A/T,166.0HP 2.4L 4 Cylinder Engine Gasoline Fuel,None reported
Toyota,"$13,900",Camry Solara SE,2008,"57,852 mi.",Gasoline,A/T,210.0HP 3.3L V6 Cylinder Engine Gasoline Fuel,
Hyundai,"$10,500",Genesis 4.6,2010,"120,321 mi.",Gasoline,Transmission w/Dual Shift Mode,378.0HP 4.6L 8 Cylinder Engine Gasoline Fuel,None reported
BMW,"$5,750",325 Ci,2004,"178,000 mi.",Gasoline,5-Speed A/T,184.0HP 2.5L Straight 6 Cylinder Engine Gasoline Fuel,None reported
BMW,"$28,750",M3 Base,2002,"60,255 mi.",Gasoline,6-Speed M/T,333.0HP 3.2L Straight 6 Cylinder Engine Gasoline Fuel,None reported
Land,"$43,500",Rover Range Rover Sport HSE Dynamic,2019,"77,690 mi.",Gasoline,8-Speed A/T,380.0HP 3.0L V6 Cylinder Engine Gasoline Fuel,None reported
Chevrolet,"$78,000",Corvette ZR-1,2009,"18,000 mi.",Gasoline,6-Speed M/T,638.0HP 6.2L 8 Cylinder Engine Gasoline Fuel,None reported
Honda,"$18,000",Prelude Type SH,2001,"125,000 mi.",Gasoline,5-Speed M/T,200.0HP 2.2L 4 Cylinder Engine Gasoline Fuel,None reported
Lexus,"$35,999",NX 300 Base,2021,"6,449 mi.",Gasoline,6-Speed Automatic,2.0L I4 16V PDI DOHC Turbo,At least 1 accident or damage reported
Volkswagen,"$27,500",Golf GTI 2.0T SE 4-Door,2019,"33,000 mi.",Gasoline,6-Speed M/T,228.0HP 2.0L 4 Cylinder Engine Gasoline Fuel,None reported
Nissan,"$20,000",Armada LE,2009,"87,130 mi.",Gasoline,A/T,317.0HP 5.6L 8 Cylinder Engine Gasoline Fuel,None reported
Lexus,"$8,700",SC 300 Base,1998,"165,000 mi.",Gasoline,A/T,225.0HP 3.0L Straight 6 Cylinder Engine Gasoline Fuel,None reported
Toyota,"$11,500",Camry Solara SLE,2008,"73,000 mi.",Gasoline,5-Speed A/T,210.0HP 3.3L V6 Cylinder Engine Gasoline Fuel,At least 1 accident or damage reported
Porsche,"$54,900",Macan S,2020,"22,354 mi.",Gasoline,7-Speed Automatic with Auto-Shift,3.0L V6 24V GDI DOHC Turbo,None reported
Tesla,"$53,900",Model Y Performance,2023,"6,188 mi.",,A/T,455.0HP Electric Motor Electric Fuel System,None reported
GMC,"$25,925",Terrain SLT,2019,"60,807 mi.",Gasoline,9-Speed Automatic,2.0L I4 16V GDI DOHC Turbo,At least 1 accident or damage reported
Jeep,"$10,950",Compass Latitude,2014,"105,000 mi.",Gasoline,A/T,158.0HP 2.0L 4 Cylinder Engine Gasoline Fuel,None reported
Audi,"$29,900",Q7 3.0T Prestige,2018,"63,400 mi.",Gasoline,A/T,333.0HP 3.0L V6 Cylinder Engine Gasoline Fuel,None reported
Ford,"$86,500",F-250 Platinum,2022,"4,500 mi.",Gasoline,10-Speed A/T,430.0HP 7.3L 8 Cylinder Engine Gasoline Fuel,None reported
Jeep,"$42,433",Gladiator Overland,2020,"8,025 mi.",Gasoline,8-Speed Automatic,3.6L V6 24V MPFI DOHC,None reported
Lincoln,"$55,460",Navigator L Reserve,2019,"49,131 mi.",Gasoline,10-Speed Automatic,3.5L V6 24V PDI DOHC Twin Turbo,
Tesla,"$45,999",Model X P100D,2017,"100,346 mi.",,1-Speed A/T,Electric Motor Electric Fuel System,None reported
Mercedes-Benz,"$29,950",CLS-Class CLS 400 4MATIC,2016,"62,285 mi.",Gasoline,7-Speed A/T,329.0HP 3.0L V6 Cylinder Engine Gasoline Fuel,At least 1 accident or damage reported
Lexus,"$48,900",RX 350 Base,2021,"5,040 mi.",Gasoline,8-Speed A/T,295.0HP 3.5L V6 Cylinder Engine Gasoline Fuel,At least 1 accident or damage reported
RAM,"$46,999",1500 Laramie,2022,"12,940 mi.",Gasoline,8-Speed Automatic,5.7L V8 16V MPFI OHV,At least 1 accident or damage reported
Mitsubishi,"$10,500",Outlander Sport ES,2015,"98,385 mi.",Gasoline,CVT Transmission,166.0HP 2.4L 4 Cylinder Engine Gasoline Fuel,At least 1 accident or damage reported
Hyundai,"$12,500",Sonata SE,2013,"43,903 mi.",Gasoline,A/T,200.0HP 2.4L 4 Cylinder Engine Gasoline Fuel,At least 1 accident or damage reported
Ford,"$23,600",Mustang EcoBoost Premium,2017,"41,650 mi.",Gasoline,A/T,310.0HP 2.3L 4 Cylinder Engine Gasoline Fuel,None reported
BMW,"$60,500",X5 PHEV xDrive45e,2022,"31,850 mi.",Plug-In Hybrid,Transmission w/Dual Shift Mode,389.0HP 3.0L Straight 6 Cylinder Engine Plug-In Electric/Gas,None reported
Hyundai,"$14,999",Sonata Hybrid Limited,2013,"96,419 mi.",Hybrid,6-Speed A/T,199.0HP 2.4L 4 Cylinder Engine Gas/Electric Hybrid,At least 1 accident or damage reported
Honda,"$7,700",Odyssey EX-L,2007,"170,000 mi.",Gasoline,A/T,244.0HP 3.5L V6 Cylinder Engine Gasoline Fuel,None reported
Chevrolet,"$14,500",Colorado LT Crew Cab,2009,"139,000 mi.",Gasoline,A/T,300.0HP 5.3L 8 Cylinder Engine Gasoline Fuel,None reported
Buick,"$18,051",Enclave Premium,2016,"134,655 mi.",Gasoline,6-Speed Automatic,3.6L V6 24V GDI DOHC,None reported
BMW,"$27,890",M235 i,2015,"81,000 mi.",Gasoline,6-Speed M/T,320.0HP 3.0L Straight 6 Cylinder Engine Gasoline Fuel,None reported
McLaren,"$324,995",720S Performance,2020,"9,989 mi.",Gasoline,7-Speed A/T,710.0HP 4.0L 8 Cylinder Engine Gasoline Fuel,None reported
Kia,"$46,120",Telluride SX,2022,"46,347 mi.",Gasoline,8-Speed Automatic,3.8L V6 24V GDI DOHC,None reported
Chevrolet,"$38,000",Corvette Base,2007,"4,048 mi.",Gasoline,6-Speed M/T,400.0HP 6.0L 8 Cylinder Engine Gasoline Fuel,None reported
Mercedes-Benz,"$45,750",S-Class S 63 AMG,2015,"79,876 mi.",Gasoline,7-Speed A/T,577.0HP 5.5L 8 Cylinder Engine Gasoline Fuel,None reported
Toyota,"$18,500",Mirai Limited,2021,"44,000 mi.",not supported,A/T,182.0HP Electric Motor Hydrogen Fuel,None reported
Alfa,"$23,000",Romeo Giulia Ti,2017,"56,910 mi.",Gasoline,Transmission w/Dual Shift Mode,280.0HP 2.0L 4 Cylinder Engine Gasoline Fuel,
Land,"$40,500",Rover Range Rover Sport HSE,2019,"65,019 mi.",Gasoline,A/T,340.0HP 3.0L V6 Cylinder Engine Gasoline Fuel,None reported
Nissan,"$14,999",370Z Touring,2009,"133,409 mi.",Gasoline,6-Speed M/T,332.0HP 3.7L V6 Cylinder Engine Gasoline Fuel,At least 1 accident or damage reported
BMW,"$22,995",330 i xDrive,2018,"74,381 mi.",Gasoline,8-Speed A/T,248.0HP 2.0L 4 Cylinder Engine Gasoline Fuel,At least 1 accident or damage reported
Porsche,"$73,300",Macan,2023,"2,925 mi.",Gasoline,7-Speed Automatic with Auto-Shift,2.0L I4 16V GDI DOHC Turbo,None reported
BMW,"$18,000",128 i,2013,"67,874 mi.",Gasoline,6-Speed A/T,230.0HP 3.0L Straight 6 Cylinder Engine Gasoline Fuel,None reported
Mercedes-Benz,"$61,000",AMG GLE 63 S Coupe 4MATIC,2018,"71,500 mi.",Gasoline,7-Speed A/T,577.0HP 5.5L 8 Cylinder Engine Gasoline Fuel,None reported
Jeep,"$22,000",Wrangler Sport,2014,"71,000 mi.",Gasoline,5-Speed A/T,285.0HP 3.6L V6 Cylinder Engine Gasoline Fuel,None reported
Ford,"$47,995",F-150 Raptor,2018,"64,517 mi.",Gasoline,10-Speed A/T,450.0HP 3.5L V6 Cylinder Engine Gasoline Fuel,None reported
Dodge,"$24,000",Sprinter 2500 High Roof,2004,"55,000 mi.",Diesel,A/T,154.0HP 2.7L 5 Cylinder Engine Diesel Fuel,None reported
BMW,"$51,500",M550 i xDrive,2019,"7,580 mi.",Gasoline,Transmission w/Dual Shift Mode,456.0HP 4.4L 8 Cylinder Engine Gasoline Fuel,None reported
Hyundai,"$3,999",Sonata GLS,2010,"135,000 mi.",Gasoline,Transmission w/Dual Shift Mode,168.0HP 2.4L 4 Cylinder Engine Gasoline Fuel,None reported
Honda,"$21,500",Accord EX-L,2019,"62,200 mi.",Gasoline,A/T,192.0HP 1.5L 4 Cylinder Engine Gasoline Fuel,At least 1 accident or damage reported
Cadillac,"$19,500",CTS 3.6L Premium,2014,"69,001 mi.",Gasoline,6-Speed A/T,321.0HP 3.6L V6 Cylinder Engine Gasoline Fuel,None reported
Toyota,"$44,775",4Runner Venture Special Edition,2021,"28,567 mi.",Gasoline,Automatic,"4L V-6 DOHC, VVT-i variable valve control, regular unleaded, eng",None reported
Jaguar,"$13,980",XJ8 L,2006,"78,049 mi.",Gasoline,6-Speed A/T,300.0HP 4.2L 8 Cylinder Engine Gasoline Fuel,None reported
Ford,"$49,273",F-150 Lariat,2021,"36,821 mi.",Gasoline,Automatic,3.5L V6 24V PDI DOHC Twin Turbo,
Chevrolet,"$73,500",Suburban High Country,2021,"23,292 mi.",Gasoline,10-Speed A/T,420.0HP 6.2L 8 Cylinder Engine Gasoline Fuel,None reported
Chevrolet,"$12,000",Suburban 1500 LTZ,2010,"162,671 mi.",E85 Flex Fuel,A/T,320.0HP 5.3L 8 Cylinder Engine Flex Fuel Capability,None reported
Land,"$9,975",Rover LR2 HSE,2010,"100,472 mi.",Gasoline,6-Speed A/T,230.0HP 3.2L Straight 6 Cylinder Engine Gasoline Fuel,None reported
Subaru,"$19,950",WRX Limited,2017,"73,120 mi.",Gasoline,CVT Transmission,268.0HP 2.0L 4 Cylinder Engine Gasoline Fuel,At least 1 accident or damage reported
Ford,"$67,500",Expedition Timberline,2022,"23,300 mi.",Gasoline,10-Speed A/T,440.0HP 3.5L V6 Cylinder Engine Gasoline Fuel,None reported
Honda,"$17,500",Clarity Plug-In Hybrid Base,2018,"71,000 mi.",Plug-In Hybrid,A/T,212.0HP 1.5L 4 Cylinder Engine Plug-In Electric/Gas,At least 1 accident or damage reported
RAM,"$70,999",3500 Laramie,2022,"16,648 mi.",Diesel,6-Speed Automatic,6.7L I6 24V DDI OHV Turbo Diesel,None reported
Chevrolet,"$18,500",Silverado 2500 LT,2011,"240,000 mi.",Diesel,6-Speed A/T,335.0HP 6.6L 8 Cylinder Engine Diesel Fuel,None reported
Lexus,"$19,500",RX 450h Base,2013,"119,755 mi.",Hybrid,Transmission w/Dual Shift Mode,295.0HP 3.5L V6 Cylinder Engine Gas/Electric Hybrid,None reported
Mercedes-Benz,"$19,500",M-Class ML 350 4MATIC,2015,"88,000 mi.",E85 Flex Fuel,A/T,302.0HP 3.5L V6 Cylinder Engine Flex Fuel Capability,None reported
BMW,"$50,000",X5 xDrive40i,2021,"41,000 mi.",Hybrid,8-Speed A/T,335.0HP 3.0L Straight 6 Cylinder Engine Gasoline/Mild Electric Hybrid,None reported
Chevrolet,"$47,500",Camaro 2SS,2022,"7,458 mi.",Gasoline,6-Speed M/T,455.0HP 6.2L 8 Cylinder Engine Gasoline Fuel,None reported
Jeep,"$43,000",Gladiator Sport S,2022,"23,000 mi.",Gasoline,A/T,285.0HP 3.6L V6 Cylinder Engine Gasoline Fuel,None reported
Land,"$9,995",Rover Discovery LSE,1998,"149,437 mi.",Gasoline,A/T,182.0HP 4.0L 8 Cylinder Engine Gasoline Fuel,None reported
Ford,"$35,500",F-250 XLT,2017,"244,000 mi.",Diesel,6-Speed A/T,440.0HP 6.7L 8 Cylinder Engine Diesel Fuel,None reported
RAM,"$37,900",1500 Rebel,2019,"46,000 mi.",Hybrid,8-Speed A/T,305.0HP 3.6L V6 Cylinder Engine Gasoline/Mild Electric Hybrid,None reported
Audi,"$42,998",Q5 S line Premium Plus,2022,"13,133 mi.",Hybrid,Automatic,2.0 Liter TFSI,None reported
RAM,"$29,999",1500 SLT,2017,"45,000 mi.",Gasoline,A/T,395.0HP 5.7L 8 Cylinder Engine Gasoline Fuel,None reported
Mazda,"$29,255",CX-30 Premium Package,2021,"18,385 mi.",Gasoline,6-Speed Automatic,2.5L I4 16V GDI DOHC,None reported
BMW,"$52,999",840 Gran Coupe i xDrive,2020,"25,793 mi.",Gasoline,8-Speed Automatic,3.0L I6 24V GDI DOHC Turbo,None reported
Porsche,"$29,800",Boxster S,2005,"44,400 mi.",Gasoline,6-Speed M/T,280.0HP 3.2L Flat 6 Cylinder Engine Gasoline Fuel,None reported
Chevrolet,"$10,500",Malibu Limited LT,2016,"104,000 mi.",Gasoline,6-Speed A/T,2.5L 4 Cylinder Engine Gasoline Fuel,None reported
Cadillac,"$103,000",Escalade Premium Luxury,2023,600 mi.,Gasoline,A/T,420.0HP 6.2L 8 Cylinder Engine Gasoline Fuel,None reported
MINI,"$7,900",Cooper S Base,2007,"45,000 mi.",Gasoline,6-Speed M/T,172.0HP 1.6L 4 Cylinder Engine Gasoline Fuel,None reported
Jeep,"$64,000",Gladiator Mojave,2022,"24,500 mi.",Gasoline,8-Speed A/T,285.0HP 3.6L V6 Cylinder Engine Gasoline Fuel,None reported
Buick,"$21,999",Encore GX Essence,2020,"35,569 mi.",Gasoline,Automatic CVT,1.3L I3 12V MPFI DOHC Turbo,None reported
Toyota,"$36,999",Highlander XLE,2020,"35,000 mi.",Gasoline,A/T,295.0HP 3.5L V6 Cylinder Engine Gasoline Fuel,None reported
Acura,"$4,000",MDX Touring,2003,"165,000 mi.",Gasoline,A/T,260.0HP 3.5L V6 Cylinder Engine Gasoline Fuel,At least 1 accident or damage reported
Land,"$69,000",Rover Range Rover Sport SE MHEV,2021,"15,000 mi.",Hybrid,A/T,355.0HP 3.0L Straight 6 Cylinder Engine Gasoline/Mild Electric Hybrid,None reported
BMW,"$15,499",535 i xDrive,2014,"119,750 mi.",Gasoline,8-Speed A/T,300.0HP 3.0L Straight 6 Cylinder Engine Gasoline Fuel,None reported
Nissan,"$12,000",350Z Touring,2007,"90,000 mi.",Gasoline,M/T,306.0HP 3.5L V6 Cylinder Engine Gasoline Fuel,At least 1 accident or damage reported
Ford,"$14,500",Transit Connect XLT,2015,"112,000 mi.",Gasoline,A/T,169.0HP 2.5L 4 Cylinder Engine Gasoline Fuel,At least 1 accident or damage reported
Mercedes-Benz,"$16,800",SL-Class SL550 Roadster,2008,"150,000 mi.",Gasoline,7-Speed A/T,382.0HP 5.5L 8 Cylinder Engine Gasoline Fuel,None reported
Porsche,"$240,000",911 Turbo S,2021,"1,912 mi.",Gasoline,8-Speed A/T,640.0HP 3.8L Flat 6 Cylinder Engine Gasoline Fuel,None reported
Hyundai,"$13,995",Sonata Sport 2.0T,2015,"82,900 mi.",Gasoline,A/T,245.0HP 2.0L 4 Cylinder Engine Gasoline Fuel,At least 1 accident or damage reported
Audi,"$12,000",TT 1.8T,2004,"79,500 mi.",Gasoline,A/T,180.0HP 1.8L 4 Cylinder Engine Gasoline Fuel,None reported
Volvo,"$37,000",XC90 T6 Inscription,2019,"60,000 mi.",Gasoline,8-Speed A/T,316.0HP 2.0L 4 Cylinder Engine Gasoline Fuel,None reported
RAM,"$44,900",1500 Big Horn,2021,"41,800 mi.",Diesel,8-Speed A/T,260.0HP 3.0L V6 Cylinder Engine Diesel Fuel,None reported
Chevrolet,"$49,685",Tahoe LT,2021,"71,536 mi.",Gasoline,10-Speed Automatic,5.3L V8 16V GDI OHV,None reported
Ford,"$13,715",Explorer XLT,2014,"127,558 mi.",Gasoline,6-Speed Automatic,3.5L V6 24V MPFI DOHC,None reported
Ford,"$45,000",Mustang Mach-E Premium,2023,"13,232 mi.",,1-Speed A/T,346.0HP Electric Motor Electric Fuel System,None reported
Chevrolet,"$31,500",Camaro 1SS,2017,"39,000 mi.",Gasoline,8-Speed A/T,455.0HP 6.2L 8 Cylinder Engine Gasoline Fuel,None reported
Ford,"$54,490",Bronco Big Bend Advanced,2023,"11,500 mi.",Gasoline,10-Speed A/T,315.0HP 2.7L V6 Cylinder Engine Gasoline Fuel,None reported
Chrysler,"$36,800",Pacifica Launch Edition,2020,"22,200 mi.",Gasoline,9-Speed A/T,287.0HP 3.6L V6 Cylinder Engine Gasoline Fuel,None reported
Tesla,"$56,515",Model Y Long Range,2023,"7,414 mi.",,A/T,425.0HP Electric Motor Electric Fuel System,None reported
Lamborghini,"$209,991",Huracan LP580-2,2017,"14,586 mi.",Gasoline,Automatic,"5.2L V-10 gasoline direct injection, DOHC, variable valve contro",None reported
RAM,"$50,927",1500 Rebel,2021,"32,000 mi.",Hybrid,8-Speed A/T,395.0HP 5.7L 8 Cylinder Engine Gasoline/Mild Electric Hybrid,None reported
Toyota,"$27,350",86 Base,2020,"14,700 mi.",Gasoline,A/T,200.0HP 2.0L 4 Cylinder Engine Gasoline Fuel,None reported
BMW,"$23,995",X5 xDrive50i,2016,"79,995 mi.",Gasoline,Transmission w/Dual Shift Mode,445.0HP 4.4L 8 Cylinder Engine Gasoline Fuel,None reported
GMC,"$44,500",Yukon Denali,2018,"76,000 mi.",Gasoline,A/T,420.0HP 6.2L 8 Cylinder Engine Gasoline Fuel,None reported
Honda,"$18,987",Accord EX-L,2014,"62,000 mi.",Gasoline,CVT Transmission,185.0HP 2.4L 4 Cylinder Engine Gasoline Fuel,At least 1 accident or damage reported
Maserati,"$28,700",Ghibli S Q4,2017,"53,500 mi.",Gasoline,8-Speed A/T,404.0HP 3.0L V6 Cylinder Engine Gasoline Fuel,None reported
Hyundai,"$31,999",Kona EV SEL,2022,"9,400 mi.",,1-Speed A/T,201.0HP Electric Motor Electric Fuel System,None reported
BMW,"$20,900",435 i,2014,"86,500 mi.",Gasoline,A/T,300.0HP 3.0L Straight 6 Cylinder Engine Gasoline Fuel,None reported
Mercedes-Benz,"$9,900",GL-Class GL 450,2011,"148,000 mi.",Gasoline,A/T,335.0HP 4.7L 8 Cylinder Engine Gasoline Fuel,At least 1 accident or damage reported
GMC,"$22,989",Sierra 1500 SLE,2014,"100,080 mi.",E85 Flex Fuel,6-Speed A/T,285.0HP 4.3L V6 Cylinder Engine Flex Fuel Capability,None reported
Dodge,"$155,700",Challenger SRT Demon,2018,"2,620 mi.",Gasoline,8-Speed A/T,808.0HP 6.2L 8 Cylinder Engine Gasoline Fuel,
BMW,"$74,995",X5 PHEV xDrive45e,2023,"3,099 mi.",Plug-In Hybrid,8-Speed A/T,389.0HP 3.0L Straight 6 Cylinder Engine Plug-In Electric/Gas,None reported
Dodge,"$29,500",Durango R/T,2020,"78,000 mi.",Gasoline,8-Speed A/T,360.0HP 5.7L 8 Cylinder Engine Gasoline Fuel,At least 1 accident or damage reported
Ferrari,"$319,900",488 Spider Base,2019,"9,005 mi.",Gasoline,7-Speed Automatic with Auto-Shift,3.9L V8 32V GDI DOHC Twin Turbo,None reported
Ford,"$31,000",Bronco Sport Big Bend,2022,"16,700 mi.",Gasoline,8-Speed A/T,181.0HP 1.5L 3 Cylinder Engine Gasoline Fuel,None reported
Honda,"$17,500",Civic LX,2015,"51,300 mi.",Gasoline,5-Speed M/T,143.0HP 1.8L 4 Cylinder Engine Gasoline Fuel,None reported
Ford,"$62,900",Shelby GT350 Base,2018,"8,237 mi.",Gasoline,6-Speed M/T,526.0HP 5.2L 8 Cylinder Engine Gasoline Fuel,None reported
Volkswagen,"$6,000",Jetta S,2010,"99,000 mi.",Gasoline,A/T,170.0HP 2.5L 5 Cylinder Engine Gasoline Fuel,At least 1 accident or damage reported
Mazda,"$26,288",CX-5 Grand Touring,2021,"62,377 mi.",Gasoline,6-Speed Automatic,2.5L I4 16V,None reported
Jeep,"$15,500",Wrangler Rubicon,2009,"130,000 mi.",Gasoline,6-Speed M/T,202.0HP 3.8L V6 Cylinder Engine Gasoline Fuel,None reported
Ford,"$28,999",F-250 XLT,2016,"94,300 mi.",E85 Flex Fuel,6-Speed A/T,385.0HP 6.2L 8 Cylinder Engine Flex Fuel Capability,At least 1 accident or damage reported
Tesla,"$46,500",Model Y Performance,2022,"24,115 mi.",,A/T,455.0HP Electric Motor Electric Fuel System,None reported
BMW,"$16,995",528 i,2016,"82,000 mi.",Gasoline,8-Speed A/T,240.0HP 2.0L 4 Cylinder Engine Gasoline Fuel,At least 1 accident or damage reported
Kia,"$15,700",Rio S,2021,"67,686 mi.",Gasoline,A/T,120.0HP 1.6L 4 Cylinder Engine Gasoline Fuel,None reported
Tesla,"$28,450",Model S 85,2014,"96,800 mi.",,A/T,362.0HP Electric Motor Electric Fuel System,None reported
Jeep,"$5,500",Wrangler Sport,1997,"131,000 mi.",Gasoline,5-Speed M/T,181.0HP 4.0L Straight 6 Cylinder Engine Gasoline Fuel,At least 1 accident or damage reported
Tesla,"$29,900",Model 3 Standard Range,2020,"23,097 mi.",,A/T,271.0HP Electric Motor Electric Fuel System,None reported
Ferrari,"$197,499",GTC4Lusso T,2018,"31,000 mi.",Gasoline,A/T,602.0HP 3.9L 8 Cylinder Engine Gasoline Fuel,None reported
BMW,"$71,000",X5 M50i,2021,"28,898 mi.",Gasoline,A/T,523.0HP 4.4L 8 Cylinder Engine Gasoline Fuel,None reported
Mazda,"$35,619",MX-5 Miata RF Club,2022,"7,250 mi.",Gasoline,6-Speed M/T,181.0HP 2.0L 4 Cylinder Engine Gasoline Fuel,None reported
Ford,"$40,999",F-250 XLT,2014,"59,459 mi.",Diesel,6-Speed A/T,400.0HP 6.7L 8 Cylinder Engine Diesel Fuel,At least 1 accident or damage reported
Jeep,"$22,000",Wrangler Sahara,2012,"78,000 mi.",Gasoline,5-Speed A/T,285.0HP 3.6L V6 Cylinder Engine Gasoline Fuel,At least 1 accident or damage reported
RAM,"$46,500",1500 Laramie,2021,"24,213 mi.",Gasoline,8-Speed A/T,395.0HP 5.7L 8 Cylinder Engine Gasoline Fuel,None reported
RAM,"$46,105",1500 Laramie,2020,"21,165 mi.",Gasoline,8-Speed Automatic,5.7L V8 16V MPFI OHV,None reported
GMC,"$35,500",Yukon Denali,2016,"107,750 mi.",Gasoline,8-Speed A/T,420.0HP 6.2L 8 Cylinder Engine Gasoline Fuel,None reported
Ford,"$26,500",F-150 Lariat,2016,"117,000 mi.",Gasoline,A/T,365.0HP 3.5L V6 Cylinder Engine Gasoline Fuel,None reported
Chevrolet,"$35,000",Corvette Base,2006,"39,132 mi.",Gasoline,Transmission w/Dual Shift Mode,400.0HP 6.0L 8 Cylinder Engine Gasoline Fuel,None reported
BMW,"$9,000",Z4 2.5i,2004,"94,500 mi.",Gasoline,5-Speed M/T,184.0HP 2.5L Straight 6 Cylinder Engine Gasoline Fuel,None reported
Subaru,"$21,495",Crosstrek 2.0i Premium,2017,"50,011 mi.",Gasoline,A/T,148.0HP 2.0L 4 Cylinder Engine Gasoline Fuel,At least 1 accident or damage reported
Lexus,"$7,350",GX 470 Base,2004,"215,000 mi.",Gasoline,5-Speed A/T,235.0HP 4.7L 8 Cylinder Engine Gasoline Fuel,At least 1 accident or damage reported
RAM,"$45,999",1500 Laramie,2022,"16,616 mi.",Gasoline,8-Speed Automatic,5.7L V8 16V MPFI OHV,None reported
Ford,"$46,552",F-150 XLT,2022,"33,818 mi.",Gasoline,Automatic,5.0L V8 32V PDI DOHC,None reported
Jeep,"$68,362",Wagoneer Series III,2022,"9,099 mi.",Gasoline,8-Speed Automatic,5.7L V8 16V MPFI OHV,None reported
Volkswagen,"$9,850",GTI Base,2008,"95,798 mi.",Gasoline,6-Speed M/T,200.0HP 2.0L 4 Cylinder Engine Gasoline Fuel,None reported
Mercedes-Benz,"$51,700",AMG GLE AMG GLE 63 S-Model 4MATIC,2016,"35,943 mi.",Gasoline,7-Speed A/T,577.0HP 5.5L 8 Cylinder Engine Gasoline Fuel,None reported
Mazda,"$4,300",Mazda6 iSport VE,2008,"106,000 mi.",Gasoline,5-Speed A/T,156.0HP 2.3L 4 Cylinder Engine Gasoline Fuel,None reported
Kia,"$48,000",Telluride EX X-Line,2023,"10,400 mi.",Gasoline,8-Speed A/T,291.0HP 3.8L V6 Cylinder Engine Gasoline Fuel,None reported
Chevrolet,"$63,900",Tahoe LT,2022,"2,894 mi.",Gasoline,10-Speed A/T,355.0HP 5.3L 8 Cylinder Engine Gasoline Fuel,None reported
Dodge,"$39,985",Durango GT,2022,"15,592 mi.",Gasoline,8-Speed Automatic,3.6L V6 24V MPFI DOHC,None reported
Mercedes-Benz,"$57,999",AMG C 63 Base,2020,"33,548 mi.",Gasoline,9-Speed A/T,469.0HP 4.0L 8 Cylinder Engine Gasoline Fuel,None reported
BMW,"$7,500",320 i xDrive,2016,"185,000 mi.",Gasoline,8-Speed A/T,180.0HP 2.0L 4 Cylinder Engine Gasoline Fuel,At least 1 accident or damage reported
Porsche,"$96,900",Macan GTS,2023,"6,483 mi.",Gasoline,7-Speed Automatic with Auto-Shift,2.9L V6 24V GDI DOHC Twin Turbo,None reported
Honda,"$35,645",Pilot EX-L,2020,"28,886 mi.",Gasoline,6-Speed Automatic,3.5L V6 24V GDI SOHC,
Mercedes-Benz,"$49,998",GLE 350 Base,2020,"26,293 mi.",Gasoline,Automatic,2.0 Liter Turbo,None reported
Chevrolet,"$34,500",Camaro 2SS,2017,"62,000 mi.",Gasoline,Transmission w/Dual Shift Mode,455.0HP 6.2L 8 Cylinder Engine Gasoline Fuel,None reported
Jaguar,"$18,500",XF 35t Prestige,2017,"101,453 mi.",Gasoline,A/T,340.0HP 3.0L V6 Cylinder Engine Gasoline Fuel,At least 1 accident or damage reported
RAM,"$42,900",3500 Laramie,2013,"106,385 mi.",Diesel,6-Speed A/T,385.0HP 6.7L Straight 6 Cylinder Engine Diesel Fuel,At least 1 accident or damage reported
BMW,"$20,995",335 is,2012,"86,629 mi.",Gasoline,7-Speed A/T,320.0HP 3.0L Straight 6 Cylinder Engine Gasoline Fuel,None reported
Audi,"$49,999",S6 4.0T Premium Plus,2018,"61,258 mi.",Gasoline,7-Speed A/T,450.0HP 4.0L 8 Cylinder Engine Gasoline Fuel,None reported
Chrysler,"$15,999",300 S,2014,"121,500 mi.",Gasoline,5-Speed A/T,363.0HP 5.7L 8 Cylinder Engine Gasoline Fuel,None reported
GMC,"$62,499",Sierra 1500 AT4,2022,100 mi.,Diesel,10-Speed A/T,277.0HP 3.0L Straight 6 Cylinder Engine Diesel Fuel,None reported
Chrysler,"$5,995",200 C,2015,"170,000 mi.",E85 Flex Fuel,9-Speed A/T,295.0HP 3.6L V6 Cylinder Engine Flex Fuel Capability,At least 1 accident or damage reported
Ford,"$3,000",F-150 XLT SuperCab,2010,"232,000 mi.",Gasoline,A/T,292.0HP 4.6L 8 Cylinder Engine Gasoline Fuel,None reported
MINI,"$12,500",Cooper S Base,2006,"95,000 mi.",Gasoline,6-Speed M/T,168.0HP 1.6L 4 Cylinder Engine Gasoline Fuel,None reported
Toyota,"$14,200",Venza XLE,2013,"103,466 mi.",Gasoline,A/T,268.0HP 3.5L V6 Cylinder Engine Gasoline Fuel,At least 1 accident or damage reported
Toyota,"$7,900",Camry Hybrid Base,2011,"133,121 mi.",Hybrid,A/T,147.0HP 2.4L 4 Cylinder Engine Gas/Electric Hybrid,At least 1 accident or damage reported
Chevrolet,"$14,500",Tahoe LT,2012,"162,731 mi.",E85 Flex Fuel,A/T,320.0HP 5.3L 8 Cylinder Engine Flex Fuel Capability,None reported
Mercedes-Benz,"$37,500",CLS-Class CLS 63 AMG S-Model 4MATIC,2014,"64,500 mi.",Gasoline,7-Speed A/T,577.0HP 5.5L 8 Cylinder Engine Gasoline Fuel,
Ford,"$90,788",Shelby GT500 Base,2021,568 mi.,Gasoline,7-Speed A/T,760.0HP 5.2L 8 Cylinder Engine Gasoline Fuel,None reported
Lexus,"$3,500",RX 300 4WD,1999,"249,083 mi.",Gasoline,A/T,220.0HP 3.0L V6 Cylinder Engine Gasoline Fuel,At least 1 accident or damage reported
Porsche,"$23,999",Macan S,2015,"80,300 mi.",Gasoline,7-Speed A/T,340.0HP 3.0L V6 Cylinder Engine Gasoline Fuel,None reported
Ford,"$6,299",F-150 XLT SuperCab,2004,"187,000 mi.",Gasoline,A/T,300.0HP 5.4L 8 Cylinder Engine Gasoline Fuel,None reported
Subaru,"$6,500",Outback 2.5 i Special Edition,2009,"181,870 mi.",Gasoline,A/T,169.0HP 2.5L 4 Cylinder Engine Gasoline Fuel,None reported
GMC,"$76,740",Sierra 2500 AT4,2022,"22,600 mi.",Diesel,Automatic,6.6L V8 32V DDI OHV Turbo Diesel,
BMW,"$50,000",X5 xDrive40i,2020,"37,000 mi.",Gasoline,8-Speed A/T,335.0HP 3.0L Straight 6 Cylinder Engine Gasoline Fuel,At least 1 accident or damage reported
Porsche,"$89,000",Taycan Base,2022,"9,728 mi.",,A/T,375.0HP Electric Motor Electric Fuel System,None reported
Lexus,"$13,995",GX 470 Base,2006,"152,000 mi.",Gasoline,A/T,263.0HP 4.7L 8 Cylinder Engine Gasoline Fuel,At least 1 accident or damage reported
Ford,"$30,500",F-150 Heritage XL SuperCab Flareside,2004,"60,260 mi.",Gasoline,4-Speed A/T,380.0HP 5.4L 8 Cylinder Engine Gasoline Fuel,At least 1 accident or damage reported
Mazda,"$17,599",MazdaSpeed Miata MX-5 Base,2004,"33,362 mi.",Gasoline,6-Speed M/T,178.0HP 1.8L 4 Cylinder Engine Gasoline Fuel,At least 1 accident or damage reported
GMC,"$38,436",Acadia Denali,2021,"47,907 mi.",Gasoline,9-Speed Automatic,3.6L V6 24V GDI DOHC,None reported
Mercedes-Benz,"$29,000",Metris Base,2016,"17,340 mi.",Gasoline,A/T,208.0HP 2.0L 4 Cylinder Engine Gasoline Fuel,None reported
Cadillac,"$7,900",DeVille Base,1994,"85,000 mi.",–,A/T,–,None reported
Ford,"$8,999",Expedition EL XLT,2011,"195,500 mi.",E85 Flex Fuel,6-Speed A/T,310.0HP 5.4L 8 Cylinder Engine Flex Fuel Capability,None reported
Chevrolet,"$4,700",Monte Carlo SS,2000,"74,000 mi.",Gasoline,4-Speed A/T,200.0HP 3.8L V6 Cylinder Engine Gasoline Fuel,None reported
RAM,"$14,000",1500 Big Horn,2015,"140,500 mi.",Gasoline,8-Speed A/T,395.0HP 5.7L 8 Cylinder Engine Gasoline Fuel,At least 1 accident or damage reported
Jeep,"$6,500",Commander Base,2006,"212,500 mi.",Gasoline,A/T,210.0HP 3.7L V6 Cylinder Engine Gasoline Fuel,None reported
Lexus,"$34,500",IS-F Base,2010,"77,400 mi.",Gasoline,8-Speed A/T,416.0HP 5.0L 8 Cylinder Engine Gasoline Fuel,At least 1 accident or damage reported
Ford,"$15,000",Utility Police Interceptor Base,2017,"118,000 mi.",Gasoline,6-Speed A/T,365.0HP 3.5L V6 Cylinder Engine Gasoline Fuel,None reported
Porsche,"$1,599,000",Carrera GT Base,2005,"4,400 mi.",Gasoline,6-Speed M/T,605.0HP 5.7L 10 Cylinder Engine Gasoline Fuel,None reported
Cadillac,"$24,500",Escalade ESV Luxury,2016,"146,200 mi.",Gasoline,8-Speed A/T,420.0HP 6.2L 8 Cylinder Engine Gasoline Fuel,None reported
Tesla,"$43,000",Model Y Performance,2020,"39,000 mi.",,1-Speed A/T,455.0HP Electric Motor Electric Fuel System,None reported
Chevrolet,"$7,200",Avalanche 1500 LS,2005,"130,000 mi.",E85 Flex Fuel,A/T,295.0HP 5.3L 8 Cylinder Engine Flex Fuel Capability,None reported
Ford,"$47,850",F-150 Lariat,2021,"33,080 mi.",Gasoline,10-Speed A/T,325.0HP 2.7L V6 Cylinder Engine Gasoline Fuel,None reported
Mercedes-Benz,"$46,479",GLB 250 Base 4MATIC,2023,"1,219 mi.",Gasoline,Automatic,2.0L I4 16V GDI DOHC Turbo,None reported
Jeep,"$25,000",Wrangler Sport,2016,"41,000 mi.",Gasoline,5-Speed A/T,285.0HP 3.6L V6 Cylinder Engine Gasoline Fuel,None reported
Nissan,"$11,500",350Z Touring,2004,"110,897 mi.",Gasoline,6-Speed M/T,287.0HP 3.5L V6 Cylinder Engine Gasoline Fuel,At least 1 accident or damage reported
Chevrolet,"$75,000",Corvette Z06,2016,"49,000 mi.",Gasoline,7-Speed M/T,650.0HP 6.2L 8 Cylinder Engine Gasoline Fuel,None reported
Pontiac,"$13,300",Solstice GXP,2007,"47,000 mi.",Gasoline,5-Speed M/T,260.0HP 2.0L 4 Cylinder Engine Gasoline Fuel,None reported
Hyundai,"$15,900",Sonata SE,2018,"57,690 mi.",Gasoline,A/T,185.0HP 2.4L 4 Cylinder Engine Gasoline Fuel,At least 1 accident or damage reported
Mercedes-Benz,"$226,000",SLS AMG Base,2012,"17,941 mi.",Gasoline,7-Speed Automatic with Auto-Shift,6.2L V8 32V MPFI DOHC,None reported
Lincoln,"$46,500",Navigator Reserve,2018,"54,000 mi.",Gasoline,10-Speed A/T,450.0HP 3.5L V6 Cylinder Engine Gasoline Fuel,At least 1 accident or damage reported
Nissan,"$6,700",Maxima SL,2007,"101,600 mi.",Gasoline,A/T,255.0HP 3.5L V6 Cylinder Engine Gasoline Fuel,None reported
Ford,"$34,000",Ranger XLT,2021,"89,000 mi.",Gasoline,10-Speed A/T,270.0HP 2.3L 4 Cylinder Engine Gasoline Fuel,None reported
Tesla,"$42,500",Model 3 Long Range,2021,"18,000 mi.",,A/T,Electric Motor Electric Fuel System,None reported
Jaguar,"$25,000",XE 35t Premium,2017,"55,000 mi.",Gasoline,A/T,340.0HP 3.0L V6 Cylinder Engine Gasoline Fuel,None reported
Lincoln,"$18,750",MKZ Reserve,2017,"71,964 mi.",Gasoline,6-Speed A/T,240.0HP 2.0L 4 Cylinder Engine Gasoline Fuel,None reported
Cadillac,"$50,000",Escalade ESV Platinum,2020,"92,000 mi.",Gasoline,A/T,420.0HP 6.2L 8 Cylinder Engine Gasoline Fuel,None reported
Ford,"$4,500",Fusion SE,2012,"160,000 mi.",E85 Flex Fuel,A/T,240.0HP 3.0L V6 Cylinder Engine Flex Fuel Capability,None reported
Mercedes-Benz,"$12,000",E-Class E 350,2012,"95,816 mi.",Gasoline,7-Speed A/T,302.0HP 3.5L V6 Cylinder Engine Gasoline Fuel,None reported
Jeep,"$17,000",Wrangler Unlimited Sport,2014,"132,600 mi.",Gasoline,5-Speed A/T,285.0HP 3.6L V6 Cylinder Engine Gasoline Fuel,At least 1 accident or damage reported
Cadillac,"$5,990",DeVille Base,1994,"47,000 mi.",–,A/T,–,None reported
Jeep,"$10,700",Wrangler Sport,2010,"149,460 mi.",Gasoline,4-Speed A/T,202.0HP 3.8L V6 Cylinder Engine Gasoline Fuel,None reported
Jeep,"$16,998",Wrangler Sport,2011,"109,646 mi.",Gasoline,4-Speed Automatic,3.8L V6 12V MPFI OHV,None reported
Acura,"$27,698",MDX 3.5L w/Technology Package,2019,"90,605 mi.",Gasoline,Automatic,3.5 Liter,None reported
Volkswagen,"$17,000",Jetta 1.4T S,2019,"59,000 mi.",Gasoline,A/T,147.0HP 1.4L 4 Cylinder Engine Gasoline Fuel,None reported
Chevrolet,"$21,999",Camaro Z28,2002,"48,000 mi.",Gasoline,A/T,310.0HP 5.7L 8 Cylinder Engine Gasoline Fuel,None reported
Chevrolet,"$66,000",Corvette Z06,2016,"41,500 mi.",Gasoline,7-Speed M/T,650.0HP 6.2L 8 Cylinder Engine Gasoline Fuel,None reported
Porsche,"$75,000",Cayman R,2012,"54,000 mi.",Gasoline,7-Speed A/T,330.0HP 3.4L Flat 6 Cylinder Engine Gasoline Fuel,None reported
Porsche,"$45,855",Cayenne Base,2018,"70,455 mi.",Gasoline,8-Speed A/T,300.0HP 3.6L V6 Cylinder Engine Gasoline Fuel,None reported
Subaru,"$21,499",Crosstrek 2.0i Limited,2018,"84,054 mi.",Gasoline,CVT Transmission,152.0HP 2.0L 4 Cylinder Engine Gasoline Fuel,None reported
BMW,"$9,000",750 Li,2007,"114,528 mi.",Gasoline,A/T,360.0HP 4.8L 8 Cylinder Engine Gasoline Fuel,None reported
Jeep,"$26,500",Wrangler Sahara,2013,"111,850 mi.",Gasoline,A/T,285.0HP 3.6L V6 Cylinder Engine Gasoline Fuel,At least 1 accident or damage reported
GMC,"$69,500",Sierra 2500 AT4,2020,"52,673 mi.",Diesel,6-Speed A/T,445.0HP 6.6L 8 Cylinder Engine Diesel Fuel,None reported
BMW,"$54,500",X3 M AWD,2021,"31,500 mi.",Gasoline,8-Speed A/T,473.0HP 3.0L Straight 6 Cylinder Engine Gasoline Fuel,None reported
BMW,"$16,000",335 i,2011,"73,000 mi.",Gasoline,Transmission w/Dual Shift Mode,300.0HP 3.0L Straight 6 Cylinder Engine Gasoline Fuel,None reported
Jeep,"$35,900",Wrangler Unlimited Sahara,2019,"59,692 mi.",Gasoline,8-Speed A/T,285.0HP 3.6L V6 Cylinder Engine Gasoline Fuel,None reported
Toyota,"$16,000",Corolla S Plus,2016,"68,364 mi.",Gasoline,Transmission w/Dual Shift Mode,132.0HP 1.8L 4 Cylinder Engine Gasoline Fuel,None reported
Land,"$29,000",Rover Discovery HSE LUXURY,2017,"47,200 mi.",Gasoline,8-Speed A/T,340.0HP 3.0L V6 Cylinder Engine Gasoline Fuel,At least 1 accident or damage reported
Mercedes-Benz,"$62,000",E-Class E 450 4MATIC,2021,"18,000 mi.",Hybrid,9-Speed A/T,362.0HP 3.0L Straight 6 Cylinder Engine Gasoline/Mild Electric Hybrid,At least 1 accident or damage reported
Ford,"$8,250",Fusion Hybrid Base,2012,"158,366 mi.",Hybrid,A/T,191.0HP 2.5L 4 Cylinder Engine Gas/Electric Hybrid,At least 1 accident or damage reported
BMW,"$26,000",X1 xDrive 28i,2017,"49,700 mi.",Gasoline,8-Speed A/T,228.0HP 2.0L 4 Cylinder Engine Gasoline Fuel,None reported
GMC,"$12,250",Terrain SLE,2010,"81,500 mi.",Gasoline,A/T,182.0HP 2.4L 4 Cylinder Engine Gasoline Fuel,None reported
BMW,"$26,990",i3 120Ah w/Range Extender,2019,"16,975 mi.",,A/T,170.0HP 0.65L Electric Motor Electric Fuel System,None reported
Porsche,"$209,000",911 GT3,2018,"5,989 mi.",Gasoline,"Manual, 6-Spd","4L H-6 gasoline direct injection, DOHC, VarioCam Plus variable v",None reported
Ford,"$35,500",Mustang SVT Cobra,2003,"16,100 mi.",Gasoline,M/T,390.0HP 4.6L 8 Cylinder Engine Gasoline Fuel,None reported
Land,"$67,500",Rover Range Rover Supercharged LWB,2020,"54,225 mi.",Gasoline,A/T,518.0HP 5.0L 8 Cylinder Engine Gasoline Fuel,None reported
RAM,"$35,000",2500 Big Horn,2016,"89,500 mi.",Gasoline,A/T,410.0HP 6.4L 8 Cylinder Engine Gasoline Fuel,None reported
Ford,"$17,777",E250 Cargo,2013,"87,501 mi.",E85 Flex Fuel,4-Speed A/T,225.0HP 4.6L 8 Cylinder Engine Flex Fuel Capability,At least 1 accident or damage reported
MINI,"$28,900",Countryman Cooper S ALL4,2018,"12,370 mi.",Gasoline,8-Speed A/T,189.0HP 2.0L 4 Cylinder Engine Gasoline Fuel,None reported
RAM,"$28,995",1500 Classic Tradesman,2019,"12,466 mi.",Gasoline,8-Speed A/T,395.0HP 5.7L 8 Cylinder Engine Gasoline Fuel,None reported
Volvo,"$5,500",C70 T5,2011,"199,000 mi.",Gasoline,Transmission w/Dual Shift Mode,227.0HP 2.5L 5 Cylinder Engine Gasoline Fuel,At least 1 accident or damage reported
Mercedes-Benz,"$22,999",SL-Class SL600 Roadster,2007,"78,200 mi.",Gasoline,5-Speed A/T,510.0HP 5.5L 12 Cylinder Engine Gasoline Fuel,At least 1 accident or damage reported
Toyota,"$29,500",Camry Hybrid XLE,2018,"22,000 mi.",Hybrid,A/T,208.0HP 2.5L 4 Cylinder Engine Gas/Electric Hybrid,None reported
GMC,"$12,995",Acadia SLE-2,2016,"100,795 mi.",Gasoline,6-Speed Automatic,3.6L V6 24V GDI DOHC,At least 1 accident or damage reported
Chevrolet,"$17,816",Impala 1LT,2019,"99,941 mi.",Gasoline,6-Speed Automatic,3.6L V6 24V GDI DOHC,None reported
Jeep,"$38,633",Grand Cherokee L Laredo,2021,"23,588 mi.",Gasoline,8-Speed Automatic,3.6L V6 24V MPFI DOHC,
Jeep,"$5,200",Liberty Sport,2003,"103,000 mi.",Gasoline,A/T,210.0HP 3.7L V6 Cylinder Engine Gasoline Fuel,None reported
Jaguar,"$7,000",XF Luxury,2009,"91,491 mi.",Gasoline,6-Speed A/T,300.0HP 4.2L 8 Cylinder Engine Gasoline Fuel,None reported
Honda,"$23,739",Civic Sport,2020,"23,131 mi.",Gasoline,Automatic CVT,2.0L I4 16V MPFI DOHC,At least 1 accident or damage reported
Subaru,"$18,749",Outback 2.5i Premium,2019,"77,000 mi.",Gasoline,CVT Transmission,175.0HP 2.5L 4 Cylinder Engine Gasoline Fuel,At least 1 accident or damage reported
Land,"$76,000",Rover Range Rover Sport HSE Dynamic,2019,"20,500 mi.",Gasoline,A/T,380.0HP 3.0L V6 Cylinder Engine Gasoline Fuel,None reported
Tesla,"$45,900",Model Y Long Range,2022,500 mi.,,A/T,425.0HP Electric Motor Electric Fuel System,None reported
Lexus,"$33,900",ES 350 Base,2019,"49,810 mi.",Gasoline,8-Speed A/T,302.0HP 3.5L V6 Cylinder Engine Gasoline Fuel,At least 1 accident or damage reported
Honda,"$36,727",CR-V Touring,2022,"20,229 mi.",Gasoline,Automatic CVT,1.5L I4 16V GDI DOHC Turbo,None reported
Alfa,"$75,000",Romeo Giulia Quadrifoglio,2021,"10,558 mi.",Gasoline,8-Speed A/T,505.0HP 2.9L V6 Cylinder Engine Gasoline Fuel,None reported
BMW,"$30,900",330 i,2005,"59,300 mi.",Gasoline,M/T,225.0HP 3.0L Straight 6 Cylinder Engine Gasoline Fuel,None reported
Maybach,"$64,250",Type 57 Base,2004,"34,254 mi.",Gasoline,5-Speed A/T,543.0HP 5.5L 12 Cylinder Engine Gasoline Fuel,None reported
Lexus,"$37,998",ES 250 Base,2021,"24,364 mi.",Gasoline,Automatic,2.5 Liter,None reported
Mercedes-Benz,"$22,000",Sprinter 2500,2016,"139,200 mi.",Diesel,A/T,161.0HP 2.1L 4 Cylinder Engine Diesel Fuel,At least 1 accident or damage reported
Mercedes-Benz,"$13,999",E-Class E 350,2012,"82,046 mi.",Gasoline,7-Speed A/T,302.0HP 3.5L V6 Cylinder Engine Gasoline Fuel,None reported
Dodge,"$6,399",Dakota Sport,1997,"285,000 mi.",Gasoline,4-Speed A/T,230.0HP 5.2L 8 Cylinder Engine Gasoline Fuel,None reported
RAM,"$25,307",1500 Tradesman/Express,2017,"26,269 mi.",E85 Flex Fuel,8-Speed Automatic,3.6L V6 24V MPFI DOHC Flexible Fuel,At least 1 accident or damage reported
Mazda,"$16,770",CX-9 Touring,2016,"127,131 mi.",Gasoline,A/T,227.0HP 2.5L 4 Cylinder Engine Gasoline Fuel,At least 1 accident or damage reported
Porsche,"$179,900",911 Turbo S,2019,"31,000 mi.",Gasoline,Transmission w/Dual Shift Mode,580.0HP 3.8L Flat 6 Cylinder Engine Gasoline Fuel,None reported
BMW,"$38,400",X3 xDrive30i,2021,"27,000 mi.",Gasoline,8-Speed A/T,248.0HP 2.0L 4 Cylinder Engine Gasoline Fuel,None reported
Jeep,"$18,900",Grand Cherokee Limited,2015,"93,400 mi.",E85 Flex Fuel,A/T,290.0HP 3.6L V6 Cylinder Engine Flex Fuel Capability,None reported
BMW,"$71,200",X7 xDrive40i,2021,"9,200 mi.",Hybrid,8-Speed A/T,335.0HP 3.0L Straight 6 Cylinder Engine Gasoline/Mild Electric Hybrid,At least 1 accident or damage reported
Mercedes-Benz,"$32,999",SL-Class SL 550,2014,"76,850 mi.",Gasoline,7-Speed A/T,429.0HP 4.7L 8 Cylinder Engine Gasoline Fuel,At least 1 accident or damage reported
Bentley,"$98,000",Continental GT W12,2016,"61,160 mi.",Gasoline,A/T,582.0HP 6.0L 12 Cylinder Engine Gasoline Fuel,At least 1 accident or damage reported
Jeep,"$15,900",Wrangler Unlimited,2005,"146,000 mi.",Gasoline,A/T,190.0HP 4.0L Straight 6 Cylinder Engine Gasoline Fuel,At least 1 accident or damage reported
Tesla,"$46,750",Model S 100D,2017,"38,957 mi.",,1-Speed A/T,Electric Motor Electric Fuel System,None reported
Volkswagen,"$16,500",Golf SportWagen TSI SE,2017,"33,850 mi.",Gasoline,6-Speed A/T,170.0HP 1.8L 4 Cylinder Engine Gasoline Fuel,None reported
Jeep,"$39,860",Wrangler Unlimited Sahara,2020,"61,830 mi.",Gasoline,8-Speed Automatic,2.0L I4 16V GDI DOHC Turbo,At least 1 accident or damage reported
Kia,"$15,998",Sorento SXL,2017,"108,559 mi.",Gasoline,6-Speed Automatic,3.3L V6 24V GDI DOHC,None reported
Lexus,"$7,390",LS 430 Base,2006,"192,000 mi.",Gasoline,6-Speed A/T,278.0HP 4.3L 8 Cylinder Engine Gasoline Fuel,At least 1 accident or damage reported
Mercedes-Benz,"$15,500",E-Class E 350 4MATIC,2014,"83,112 mi.",Gasoline,7-Speed A/T,302.0HP 3.5L V6 Cylinder Engine Gasoline Fuel,None reported
Tesla,"$52,000",Model X 75D,2016,"52,000 mi.",,A/T,518.0HP Electric Motor Electric Fuel System,None reported
RAM,"$43,500",1500 Rebel,2020,"57,300 mi.",Gasoline,8-Speed A/T,395.0HP 5.7L 8 Cylinder Engine Gasoline Fuel,None reported
MINI,"$4,100",Cooper Base,2008,"104,500 mi.",Gasoline,6-Speed A/T,118.0HP 1.6L 4 Cylinder Engine Gasoline Fuel,At least 1 accident or damage reported
Jeep,"$6,500",Cherokee Sport,1996,"170,552 mi.",Gasoline,4-Speed A/T,190.0HP 4.0L Straight 6 Cylinder Engine Gasoline Fuel,At least 1 accident or damage reported
Ford,"$29,000",Mustang GT Premium,2013,"18,000 mi.",Gasoline,6-Speed A/T,412.0HP 5.0L 8 Cylinder Engine Gasoline Fuel,None reported
Lincoln,"$51,999",Navigator Reserve,2019,"39,000 mi.",Gasoline,10-Speed A/T,450.0HP 3.5L V6 Cylinder Engine Gasoline Fuel,None reported
Jeep,"$45,000",Gladiator Rubicon,2020,"38,000 mi.",Gasoline,8-Speed A/T,285.0HP 3.6L V6 Cylinder Engine Gasoline Fuel,None reported
Porsche,"$115,000",Cayman GT4,2016,"15,168 mi.",Gasoline,6-Speed M/T,385.0HP 3.8L Flat 6 Cylinder Engine Gasoline Fuel,None reported
Honda,"$6,500",Civic EX,2012,"167,506 mi.",Gasoline,A/T,140.0HP 1.8L 4 Cylinder Engine Gasoline Fuel,None reported
Jeep,"$13,000",Grand Cherokee Laredo,2012,"166,000 mi.",E85 Flex Fuel,A/T,290.0HP 3.6L V6 Cylinder Engine Flex Fuel Capability,At least 1 accident or damage reported
Ford,"$82,950",Shelby GT500 Base,2021,"19,200 mi.",Gasoline,Transmission w/Dual Shift Mode,760.0HP 5.2L 8 Cylinder Engine Gasoline Fuel,None reported
Land,"$75,000",Rover Defender SE,2022,"46,000 mi.",Hybrid,8-Speed A/T,395.0HP 3.0L Straight 6 Cylinder Engine Gasoline/Mild Electric Hybrid,None reported
Hummer,"$7,200",H3 Base,2007,"201,000 mi.",Gasoline,A/T,242.0HP 3.7L 5 Cylinder Engine Gasoline Fuel,At least 1 accident or damage reported
Kia,"$8,900",Sportage LX,2014,"87,000 mi.",Gasoline,A/T,182.0HP 2.4L 4 Cylinder Engine Gasoline Fuel,At least 1 accident or damage reported
GMC,"$24,950",Yukon XL 1500 SLT,2015,"145,000 mi.",Gasoline,6-Speed A/T,355.0HP 5.3L 8 Cylinder Engine Gasoline Fuel,None reported
Jeep,"$36,500",Wrangler Unlimited Sport,2020,"33,060 mi.",Gasoline,8-Speed A/T,285.0HP 3.6L V6 Cylinder Engine Gasoline Fuel,None reported
Ford,"$15,000",Bronco XLT,1995,"195,000 mi.",–,A/T,–,None reported
Tesla,"$67,800",Model S Long Range Plus,2021,"10,550 mi.",,A/T,557.0HP Electric Motor Electric Fuel System,None reported
Audi,"$18,000",A6 3.0T Prestige,2014,"89,500 mi.",Gasoline,Transmission w/Dual Shift Mode,310.0HP 3.0L V6 Cylinder Engine Gasoline Fuel,None reported
Jeep,"$37,500",Wrangler 80th Anniversary,2021,"27,000 mi.",Hybrid,8-Speed A/T,285.0HP 3.6L V6 Cylinder Engine Gasoline/Mild Electric Hybrid,None reported
Jeep,"$18,500",Wrangler Sport,2010,"87,250 mi.",Gasoline,6-Speed M/T,202.0HP 3.8L V6 Cylinder Engine Gasoline Fuel,None reported
Volkswagen,"$13,000",CC 2.0T Sport,2016,"76,495 mi.",Gasoline,A/T,200.0HP 2.0L 4 Cylinder Engine Gasoline Fuel,At least 1 accident or damage reported
Cadillac,"$15,500",SRX Luxury Collection,2016,"70,503 mi.",Gasoline,6-Speed A/T,308.0HP 3.6L V6 Cylinder Engine Gasoline Fuel,None reported
Porsche,"$35,000",Cayenne Turbo,2009,"41,965 mi.",Gasoline,Transmission w/Dual Shift Mode,500.0HP 4.8L 8 Cylinder Engine Gasoline Fuel,At least 1 accident or damage reported
Toyota,"$8,000",4Runner 4WD,1999,"267,000 mi.",Gasoline,5-Speed M/T,150.0HP 2.7L 4 Cylinder Engine Gasoline Fuel,At least 1 accident or damage reported
Mitsubishi,"$4,200",Eclipse GT,2003,"146,000 mi.",Gasoline,4-Speed A/T,200.0HP 3.0L V6 Cylinder Engine Gasoline Fuel,At least 1 accident or damage reported
Chevrolet,"$82,500",Corvette Stingray w/1LT,2023,"9,000 mi.",Gasoline,8-Speed A/T,490.0HP 6.2L 8 Cylinder Engine Gasoline Fuel,None reported
Toyota,"$40,000",GR86 Premium,2022,"1,050 mi.",Gasoline,6-Speed A/T,228.0HP 2.4L 4 Cylinder Engine Gasoline Fuel,None reported
Land,"$89,900",Rover Range Rover P525 Westminster,2021,"22,270 mi.",Gasoline,8-Speed Automatic,5.0L V8 32V GDI DOHC Supercharged,None reported
Ford,"$26,500",Mustang GT Premium,2012,"19,900 mi.",Gasoline,6-Speed A/T,412.0HP 5.0L 8 Cylinder Engine Gasoline Fuel,None reported
Tesla,"$44,990",Model Y Long Range,2020,"19,800 mi.",,1-Speed A/T,425.0HP Electric Motor Electric Fuel System,None reported
RAM,"$17,900",1500 Sport,2012,"113,500 mi.",Gasoline,A/T,390.0HP 5.7L 8 Cylinder Engine Gasoline Fuel,None reported
Lamborghini,"$150,000",Gallardo LP550-2,2013,"22,000 mi.",Gasoline,6-Speed A/T,550.0HP 5.2L 10 Cylinder Engine Gasoline Fuel,None reported
INFINITI,"$54,000",Q60 3.0t Red Sport 400,2022,"3,300 mi.",Gasoline,Transmission w/Dual Shift Mode,400.0HP 3.0L V6 Cylinder Engine Gasoline Fuel,None reported
Volkswagen,"$12,000",e-Golf SE,2016,"41,615 mi.",,1-Speed A/T,115.0HP Electric Motor Electric Fuel System,None reported
Tesla,"$92,500",Model X Long Range,2022,"11,860 mi.",,A/T,670.0HP Electric Motor Electric Fuel System,None reported
BMW,"$52,500",M5 Base,2015,"27,000 mi.",Gasoline,7-Speed A/T,560.0HP 4.4L 8 Cylinder Engine Gasoline Fuel,None reported
Kia,"$29,430",K5 GT-Line,2022,"22,101 mi.",Gasoline,8-Speed Automatic,1.6L I4 16V GDI DOHC Turbo,At least 1 accident or damage reported
Chevrolet,"$18,500",Caprice Classic Base,1996,"60,000 mi.",Gasoline,A/T,260.0HP 5.7L 8 Cylinder Engine Gasoline Fuel,
Subaru,"$22,888",BRZ Limited,2013,"46,452 mi.",Gasoline,6-Speed M/T,200.0HP 2.0L 4 Cylinder Engine Gasoline Fuel,None reported
Lincoln,"$26,500",MKZ Reserve I,2019,"36,000 mi.",Gasoline,6-Speed A/T,245.0HP 2.0L 4 Cylinder Engine Gasoline Fuel,None reported
Chevrolet,"$61,950",Corvette Grand Sport,2019,"13,100 mi.",Gasoline,7-Speed M/T,460.0HP 6.2L 8 Cylinder Engine Gasoline Fuel,None reported
Audi,"$27,000",Q5 2.0T Premium Plus,2019,"50,000 mi.",Gasoline,7-Speed A/T,248.0HP 2.0L 4 Cylinder Engine Gasoline Fuel,At least 1 accident or damage reported
Mazda,"$32,250",CX-9 Signature,2018,"19,500 mi.",Gasoline,Transmission w/Dual Shift Mode,227.0HP 2.5L 4 Cylinder Engine Gasoline Fuel,None reported
Ford,"$31,000",Mustang GT,2016,"36,000 mi.",Gasoline,6-Speed M/T,435.0HP 5.0L 8 Cylinder Engine Gasoline Fuel,At least 1 accident or damage reported
Rolls-Royce,"$217,000",Wraith Base,2016,"21,000 mi.",Gasoline,A/T,624.0HP 6.6L 12 Cylinder Engine Gasoline Fuel,
Chevrolet,"$51,999",Camaro 1SS,2022,"6,640 mi.",Gasoline,A/T,455.0HP 6.2L 8 Cylinder Engine Gasoline Fuel,None reported
BMW,"$21,900",X5 xDrive35i,2016,"74,850 mi.",Gasoline,A/T,300.0HP 3.0L Straight 6 Cylinder Engine Gasoline Fuel,At least 1 accident or damage reported
Nissan,"$10,900",Maxima SV,2014,"117,000 mi.",Gasoline,Transmission w/Dual Shift Mode,290.0HP 3.5L V6 Cylinder Engine Gasoline Fuel,At least 1 accident or damage reported
Toyota,"$39,900",Tundra TRD Pro,2016,"51,400 mi.",E85 Flex Fuel,6-Speed A/T,381.0HP 5.7L 8 Cylinder Engine Flex Fuel Capability,
INFINITI,"$57,999",QX60 AUTOGRAPH,2022,"6,000 mi.",Gasoline,9-Speed A/T,295.0HP 3.5L V6 Cylinder Engine Gasoline Fuel,None reported
Mitsubishi,"$37,999",Lancer Evolution MR,2006,"128,000 mi.",Gasoline,6-Speed M/T,286.0HP 2.0L 4 Cylinder Engine Gasoline Fuel,None reported
BMW,"$39,995",X3 xDrive30i,2021,"15,000 mi.",Gasoline,Transmission w/Dual Shift Mode,248.0HP 2.0L 4 Cylinder Engine Gasoline Fuel,None reported
Toyota,"$29,950",Tundra SR5,2016,"119,000 mi.",Gasoline,6-Speed A/T,381.0HP 5.7L 8 Cylinder Engine Gasoline Fuel,None reported
Lincoln,"$12,999",Mark LT Base,2006,"87,500 mi.",Gasoline,A/T,300.0HP 5.4L 8 Cylinder Engine Gasoline Fuel,At least 1 accident or damage reported
Ford,"$7,999",Flex SEL,2011,"149,000 mi.",Gasoline,6-Speed A/T,262.0HP 3.5L V6 Cylinder Engine Gasoline Fuel,None reported
Audi,"$20,995",Q5 2.0T Premium Plus,2015,"54,700 mi.",E85 Flex Fuel,8-Speed A/T,220.0HP 2.0L 4 Cylinder Engine Flex Fuel Capability,At least 1 accident or damage reported
Ford,"$38,532",F-150 XL,2021,"45,979 mi.",Gasoline,10-Speed Automatic,3.5L V6 24V PDI DOHC Twin Turbo,None reported
Lincoln,"$29,000",Continental Reserve,2017,"56,846 mi.",Gasoline,Transmission w/Dual Shift Mode,335.0HP 2.7L V6 Cylinder Engine Gasoline Fuel,None reported
Tesla,"$49,900",Model X 75D,2017,"94,100 mi.",,A/T,518.0HP Electric Motor Electric Fuel System,At least 1 accident or damage reported
Jeep,"$22,500",Grand Cherokee Limited,2017,"80,150 mi.",Gasoline,8-Speed A/T,293.0HP 3.6L V6 Cylinder Engine Gasoline Fuel,At least 1 accident or damage reported
GMC,"$12,300",Terrain SLT-1,2013,"11,563 mi.",Gasoline,A/T,182.0HP 2.4L 4 Cylinder Engine Gasoline Fuel,At least 1 accident or damage reported
Tesla,"$84,000",Model X Long Range,2022,"7,500 mi.",,A/T,670.0HP Electric Motor Electric Fuel System,None reported
Mercedes-Benz,"$78,000",AMG E 53 Base 4MATIC,2021,"15,615 mi.",Hybrid,9-Speed A/T,429.0HP 3.0L Straight 6 Cylinder Engine Gasoline/Mild Electric Hybrid,None reported
Subaru,"$16,000",Impreza WRX Base,2013,"113,000 mi.",Gasoline,5-Speed M/T,265.0HP 2.5L 4 Cylinder Engine Gasoline Fuel,At least 1 accident or damage reported
Kia,"$15,000",Optima S,2018,"74,000 mi.",Gasoline,6-Speed A/T,185.0HP 2.4L 4 Cylinder Engine Gasoline Fuel,None reported
Mercedes-Benz,"$11,900",M-Class ML 350,2011,"99,200 mi.",Gasoline,A/T,268.0HP 3.5L V6 Cylinder Engine Gasoline Fuel,None reported
Volkswagen,"$23,999",Beetle 2.0T S,2018,"36,824 mi.",Gasoline,6-Speed A/T,174.0HP 2.0L 4 Cylinder Engine Gasoline Fuel,None reported
Acura,"$6,700",RSX Base,2005,"186,040 mi.",Gasoline,A/T,160.0HP 2.0L 4 Cylinder Engine Gasoline Fuel,At least 1 accident or damage reported
GMC,"$27,700",Acadia SLE,2020,"58,000 mi.",Gasoline,9-Speed A/T,310.0HP 3.6L V6 Cylinder Engine Gasoline Fuel,None reported
Ford,"$42,500",F-150 Lariat,2020,"31,250 mi.",Gasoline,A/T,325.0HP 2.7L V6 Cylinder Engine Gasoline Fuel,None reported
Jeep,"$46,500",Gladiator Overland,2020,"43,000 mi.",Gasoline,A/T,285.0HP 3.6L V6 Cylinder Engine Gasoline Fuel,None reported
Toyota,"$41,598",Tacoma TRD Sport,2020,"41,199 mi.",Gasoline,6 Speed Mt,3.5 Liter,None reported
Kia,"$45,000",EV6 GT-Line,2022,"22,000 mi.",,1-Speed A/T,320.0HP Electric Motor Electric Fuel System,None reported
Genesis,"$53,000",GV70 3.5T Sport,2022,"12,900 mi.",Gasoline,8-Speed A/T,375.0HP 3.5L V6 Cylinder Engine Gasoline Fuel,None reported
Ford,"$50,000",Explorer ST,2022,"10,500 mi.",Gasoline,Transmission w/Dual Shift Mode,400.0HP 3.0L V6 Cylinder Engine Gasoline Fuel,
MINI,"$21,612",Countryman Cooper,2020,"74,725 mi.",Gasoline,7-Speed Automatic with Auto-Shift,1.5L I3 12V GDI DOHC Turbo,None reported
Mazda,"$26,485",CX-5 Grand Touring,2021,"61,117 mi.",Gasoline,6-Speed Automatic,2.5L I4 16V GDI DOHC,None reported
BMW,"$4,800",325 i,2003,"142,000 mi.",Gasoline,5-Speed M/T,184.0HP 2.5L Straight 6 Cylinder Engine Gasoline Fuel,At least 1 accident or damage reported
Ford,"$34,700",Mustang EcoBoost Premium,2019,"31,000 mi.",–,6-Speed M/T,–,None reported
Toyota,"$7,950",Yaris L,2012,"129,355 mi.",Gasoline,4-Speed A/T,106.0HP 1.5L 4 Cylinder Engine Gasoline Fuel,At least 1 accident or damage reported
Chevrolet,"$4,900",Express 1500 Base,2010,"204,000 mi.",E85 Flex Fuel,4-Speed A/T,310.0HP 5.3L 8 Cylinder Engine Flex Fuel Capability,At least 1 accident or damage reported
Lincoln,"$22,500",Navigator L Select,2016,"115,600 mi.",Gasoline,6-Speed A/T,380.0HP 3.5L V6 Cylinder Engine Gasoline Fuel,None reported
Jeep,"$62,500",Wrangler Sahara Altitude,2023,"1,563 mi.",Hybrid,A/T,285.0HP 3.6L V6 Cylinder Engine Gasoline/Mild Electric Hybrid,None reported
Bentley,"$35,995",Continental GT Base,2007,"72,166 mi.",Gasoline,A/T,552.0HP 6.0L 12 Cylinder Engine Gasoline Fuel,At least 1 accident or damage reported
Lexus,"$37,899",RX 350 F Sport,2018,"26,100 mi.",Gasoline,8-Speed A/T,295.0HP 3.5L V6 Cylinder Engine Gasoline Fuel,None reported
BMW,"$21,000",430 i,2017,"58,880 mi.",Gasoline,8-Speed A/T,248.0HP 2.0L 4 Cylinder Engine Gasoline Fuel,None reported
Cadillac,"$104,000",Escalade Sport Platinum,2021,"26,000 mi.",Gasoline,10-Speed A/T,420.0HP 6.2L 8 Cylinder Engine Gasoline Fuel,None reported
Honda,"$5,500",Civic EX,2008,"190,640 mi.",Gasoline,5-Speed M/T,140.0HP 1.8L 4 Cylinder Engine Gasoline Fuel,At least 1 accident or damage reported
Porsche,"$59,900",Cayenne AWD,2020,"37,500 mi.",Gasoline,8-Speed A/T,335.0HP 3.0L V6 Cylinder Engine Gasoline Fuel,None reported
Ford,"$54,000",Mustang Mach-E GT,2022,"13,856 mi.",,1-Speed A/T,480.0HP Electric Motor Electric Fuel System,None reported
Cadillac,"$13,600",ATS 2.5L Luxury,2013,"225,000 mi.",Gasoline,6-Speed A/T,202.0HP 2.5L 4 Cylinder Engine Gasoline Fuel,None reported
Lexus,"$24,995",LS 460 Base,2014,"123,256 mi.",Gasoline,8-Speed A/T,386.0HP 4.6L 8 Cylinder Engine Gasoline Fuel,None reported
Cadillac,"$88,900",Escalade Premium Luxury,2021,"11,459 mi.",Gasoline,10-Speed A/T,420.0HP 6.2L 8 Cylinder Engine Gasoline Fuel,None reported
Mercedes-Benz,"$20,490",C-Class C 300 4MATIC Sport,2016,"67,289 mi.",Gasoline,7-Speed A/T,241.0HP 2.0L 4 Cylinder Engine Gasoline Fuel,None reported
Hyundai,"$10,500",Veloster Base,2013,"56,837 mi.",Gasoline,Transmission w/Dual Shift Mode,132.0HP 1.6L 4 Cylinder Engine Gasoline Fuel,At least 1 accident or damage reported
Chevrolet,"$30,000",Corvette Base,2002,"44,168 mi.",Gasoline,4-Speed A/T,350.0HP 5.7L 8 Cylinder Engine Gasoline Fuel,None reported
Mercedes-Benz,"$26,900",C-Class C 300 4MATIC,2019,"59,766 mi.",Gasoline,9-Speed Automatic,2.0L I4 16V GDI DOHC Turbo,None reported
Kia,"$29,950",Stinger GT,2018,"56,300 mi.",Gasoline,A/T,365.0HP 3.3L V6 Cylinder Engine Gasoline Fuel,None reported
Volvo,"$8,000",S60 R,2004,"167,000 mi.",Gasoline,6-Speed M/T,300.0HP 2.5L 5 Cylinder Engine Gasoline Fuel,None reported
Chevrolet,"$27,499",Silverado 2500 LT,2015,"122,770 mi.",E85 Flex Fuel,A/T,360.0HP 6.0L 8 Cylinder Engine Flex Fuel Capability,None reported
Land,"$54,995",Rover Range Rover 3.0L V6 Supercharged HSE,2019,"59,271 mi.",Gasoline,A/T,380.0HP 3.0L V6 Cylinder Engine Gasoline Fuel,None reported
GMC,"$24,500",Sierra 1500 SLE,2015,"102,000 mi.",Gasoline,6-Speed A/T,355.0HP 5.3L 8 Cylinder Engine Gasoline Fuel,At least 1 accident or damage reported
Chevrolet,"$44,800",Silverado 1500 RST,2020,"40,929 mi.",Gasoline,Automatic,5.3L V8 16V GDI OHV,At least 1 accident or damage reported
Porsche,"$174,900",911 Turbo S,2019,"22,000 mi.",Gasoline,7-Speed A/T,580.0HP 3.8L Flat 6 Cylinder Engine Gasoline Fuel,None reported
Chevrolet,"$69,790",Suburban Z71,2022,"19,200 mi.",Gasoline,10-Speed A/T,420.0HP 6.2L 8 Cylinder Engine Gasoline Fuel,None reported
Mercedes-Benz,"$128,000",G-Class G 550 4MATIC,2019,"32,376 mi.",Gasoline,A/T,416.0HP 4.0L 8 Cylinder Engine Gasoline Fuel,None reported
Porsche,"$134,900",911 Carrera,2023,"19,800 mi.",Gasoline,8-Speed A/T,379.0HP 3.0L Flat 6 Cylinder Engine Gasoline Fuel,None reported
Land,"$10,000",Rover Range Rover Sport HSE,2011,"105,000 mi.",Gasoline,A/T,375.0HP 5.0L 8 Cylinder Engine Gasoline Fuel,None reported
Ford,"$38,900",F-250 Lariat,2016,"122,650 mi.",Diesel,6-Speed A/T,440.0HP 6.7L 8 Cylinder Engine Diesel Fuel,None reported
Subaru,"$34,999",BRZ Limited,2022,"14,000 mi.",Gasoline,6-Speed M/T,228.0HP 2.4L 4 Cylinder Engine Gasoline Fuel,None reported
Lexus,"$15,397",LS 460 Base,2008,"100,868 mi.",Gasoline,8-Speed A/T,380.0HP 4.6L 8 Cylinder Engine Gasoline Fuel,None reported
Land,"$15,000",Rover Range Rover Sport HSE,2013,"111,000 mi.",Gasoline,6-Speed A/T,375.0HP 5.0L 8 Cylinder Engine Gasoline Fuel,At least 1 accident or damage reported
Cadillac,"$94,995",Escalade Sport Platinum,2021,"38,500 mi.",Gasoline,A/T,420.0HP 6.2L 8 Cylinder Engine Gasoline Fuel,At least 1 accident or damage reported
Nissan,"$21,865",Pathfinder S,2020,"41,250 mi.",Gasoline,CVT Transmission,284.0HP 3.5L V6 Cylinder Engine Gasoline Fuel,None reported
MINI,"$5,500",Cooper S Base,2006,"99,600 mi.",Gasoline,6-Speed A/T,168.0HP 1.6L 4 Cylinder Engine Gasoline Fuel,None reported
Acura,"$11,000",ILX 2.0L w/Premium Package,2013,"198,000 mi.",Gasoline,Transmission w/Dual Shift Mode,150.0HP 2.0L 4 Cylinder Engine Gasoline Fuel,At least 1 accident or damage reported
Lexus,"$42,599",RX 350 Base,2021,"20,598 mi.",Gasoline,8-Speed Automatic,3.5L V6 24V PDI DOHC,At least 1 accident or damage reported
Porsche,"$76,500",911 Carrera S,2013,"52,044 mi.",Gasoline,7-Speed M/T,400.0HP 3.8L Flat 6 Cylinder Engine Gasoline Fuel,None reported
MINI,"$30,000",Hardtop Cooper S,2022,"23,777 mi.",Gasoline,6-Speed M/T,189.0HP 2.0L 4 Cylinder Engine Gasoline Fuel,None reported
Ford,"$46,900",F-150 Platinum,2018,"60,660 mi.",Gasoline,A/T,375.0HP 3.5L V6 Cylinder Engine Gasoline Fuel,At least 1 accident or damage reported
BMW,"$14,999",i3 Base,2015,"26,000 mi.",,1-Speed A/T,170.0HP 0.65L Electric Motor Electric Fuel System,None reported
Mazda,"$21,800",CX-5 Touring,2018,"61,000 mi.",Gasoline,Transmission w/Dual Shift Mode,187.0HP 2.5L 4 Cylinder Engine Gasoline Fuel,None reported
Lexus,"$32,600",RX 350 F Sport Performance,2020,"53,750 mi.",Gasoline,A/T,295.0HP 3.5L V6 Cylinder Engine Gasoline Fuel,None reported
BMW,"$77,897",X5 M50i,2023,"13,735 mi.",Gasoline,8-Speed Automatic,4.4L V8 32V GDI DOHC Twin Turbo,None reported
Mercedes-Benz,"$33,998",E-Class E 300,2019,"32,580 mi.",Gasoline,Automatic,2.0 Liter Turbo,None reported
Porsche,"$52,500",911 Carrera Cabriolet,2006,"96,275 mi.",Gasoline,6-Speed M/T,325.0HP 3.6L Flat 6 Cylinder Engine Gasoline Fuel,At least 1 accident or damage reported
Ford,"$32,000",F-350 Lariat,2015,"162,000 mi.",Diesel,Transmission w/Dual Shift Mode,440.0HP 6.7L 8 Cylinder Engine Diesel Fuel,None reported
BMW,"$24,999",X3 xDrive30i,2019,"92,040 mi.",Gasoline,8-Speed Automatic,2.0L I4 16V GDI DOHC Turbo,None reported
RAM,"$27,000",1500 SLT,2017,"73,690 mi.",Gasoline,8-Speed A/T,395.0HP 5.7L 8 Cylinder Engine Gasoline Fuel,At least 1 accident or damage reported
Toyota,"$17,900",Tacoma Base,2009,"48,750 mi.",Gasoline,M/T,159.0HP 2.7L 4 Cylinder Engine Gasoline Fuel,None reported
Cadillac,"$8,450",SRX Performance Collection,2011,"124,542 mi.",Gasoline,6-Speed A/T,265.0HP 3.0L V6 Cylinder Engine Gasoline Fuel,None reported
Ford,"$20,000",Mustang GT Premium,2010,"69,000 mi.",Gasoline,5-Speed A/T,315.0HP 4.6L 8 Cylinder Engine Gasoline Fuel,None reported
Dodge,"$19,000",Ram 2500 Laramie Quad Cab,2004,"148,000 mi.",Diesel,4-Speed A/T,250.0HP 5.9L Straight 6 Cylinder Engine Diesel Fuel,None reported
BMW,"$10,500",650 i,2006,"122,141 mi.",Gasoline,6-Speed M/T,360.0HP 4.8L 8 Cylinder Engine Gasoline Fuel,None reported
Subaru,"$15,000",Impreza WRX,2012,"106,000 mi.",Gasoline,M/T,265.0HP 2.5L 4 Cylinder Engine Gasoline Fuel,None reported
Ford,"$16,500",Edge Titanium,2017,"113,294 mi.",Gasoline,6-Speed A/T,245.0HP 2.0L 4 Cylinder Engine Gasoline Fuel,At least 1 accident or damage reported
Kia,"$44,315",Telluride SX,2021,"24,423 mi.",Gasoline,8-Speed Automatic,3.8L V6 24V GDI DOHC,None reported
Tesla,"$68,750",Model S Long Range,2022,"28,000 mi.",,1-Speed A/T,670.0HP Electric Motor Electric Fuel System,None reported
RAM,"$37,050",1500 Rebel,2018,"54,800 mi.",Gasoline,A/T,395.0HP 5.7L 8 Cylinder Engine Gasoline Fuel,At least 1 accident or damage reported
Ford,"$17,500",Explorer XLT,2017,"161,000 mi.",Gasoline,6-Speed A/T,290.0HP 3.5L V6 Cylinder Engine Gasoline Fuel,None reported
Mercedes-Benz,"$61,350",AMG GLE 43 4MATIC Coupe,2019,"28,755 mi.",Gasoline,9-Speed A/T,385.0HP 3.0L V6 Cylinder Engine Gasoline Fuel,None reported
Audi,"$20,499",Q5 2.0T Premium Plus,2016,"52,105 mi.",E85 Flex Fuel,A/T,220.0HP 2.0L 4 Cylinder Engine Flex Fuel Capability,At least 1 accident or damage reported
Nissan,"$20,999",Armada Platinum,2018,"119,950 mi.",Gasoline,Transmission w/Dual Shift Mode,390.0HP 5.6L 8 Cylinder Engine Gasoline Fuel,None reported
Mercedes-Benz,"$12,500",SL-Class SL500 Roadster,2003,"80,081 mi.",Gasoline,5-Speed A/T,302.0HP 5.0L 8 Cylinder Engine Gasoline Fuel,None reported
Bentley,"$165,000",Bentayga V8,2021,"24,500 mi.",Gasoline,8-Speed A/T,542.0HP 4.0L 8 Cylinder Engine Gasoline Fuel,None reported
Jeep,"$55,000",Gladiator Overland,2021,"4,100 mi.",Gasoline,A/T,285.0HP 3.6L V6 Cylinder Engine Gasoline Fuel,None reported
BMW,"$103,500",M2 CS,2020,"9,670 mi.",Gasoline,Transmission w/Dual Shift Mode,444.0HP 3.0L Straight 6 Cylinder Engine Gasoline Fuel,None reported
Dodge,"$18,650",Charger SE,2017,"63,250 mi.",Gasoline,A/T,292.0HP 3.6L V6 Cylinder Engine Gasoline Fuel,None reported
Lincoln,"$26,500",MKX Black Label,2017,"69,431 mi.",Gasoline,6-Speed A/T,335.0HP 2.7L V6 Cylinder Engine Gasoline Fuel,None reported
Toyota,"$31,380",Tundra SR5,2015,"108,044 mi.",Gasoline,6-Speed Automatic,5.7L V8 32V MPFI DOHC,None reported
BMW,"$13,998",335 i,2008,"98,000 mi.",Gasoline,Transmission w/Dual Shift Mode,300.0HP 3.0L Straight 6 Cylinder Engine Gasoline Fuel,None reported
BMW,"$34,500",X1 xDrive28i,2019,"52,253 mi.",Gasoline,Transmission w/Dual Shift Mode,228.0HP 2.0L 4 Cylinder Engine Gasoline Fuel,None reported
Ford,"$99,750",F-350 Platinum,2022,"23,850 mi.",Diesel,10-Speed A/T,475.0HP 6.7L 8 Cylinder Engine Diesel Fuel,None reported
Mercedes-Benz,"$39,500",Sprinter High Roof,2015,"1,500 mi.",Diesel,A/T,188.0HP 3.0L V6 Cylinder Engine Diesel Fuel,None reported
Dodge,"$32,500",Challenger GT,2021,"40,000 mi.",Gasoline,A/T,303.0HP 3.6L V6 Cylinder Engine Gasoline Fuel,None reported
Audi,"$31,000",S4 3.0 Prestige,2012,"38,718 mi.",Gasoline,7-Speed A/T,333.0HP 3.0L V6 Cylinder Engine Gasoline Fuel,None reported
Toyota,"$35,998",Tacoma TRD Sport,2018,"84,184 mi.",Gasoline,Automatic,3.5 Liter,None reported
Mercedes-Benz,"$56,500",Sprinter 2500 Standard Roof,2021,"13,344 mi.",Diesel,7-Speed A/T,188.0HP 3.0L V6 Cylinder Engine Diesel Fuel,None reported
INFINITI,"$28,900",Q50 3.0t Red Sport 400,2018,"51,850 mi.",Gasoline,Transmission w/Dual Shift Mode,400.0HP 3.0L V6 Cylinder Engine Gasoline Fuel,None reported
Porsche,"$36,995",911 Carrera 4S,2002,"119,500 mi.",Gasoline,6-Speed M/T,320.0HP 3.6L Flat 6 Cylinder Engine Gasoline Fuel,At least 1 accident or damage reported
Ford,"$51,999",Expedition Max Limited,2021,"30,918 mi.",Gasoline,10-Speed A/T,375.0HP 3.5L V6 Cylinder Engine Gasoline Fuel,None reported
Chevrolet,"$92,000",Corvette Stingray w/3LT,2023,"1,100 mi.",Gasoline,8-Speed A/T,490.0HP 6.2L 8 Cylinder Engine Gasoline Fuel,None reported
Mercedes-Benz,"$27,900",C-Class C 300,2019,"40,000 mi.",Gasoline,A/T,255.0HP 2.0L 4 Cylinder Engine Gasoline Fuel,None reported
Jeep,"$9,998",Grand Cherokee Limited,2005,"100,500 mi.",Gasoline,A/T,325.0HP 5.7L 8 Cylinder Engine Gasoline Fuel,None reported
Dodge,"$67,000",Charger SRT Hellcat,2020,"54,320 mi.",Gasoline,8-Speed A/T,707.0HP 6.2L 8 Cylinder Engine Gasoline Fuel,At least 1 accident or damage reported
Mercedes-Benz,"$23,450",C-Class C 300 4MATIC,2018,"49,000 mi.",Gasoline,A/T,241.0HP 2.0L 4 Cylinder Engine Gasoline Fuel,None reported
Porsche,"$134,999",911 Carrera S,2020,"28,000 mi.",Gasoline,8-Speed A/T,443.0HP 3.0L Flat 6 Cylinder Engine Gasoline Fuel,None reported
Porsche,"$275,000",911 GT3,2022,"1,750 mi.",Gasoline,7-Speed A/T,502.0HP 4.0L Flat 6 Cylinder Engine Gasoline Fuel,None reported
Cadillac,"$3,499",DTS Luxury,2007,"130,000 mi.",Gasoline,A/T,275.0HP 4.6L 8 Cylinder Engine Gasoline Fuel,At least 1 accident or damage reported
Maserati,"$69,645",Grecale Modena,2023,"3,721 mi.",Gasoline,8-Speed Automatic,2.0L I4 16V GDI DOHC Turbo,None reported
Mercedes-Benz,"$34,500",S-Class S 550,2016,"78,101 mi.",Gasoline,7-Speed A/T,449.0HP 4.7L 8 Cylinder Engine Gasoline Fuel,None reported
Chevrolet,"$16,000",Malibu 1LT,2017,"54,000 mi.",Gasoline,A/T,160.0HP 1.5L 4 Cylinder Engine Gasoline Fuel,At least 1 accident or damage reported
Nissan,"$7,500",Quest SL,2011,"185,000 mi.",Gasoline,A/T,260.0HP 3.5L V6 Cylinder Engine Gasoline Fuel,At least 1 accident or damage reported
Mercedes-Benz,"$23,500",SLK-Class SLK 250,2015,"49,000 mi.",Gasoline,7-Speed A/T,201.0HP 1.8L 4 Cylinder Engine Gasoline Fuel,None reported
GMC,"$81,500",Sierra 2500 Denali,2024,"2,043 mi.",Gasoline,10-Speed A/T,401.0HP 6.6L 8 Cylinder Engine Gasoline Fuel,None reported
Lexus,"$28,000",RX 350 Base,2016,"71,750 mi.",Gasoline,8-Speed A/T,295.0HP 3.5L V6 Cylinder Engine Gasoline Fuel,None reported
Chevrolet,"$87,500",Corvette Stingray w/3LT,2020,"5,194 mi.",Gasoline,8-Speed Automatic with Auto-Shift,6.2L V8 16V GDI OHV,None reported
BMW,"$27,500",330 i,2019,"42,200 mi.",Gasoline,8-Speed A/T,255.0HP 2.0L 4 Cylinder Engine Gasoline Fuel,None reported
Mercedes-Benz,"$33,500",GLC 300 Base,2020,"42,717 mi.",Gasoline,A/T,255.0HP 2.0L 4 Cylinder Engine Gasoline Fuel,None reported
Tesla,"$31,300",Model S 75D,2016,"102,260 mi.",,1-Speed A/T,518.0HP Electric Motor Electric Fuel System,None reported
Chevrolet,"$80,900",Corvette Stingray w/2LT,2022,"11,089 mi.",Gasoline,8-Speed Manual,6.2L V8 16V GDI OHV,None reported
Jaguar,"$32,500",XF 25t Prestige,2018,"37,777 mi.",Gasoline,Transmission w/Dual Shift Mode,247.0HP 2.0L 4 Cylinder Engine Gasoline Fuel,None reported
Ford,"$42,995",F-150 XLT,2021,"35,921 mi.",Gasoline,10-Speed Automatic,2.7L V6 24V PDI DOHC Twin Turbo,None reported
Ford,"$54,900",Bronco Outer Banks,2023,"1,800 mi.",Gasoline,10-Speed A/T,275.0HP 2.3L 4 Cylinder Engine Gasoline Fuel,
Scion,"$8,900",FR-S Monogram,2014,"163,019 mi.",Gasoline,6-Speed M/T,200.0HP 2.0L 4 Cylinder Engine Gasoline Fuel,At least 1 accident or damage reported
Mercedes-Benz,"$35,500",C-Class C 300 4MATIC,2020,"14,220 mi.",Gasoline,9-Speed A/T,255.0HP 2.0L 4 Cylinder Engine Gasoline Fuel,None reported
Chevrolet,"$49,573",Tahoe Premier,2019,"48,879 mi.",Gasoline,Automatic,5.3L V8 16V GDI OHV,None reported
BMW,"$15,000",M3 Base,2002,"117,200 mi.",Gasoline,6-Speed A/T,333.0HP 3.2L Straight 6 Cylinder Engine Gasoline Fuel,None reported
Ford,"$65,000",F-150 Lariat,2016,"25,000 mi.",E85 Flex Fuel,6-Speed A/T,385.0HP 5.0L 8 Cylinder Engine Flex Fuel Capability,None reported
BMW,"$11,499",i3 Base w/Range Extender,2014,"74,500 mi.",,A/T,170.0HP 0.65L Electric Motor Electric Fuel System,None reported
INFINITI,"$21,990",G37 Journey,2013,"33,300 mi.",Gasoline,A/T,328.0HP 3.7L V6 Cylinder Engine Gasoline Fuel,None reported
Ford,"$6,900",Expedition XLT,2007,"123,921 mi.",Gasoline,6-Speed A/T,300.0HP 5.4L 8 Cylinder Engine Gasoline Fuel,None reported
BMW,"$39,990",X3 sDrive30i,2021,"12,800 mi.",Gasoline,A/T,248.0HP 2.0L 4 Cylinder Engine Gasoline Fuel,None reported
Aston,"$80,000",Martin Vantage GT Base,2015,"21,100 mi.",Gasoline,6-Speed M/T,430.0HP 4.7L 8 Cylinder Engine Gasoline Fuel,None reported
Chevrolet,"$15,000",Tahoe LT,2009,"104,733 mi.",E85 Flex Fuel,6-Speed A/T,320.0HP 5.3L 8 Cylinder Engine Flex Fuel Capability,None reported
Ford,"$38,500",Transit-250 Base,2020,"53,000 mi.",Gasoline,A/T,310.0HP 3.5L V6 Cylinder Engine Gasoline Fuel,At least 1 accident or damage reported
Lexus,"$39,998",ES 250 Base,2021,"17,570 mi.",Gasoline,Automatic,2.5 Liter,None reported
RAM,"$41,900",1500 Rebel,2020,"63,875 mi.",Hybrid,8-Speed A/T,395.0HP 5.7L 8 Cylinder Engine Gasoline/Mild Electric Hybrid,At least 1 accident or damage reported
Ford,"$29,999",Maverick XL,2023,"12,500 mi.",Hybrid,A/T,191.0HP 2.5L 4 Cylinder Engine Gas/Electric Hybrid,None reported
BMW,"$10,500",Z3 3.0i Roadster,2001,"103,990 mi.",Gasoline,5-Speed M/T,225.0HP 3.0L Straight 6 Cylinder Engine Gasoline Fuel,None reported
Chevrolet,"$50,000",Camaro 1SS,2022,"7,000 mi.",Gasoline,6-Speed M/T,455.0HP 6.2L 8 Cylinder Engine Gasoline Fuel,None reported
Chevrolet,"$92,000",Corvette Stingray w/3LT,2023,"9,000 mi.",Gasoline,8-Speed A/T,490.0HP 6.2L 8 Cylinder Engine Gasoline Fuel,None reported
Pontiac,"$19,000",Solstice GXP,2007,"7,800 mi.",Gasoline,5-Speed A/T,260.0HP 2.0L 4 Cylinder Engine Gasoline Fuel,None reported
Cadillac,"$20,997",XTS Luxury,2017,"69,289 mi.",Gasoline,6-Speed A/T,304.0HP 3.6L V6 Cylinder Engine Gasoline Fuel,At least 1 accident or damage reported
Toyota,"$16,600",Highlander Limited,2011,"106,000 mi.",Gasoline,5-Speed A/T,270.0HP 3.5L V6 Cylinder Engine Gasoline Fuel,At least 1 accident or damage reported
Lincoln,"$55,999",Navigator Reserve,2020,"68,000 mi.",Gasoline,10-Speed A/T,450.0HP 3.5L V6 Cylinder Engine Gasoline Fuel,At least 1 accident or damage reported
Toyota,"$43,000",Highlander Hybrid Limited Platinum,2019,"13,828 mi.",Hybrid,CVT Transmission,306.0HP 3.5L V6 Cylinder Engine Gas/Electric Hybrid,None reported
Audi,"$26,999",A3 2.0T Tech Premium,2018,"39,600 mi.",Gasoline,Transmission w/Dual Shift Mode,220.0HP 2.0L 4 Cylinder Engine Gasoline Fuel,None reported
Jeep,"$12,500",Wrangler SE,2003,"92,000 mi.",Gasoline,M/T,150.0HP 2.4L 4 Cylinder Engine Gasoline Fuel,None reported
Toyota,"$36,500",Tacoma SR,2022,"5,020 mi.",Gasoline,A/T,278.0HP 3.5L V6 Cylinder Engine Gasoline Fuel,None reported
Chevrolet,"$15,000",Trailblazer SS,2007,"107,800 mi.",Gasoline,A/T,395.0HP 6.0L 8 Cylinder Engine Gasoline Fuel,At least 1 accident or damage reported
Audi,"$34,995",A5 2.0T Premium Plus,2019,"23,827 mi.",Gasoline,7-Speed A/T,248.0HP 2.0L 4 Cylinder Engine Gasoline Fuel,None reported
Audi,"$39,900",A6 55 Premium,2020,"25,300 mi.",Hybrid,7-Speed A/T,335.0HP 3.0L V6 Cylinder Engine Gasoline/Mild Electric Hybrid,None reported
Mercedes-Benz,"$24,500",Sprinter 2500,2016,"399,000 mi.",Diesel,5-Speed A/T,188.0HP 3.0L V6 Cylinder Engine Diesel Fuel,At least 1 accident or damage reported
Porsche,"$49,999",911 Carrera,2005,"46,200 mi.",Gasoline,6-Speed M/T,325.0HP 3.6L Flat 6 Cylinder Engine Gasoline Fuel,None reported
Chevrolet,"$85,989",Corvette Stingray w/2LT,2022,"3,158 mi.",Gasoline,8-Speed A/T,490.0HP 6.2L 8 Cylinder Engine Gasoline Fuel,None reported
GMC,"$30,900",Acadia SLE,2021,"26,000 mi.",Gasoline,A/T,228.0HP 2.0L 4 Cylinder Engine Gasoline Fuel,None reported
Porsche,"$107,900",911 Carrera,2020,"12,758 mi.",Gasoline,8-Speed A/T,379.0HP 3.0L Flat 6 Cylinder Engine Gasoline Fuel,None reported
Chevrolet,"$27,000",Corvette Base,2007,"123,500 mi.",Gasoline,Transmission w/Dual Shift Mode,400.0HP 6.0L 8 Cylinder Engine Gasoline Fuel,At least 1 accident or damage reported
Ford,"$42,500",Mustang GT Premium,2018,"26,840 mi.",Gasoline,6-Speed M/T,460.0HP 5.0L 8 Cylinder Engine Gasoline Fuel,None reported
Ford,"$31,933",Edge SEL,2021,"17,836 mi.",Gasoline,8-Speed Automatic,2.0L I4 16V GDI DOHC Turbo,None reported
Cadillac,"$16,100",Escalade Luxury,2012,"114,500 mi.",E85 Flex Fuel,A/T,403.0HP 6.2L 8 Cylinder Engine Flex Fuel Capability,None reported
Chevrolet,"$89,900",Corvette Stingray w/3LT,2022,"5,400 mi.",Gasoline,8-Speed A/T,490.0HP 6.2L 8 Cylinder Engine Gasoline Fuel,None reported
Toyota,"$15,100",Corolla LE,2016,"17,500 mi.",Gasoline,A/T,132.0HP 1.8L 4 Cylinder Engine Gasoline Fuel,None reported
Chevrolet,"$44,600",Express 2500 Work Van,2017,"56,000 mi.",Gasoline,A/T,285.0HP 4.8L 8 Cylinder Engine Gasoline Fuel,None reported
Chevrolet,"$19,000",Trax LS,2020,"20,800 mi.",Gasoline,6-Speed A/T,138.0HP 1.4L 4 Cylinder Engine Gasoline Fuel,None reported
Volkswagen,"$13,200",Golf Auto TSI S,2015,"107,543 mi.",Gasoline,Transmission w/Dual Shift Mode,170.0HP 1.8L 4 Cylinder Engine Gasoline Fuel,None reported
Nissan,"$5,000",Pathfinder Silver,2012,"206,000 mi.",Gasoline,Transmission w/Dual Shift Mode,266.0HP 4.0L V6 Cylinder Engine Gasoline Fuel,None reported
Ford,"$46,000",F-150 Platinum,2018,"37,100 mi.",E85 Flex Fuel,10-Speed A/T,395.0HP 5.0L 8 Cylinder Engine Flex Fuel Capability,None reported
Land,"$51,900",Rover Range Rover Velar P380 SE R-Dynamic,2019,"19,813 mi.",Gasoline,8-Speed A/T,380.0HP 3.0L V6 Cylinder Engine Gasoline Fuel,None reported
Kia,"$3,500",Sportage LX,2010,"208,321 mi.",Gasoline,A/T,173.0HP 2.7L V6 Cylinder Engine Gasoline Fuel,None reported
Lexus,"$9,995",LS 460 Base,2012,"200,000 mi.",Gasoline,Transmission w/Dual Shift Mode,380.0HP 4.6L 8 Cylinder Engine Gasoline Fuel,At least 1 accident or damage reported
MINI,"$10,999",Cooper S Base,2012,"66,000 mi.",Gasoline,6-Speed A/T,181.0HP 1.6L 4 Cylinder Engine Gasoline Fuel,None reported
Bentley,"$113,000",Bentayga Activity Edition,2018,"41,000 mi.",Gasoline,8-Speed A/T,600.0HP 6.0L 12 Cylinder Engine Gasoline Fuel,None reported
Volvo,"$36,800",XC60 T6 Inscription,2019,"20,623 mi.",Gasoline,A/T,330.0HP 2.0L 4 Cylinder Engine Gasoline Fuel,None reported
Ford,"$26,900",Explorer Limited,2018,"86,000 mi.",Gasoline,Transmission w/Dual Shift Mode,290.0HP 3.5L V6 Cylinder Engine Gasoline Fuel,None reported
Porsche,"$209,995",Cayenne Turbo GT,2022,"1,766 mi.",Gasoline,Automatic,4.0L,None reported
Mercedes-Benz,"$73,000",G-Class G 550 4MATIC,2016,"51,354 mi.",Gasoline,7-Speed A/T,416.0HP 4.0L 8 Cylinder Engine Gasoline Fuel,None reported
Jeep,"$72,980",Wrangler Unlimited Rubicon 392,2021,"38,000 mi.",Gasoline,Transmission w/Dual Shift Mode,470.0HP 6.4L 8 Cylinder Engine Gasoline Fuel,None reported
Toyota,"$11,500",Avalon Hybrid XLE Premium,2015,"161,000 mi.",Hybrid,CVT Transmission,200.0HP 2.5L 4 Cylinder Engine Gas/Electric Hybrid,None reported
Nissan,"$12,500",Juke SL,2012,"74,750 mi.",Gasoline,CVT Transmission,188.0HP 1.6L 4 Cylinder Engine Gasoline Fuel,None reported
Porsche,"$59,500",911 Carrera 4,2013,"67,522 mi.",Gasoline,7-Speed A/T,350.0HP 3.4L Flat 6 Cylinder Engine Gasoline Fuel,At least 1 accident or damage reported
MINI,"$9,000",Cooper S Base,2012,"152,000 mi.",Gasoline,6-Speed A/T,181.0HP 1.6L 4 Cylinder Engine Gasoline Fuel,None reported
Subaru,"$23,900",Ascent Touring 7-Passenger,2019,"71,273 mi.",Gasoline,CVT Transmission,260.0HP 2.4L 4 Cylinder Engine Gasoline Fuel,None reported
Subaru,"$32,500",WRX STI Base,2017,"37,800 mi.",Gasoline,6-Speed M/T,305.0HP 2.5L 4 Cylinder Engine Gasoline Fuel,None reported
Land,"$48,990",Rover Range Rover Sport HSE,2019,"42,000 mi.",Gasoline,Transmission w/Dual Shift Mode,340.0HP 3.0L V6 Cylinder Engine Gasoline Fuel,None reported
Kia,"$44,990",Sorento Plug-In Hybrid SX Prestige,2022,"10,101 mi.",Plug-In Hybrid,6-Speed A/T,261.0HP 1.6L 4 Cylinder Engine Plug-In Electric/Gas,None reported
Chevrolet,"$92,500",Corvette Stingray w/2LT,2022,"7,900 mi.",Gasoline,8-Speed A/T,490.0HP 6.2L 8 Cylinder Engine Gasoline Fuel,None reported
Tesla,"$45,999",Model 3 Performance,2020,"45,468 mi.",,1-Speed A/T,455.0HP Electric Motor Electric Fuel System,None reported
Nissan,"$16,995",Armada SV,2017,"187,141 mi.",Gasoline,A/T,390.0HP 5.6L 8 Cylinder Engine Gasoline Fuel,None reported
Porsche,"$32,000",Cayenne Turbo S,2014,"99,100 mi.",Gasoline,8-Speed A/T,550.0HP 4.8L 8 Cylinder Engine Gasoline Fuel,None reported
Subaru,"$34,000",Outback Touring XT,2021,"33,500 mi.",Gasoline,CVT Transmission,260.0HP 2.4L 4 Cylinder Engine Gasoline Fuel,None reported
Acura,"$15,450",RLX Advance Package,2016,"102,665 mi.",Gasoline,6-Speed A/T,310.0HP 3.5L V6 Cylinder Engine Gasoline Fuel,None reported
Ford,"$16,995",Mustang GT,2001,"52,675 mi.",Gasoline,5-Speed M/T,260.0HP 4.6L 8 Cylinder Engine Gasoline Fuel,None reported
BMW,"$23,000",330 i xDrive,2017,"59,203 mi.",Gasoline,A/T,248.0HP 2.0L 4 Cylinder Engine Gasoline Fuel,None reported
Mercedes-Benz,"$27,000",SL-Class SL550 Roadster,2009,"60,100 mi.",Gasoline,7-Speed A/T,382.0HP 5.5L 8 Cylinder Engine Gasoline Fuel,None reported
Audi,"$76,400",SQ8 4.0T Premium Plus,2021,"43,238 mi.",Gasoline,Transmission w/Dual Shift Mode,500.0HP 4.0L 8 Cylinder Engine Gasoline Fuel,None reported
MINI,"$3,600",Cooper S Base,2007,"118,000 mi.",Gasoline,A/T,172.0HP 1.6L 4 Cylinder Engine Gasoline Fuel,None reported
Ford,"$31,000",Mustang EcoBoost,2021,"17,300 mi.",Gasoline,10-Speed A/T,310.0HP 2.3L 4 Cylinder Engine Gasoline Fuel,None reported
Audi,"$50,000",RS 7 4.0T Prestige,2016,"64,800 mi.",Gasoline,8-Speed A/T,560.0HP 4.0L 8 Cylinder Engine Gasoline Fuel,None reported
Mercedes-Benz,"$46,798",GLC 300 GLC 300,2022,"1,408 mi.",Gasoline,Automatic,2.0 Liter Turbo,None reported
Volkswagen,"$35,000",Touareg TDI Lux,2015,"15,167 mi.",Diesel,8-Speed A/T,240.0HP 3.0L V6 Cylinder Engine Diesel Fuel,None reported
Porsche,"$41,000",Cayenne GTS,2016,"64,600 mi.",Gasoline,8-Speed A/T,440.0HP 3.6L V6 Cylinder Engine Gasoline Fuel,None reported
Jeep,"$83,000",Grand Wagoneer Series III,2022,"31,112 mi.",Gasoline,8-Speed A/T,471.0HP 6.4L 8 Cylinder Engine Gasoline Fuel,None reported
Tesla,"$57,000",Model X 100D,2018,"23,250 mi.",,1-Speed A/T,518.0HP Electric Motor Electric Fuel System,None reported
MINI,"$10,500",Cooper S Base,2011,"63,500 mi.",Gasoline,6-Speed M/T,181.0HP 1.6L 4 Cylinder Engine Gasoline Fuel,None reported
RAM,"$46,999",1500 Laramie,2022,"13,464 mi.",Gasoline,8-Speed Automatic,5.7L V8 16V MPFI OHV,None reported
Chevrolet,"$7,500",Camaro Base,2001,"64,776 mi.",Gasoline,A/T,200.0HP 3.8L V6 Cylinder Engine Gasoline Fuel,None reported
Jeep,"$33,498",Cherokee X,2022,"9,601 mi.",Gasoline,Automatic,3.2L V6 24V MPFI DOHC,None reported
BMW,"$14,000",ALPINA B7 xDrive,2013,"135,000 mi.",Gasoline,A/T,445.0HP 4.4L 8 Cylinder Engine Gasoline Fuel,At least 1 accident or damage reported
Volvo,"$7,500",XC90 3.2 Premier Plus,2013,"208,864 mi.",Gasoline,6-Speed A/T,240.0HP 3.2L Straight 6 Cylinder Engine Gasoline Fuel,At least 1 accident or damage reported
INFINITI,"$21,500",Q50 3.0T Premium,2016,"49,872 mi.",Gasoline,7-Speed A/T,300.0HP 3.0L V6 Cylinder Engine Gasoline Fuel,At least 1 accident or damage reported
MINI,"$9,250",Cooper Base,2009,"90,367 mi.",Gasoline,6-Speed M/T,118.0HP 1.6L 4 Cylinder Engine Gasoline Fuel,None reported
Porsche,"$82,499",911 Carrera 4S,2014,"36,670 mi.",Gasoline,Transmission w/Dual Shift Mode,400.0HP 3.8L Flat 6 Cylinder Engine Gasoline Fuel,None reported
Jeep,"$84,620",Grand Wagoneer Base,2023,"3,752 mi.",Gasoline,8-Speed Automatic,6.4L V8 16V MPFI OHV,None reported
Lexus,"$44,950",RX 350 Base,2021,"30,761 mi.",Gasoline,8-Speed Automatic,3.5L V6 24V PDI DOHC,None reported
RAM,"$46,599",1500 Laramie,2022,"13,438 mi.",Gasoline,8-Speed Automatic,5.7L V8 16V MPFI OHV,None reported
Jeep,"$49,895",Gladiator Overland,2020,"9,100 mi.",Gasoline,8-Speed A/T,285.0HP 3.6L V6 Cylinder Engine Gasoline Fuel,None reported
Chrysler,"$10,000",200 Limited,2017,"100,600 mi.",–,A/T,–,None reported
Ford,"$4,500",Fusion Hybrid Base,2011,"223,824 mi.",Hybrid,A/T,156.0HP 2.5L 4 Cylinder Engine Gas/Electric Hybrid,At least 1 accident or damage reported
Audi,"$21,990",A6 2.0T Premium Plus,2016,"96,000 mi.",Gasoline,8-Speed A/T,252.0HP 2.0L 4 Cylinder Engine Gasoline Fuel,None reported
Chevrolet,"$10,500",Silverado 1500 Z71 Extended Cab,2004,"185,000 mi.",Gasoline,4-Speed A/T,295.0HP 5.3L 8 Cylinder Engine Gasoline Fuel,At least 1 accident or damage reported
Porsche,"$79,999",Taycan Base,2021,"6,900 mi.",,2-Speed A/T,375.0HP Electric Motor Electric Fuel System,None reported
Honda,"$18,500",Accord Hybrid Touring,2017,"96,400 mi.",Hybrid,CVT Transmission,212.0HP 2.0L 4 Cylinder Engine Gas/Electric Hybrid,At least 1 accident or damage reported
RAM,"$36,500",2500 SLT,2018,"67,865 mi.",Gasoline,6-Speed A/T,410.0HP 6.4L 8 Cylinder Engine Gasoline Fuel,None reported
Land,"$44,850",Rover Range Rover Sport Supercharged,2015,"64,300 mi.",E85 Flex Fuel,Transmission w/Dual Shift Mode,550.0HP 5.0L 8 Cylinder Engine Flex Fuel Capability,None reported
Chevrolet,"$33,500",Colorado ZR2,2018,"76,500 mi.",Gasoline,8-Speed A/T,308.0HP 3.6L V6 Cylinder Engine Gasoline Fuel,None reported
GMC,"$53,000",Sierra 2500 Denali,2017,"96,343 mi.",Diesel,6-Speed A/T,445.0HP 6.6L 8 Cylinder Engine Diesel Fuel,At least 1 accident or damage reported
Subaru,"$24,000",Crosstrek 2.0i Limited,2018,"74,600 mi.",Gasoline,Transmission w/Dual Shift Mode,152.0HP 2.0L 4 Cylinder Engine Gasoline Fuel,None reported
Subaru,"$9,995",Outback 2.5i Limited,2014,"157,530 mi.",Gasoline,Automatic CVT,2.5L H4 16V MPFI DOHC,At least 1 accident or damage reported
Tesla,"$95,999",Model X Plaid,2022,"15,000 mi.",,A/T,1020.0HP Electric Motor Electric Fuel System,None reported
Jeep,"$30,000",Wrangler Unlimited Rubicon,2012,"80,000 mi.",Gasoline,A/T,285.0HP 3.6L V6 Cylinder Engine Gasoline Fuel,None reported
Tesla,"$45,000",Model S 100D,2018,"83,424 mi.",,1-Speed A/T,518.0HP Electric Motor Electric Fuel System,None reported
Mercedes-Benz,"$37,999",C-Class C 300 4MATIC,2021,"19,000 mi.",Gasoline,A/T,255.0HP 2.0L 4 Cylinder Engine Gasoline Fuel,None reported
Porsche,"$67,000",911 Carrera S,2013,"64,000 mi.",Gasoline,7-Speed A/T,400.0HP 3.8L Flat 6 Cylinder Engine Gasoline Fuel,At least 1 accident or damage reported
Mercedes-Benz,"$46,900",GLS 450 Base 4MATIC,2019,"34,068 mi.",Gasoline,9-Speed A/T,362.0HP 3.0L V6 Cylinder Engine Gasoline Fuel,None reported
Buick,"$33,295",Envision Preferred,2021,"20,104 mi.",Gasoline,9-Speed Automatic,2.0L I4 16V GDI DOHC Turbo,None reported
Nissan,"$59,950",Armada Platinum,2022,"8,400 mi.",Gasoline,7-Speed A/T,400.0HP 5.6L 8 Cylinder Engine Gasoline Fuel,None reported
Porsche,"$209,000",911 Turbo,2021,"11,938 mi.",Gasoline,Transmission w/Dual Shift Mode,572.0HP 3.8L Flat 6 Cylinder Engine Gasoline Fuel,
Chevrolet,"$72,500",Corvette Stingray w/2LT,2021,"24,670 mi.",Gasoline,Transmission w/Dual Shift Mode,490.0HP 6.2L 8 Cylinder Engine Gasoline Fuel,None reported
Ford,"$66,400",Mustang Shelby GT500,2013,"16,478 mi.",Gasoline,6-Speed M/T,650.0HP 5.8L 8 Cylinder Engine Gasoline Fuel,None reported
Ford,"$35,000",F-150 XL,2018,"52,500 mi.",E85 Flex Fuel,A/T,395.0HP 5.0L 8 Cylinder Engine Flex Fuel Capability,None reported
Porsche,"$12,000",Cayenne Turbo,2004,"92,500 mi.",Gasoline,Transmission w/Dual Shift Mode,450.0HP 4.5L 8 Cylinder Engine Gasoline Fuel,None reported
Mitsubishi,"$10,000",Eclipse Spyder GT,2008,"62,930 mi.",Gasoline,A/T,260.0HP 3.8L V6 Cylinder Engine Gasoline Fuel,At least 1 accident or damage reported
Lexus,"$19,975",GX 470 Base,2007,"116,600 mi.",Gasoline,5-Speed A/T,263.0HP 4.7L 8 Cylinder Engine Gasoline Fuel,None reported
Dodge,"$7,500",Dakota Big Horn/Lone Star,2010,"172,024 mi.",Gasoline,4-Speed A/T,210.0HP 3.7L V6 Cylinder Engine Gasoline Fuel,At least 1 accident or damage reported
Jeep,"$22,500",Wrangler Sport,2012,"57,237 mi.",Gasoline,A/T,285.0HP 3.6L V6 Cylinder Engine Gasoline Fuel,None reported
Subaru,"$28,300",Outback Limited,2020,"44,600 mi.",Gasoline,CVT Transmission,182.0HP 2.5L 4 Cylinder Engine Gasoline Fuel,None reported
Jeep,"$21,000",Wrangler Unlimited Rubicon,2013,"181,830 mi.",Gasoline,6-Speed M/T,285.0HP 3.6L V6 Cylinder Engine Gasoline Fuel,None reported
Subaru,"$36,791",Ascent Touring 7-Passenger,2021,"39,948 mi.",Gasoline,Automatic CVT,2.4L H4 16V GDI DOHC Turbo,None reported
Ford,"$40,000",F-350 XL,2017,"156,453 mi.",Diesel,6-Speed A/T,440.0HP 6.7L 8 Cylinder Engine Diesel Fuel,None reported
Porsche,"$36,000",Cayenne Turbo S,2014,"156,193 mi.",Gasoline,8-Speed A/T,550.0HP 4.8L 8 Cylinder Engine Gasoline Fuel,None reported
BMW,"$29,000",X1 xDrive28i,2020,"27,989 mi.",Gasoline,A/T,228.0HP 2.0L 4 Cylinder Engine Gasoline Fuel,None reported
Toyota,"$24,999",4Runner Limited,2014,"146,700 mi.",Gasoline,5-Speed A/T,270.0HP 4.0L V6 Cylinder Engine Gasoline Fuel,At least 1 accident or damage reported
GMC,"$42,900",Yukon Denali,2019,"88,450 mi.",Gasoline,10-Speed A/T,420.0HP 6.2L 8 Cylinder Engine Gasoline Fuel,At least 1 accident or damage reported
Toyota,"$27,671",C-HR LE,2020,"14,065 mi.",Gasoline,Automatic CVT,2.0L I4 16V MPFI DOHC,At least 1 accident or damage reported
Subaru,"$30,427",Outback Limited XT,2020,"36,844 mi.",Gasoline,Automatic CVT,2.4L H4 16V GDI DOHC Turbo,At least 1 accident or damage reported
Chevrolet,"$44,900",Silverado 1500 LT Trail Boss,2020,"49,000 mi.",Gasoline,A/T,355.0HP 5.3L 8 Cylinder Engine Gasoline Fuel,None reported
BMW,"$17,900",X5 xDrive50i,2013,"58,000 mi.",Gasoline,8-Speed A/T,400.0HP 4.4L 8 Cylinder Engine Gasoline Fuel,None reported
Audi,"$52,000",A6 55 Prestige,2021,"22,800 mi.",Hybrid,A/T,335.0HP 3.0L V6 Cylinder Engine Gasoline/Mild Electric Hybrid,None reported
Subaru,"$14,750",Outback 2.5i Limited,2014,"78,007 mi.",Gasoline,A/T,173.0HP 2.5L 4 Cylinder Engine Gasoline Fuel,None reported
Ford,"$69,900",F-250 King Ranch,2020,"36,500 mi.",Diesel,10-Speed A/T,475.0HP 6.7L 8 Cylinder Engine Diesel Fuel,None reported
Honda,"$3,990",CR-V EX,2004,"156,350 mi.",Gasoline,A/T,160.0HP 2.4L 4 Cylinder Engine Gasoline Fuel,At least 1 accident or damage reported
Lexus,"$59,000",GX 460 Luxury,2021,"17,710 mi.",Gasoline,A/T,301.0HP 4.6L 8 Cylinder Engine Gasoline Fuel,None reported
Ford,"$7,850",Explorer XLT,2013,"149,000 mi.",Gasoline,A/T,290.0HP 3.5L V6 Cylinder Engine Gasoline Fuel,At least 1 accident or damage reported
Subaru,"$16,000",Forester 2.5i Limited,2015,"90,000 mi.",Gasoline,CVT Transmission,170.0HP 2.5L 4 Cylinder Engine Gasoline Fuel,None reported
Ford,"$64,500",Bronco Wildtrak Advanced,2022,"9,990 mi.",Gasoline,Transmission w/Dual Shift Mode,315.0HP 2.7L V6 Cylinder Engine Gasoline Fuel,None reported
Mercedes-Benz,"$29,500",A-Class A 220 4MATIC,2019,"28,663 mi.",Gasoline,7-Speed Automatic with Auto-Shift,2.0L I4 16V GDI DOHC Turbo,None reported
Lexus,"$17,900",NX 200t Base,2015,"124,250 mi.",Gasoline,A/T,235.0HP 2.0L 4 Cylinder Engine Gasoline Fuel,At least 1 accident or damage reported
Ford,"$61,000",F-250 Lariat,2017,"50,780 mi.",Diesel,6-Speed A/T,440.0HP 6.7L 8 Cylinder Engine Diesel Fuel,None reported
Porsche,"$43,000",911 Carrera C4S,2006,"65,000 mi.",Gasoline,6-Speed M/T,355.0HP 3.8L Flat 6 Cylinder Engine Gasoline Fuel,
Tesla,"$40,036",Model 3 Long Range,2022,"22,457 mi.",,Automatic,Electric,None reported
Toyota,"$38,298",Camry XSE,2022,"19,361 mi.",Gasoline,Automatic,3.5 Liter,None reported
BMW,"$16,500",i3 94 Ah,2017,"43,000 mi.",,1-Speed A/T,170.0HP 0.65L Electric Motor Electric Fuel System,None reported
Ford,"$21,900",F-250 XL SuperCab H/D,1993,"115,000 mi.",–,A/T,–,None reported
Porsche,"$115,998",Taycan Turbo,2020,"2,076 mi.",,Automatic,Electric,None reported
Porsche,"$188,900",911 GT3,2018,"9,712 mi.",Gasoline,7-Speed Automatic with Auto-Shift,4.0L H6 24V GDI DOHC,None reported
Mercedes-Benz,"$16,500",E-Class E55 AMG,2005,"131,000 mi.",Gasoline,5-Speed A/T,469.0HP 5.4L 8 Cylinder Engine Gasoline Fuel,None reported
Toyota,"$43,000",Highlander XLE,2022,"31,000 mi.",Gasoline,Transmission w/Dual Shift Mode,295.0HP 3.5L V6 Cylinder Engine Gasoline Fuel,None reported
Volvo,"$44,900",S60 Recharge Plug-In Hybrid T8 Inscription,2021,"24,158 mi.",Plug-In Hybrid,8-Speed A/T,400.0HP 2.0L 4 Cylinder Engine Plug-In Electric/Gas,None reported
Audi,"$22,000",A6 3.0T Premium Plus,2016,"72,865 mi.",Gasoline,A/T,333.0HP 3.0L V6 Cylinder Engine Gasoline Fuel,At least 1 accident or damage reported
Mercedes-Benz,"$18,995",E-Class E 350 4MATIC,2014,"89,563 mi.",Gasoline,7-Speed A/T,302.0HP 3.5L V6 Cylinder Engine Gasoline Fuel,None reported
Nissan,"$15,000",Juke SL,2012,"72,639 mi.",Gasoline,CVT Transmission,188.0HP 1.6L 4 Cylinder Engine Gasoline Fuel,At least 1 accident or damage reported
Mercedes-Benz,"$19,999",CLS-Class CLS 550,2012,"79,000 mi.",Gasoline,7-Speed A/T,402.0HP 4.6L 8 Cylinder Engine Gasoline Fuel,None reported
Audi,"$11,200",A3 2.0T Premium,2012,"111,564 mi.",Gasoline,6-Speed A/T,200.0HP 2.0L 4 Cylinder Engine Gasoline Fuel,None reported
Lexus,"$38,095",GX 460 Base,2018,"75,000 mi.",Gasoline,6-Speed A/T,301.0HP 4.6L 8 Cylinder Engine Gasoline Fuel,At least 1 accident or damage reported
Ford,"$5,900",Mustang Premium,2007,"169,613 mi.",Gasoline,A/T,210.0HP 4.0L V6 Cylinder Engine Gasoline Fuel,At least 1 accident or damage reported
Honda,"$9,000",Pilot EX-L,2011,"175,000 mi.",Gasoline,5-Speed A/T,250.0HP 3.5L V6 Cylinder Engine Gasoline Fuel,None reported
BMW,"$24,500",540 i,2017,"98,500 mi.",Gasoline,8-Speed A/T,335.0HP 3.0L Straight 6 Cylinder Engine Gasoline Fuel,None reported
Chrysler,"$13,750",300 S,2012,"53,000 mi.",Gasoline,Transmission w/Dual Shift Mode,292.0HP 3.6L V6 Cylinder Engine Gasoline Fuel,At least 1 accident or damage reported
RAM,"$52,500",2500 Longhorn,2015,"72,200 mi.",Diesel,6-Speed A/T,370.0HP 6.7L Straight 6 Cylinder Engine Diesel Fuel,None reported
Acura,"$7,899",TSX Base,2005,"151,600 mi.",Gasoline,6-Speed M/T,200.0HP 2.4L 4 Cylinder Engine Gasoline Fuel,None reported
Lotus,"$51,000",Evora 2+2,2011,"20,000 mi.",Gasoline,6-Speed M/T,276.0HP 3.5L V6 Cylinder Engine Gasoline Fuel,None reported
Chevrolet,"$9,000",Avalanche 1500 LT,2010,"170,000 mi.",E85 Flex Fuel,A/T,320.0HP 5.3L 8 Cylinder Engine Flex Fuel Capability,At least 1 accident or damage reported
Ford,"$34,600",F-150 XLT,2019,"69,800 mi.",E85 Flex Fuel,10-Speed A/T,395.0HP 5.0L 8 Cylinder Engine Flex Fuel Capability,None reported
Toyota,"$46,199",Tundra SR5,2020,"26,300 mi.",Gasoline,6-Speed A/T,381.0HP 5.7L 8 Cylinder Engine Gasoline Fuel,At least 1 accident or damage reported
Honda,"$5,200",Fit Sport,2007,"156,111 mi.",Gasoline,Transmission w/Dual Shift Mode,109.0HP 1.5L 4 Cylinder Engine Gasoline Fuel,At least 1 accident or damage reported
Chevrolet,"$32,500",Silverado 2500 LTZ,2016,"172,600 mi.",Diesel,A/T,397.0HP 6.6L 8 Cylinder Engine Diesel Fuel,At least 1 accident or damage reported
Honda,"$9,000",Accord Crosstour EX-L,2010,"145,000 mi.",Gasoline,A/T,271.0HP 3.5L V6 Cylinder Engine Gasoline Fuel,None reported
Ford,"$7,500",F-250 XLT Super Duty,2001,"64,309 mi.",Gasoline,A/T,260.0HP 5.4L 8 Cylinder Engine Gasoline Fuel,None reported
RAM,"$90,000",1500 TRX,2021,"15,183 mi.",Gasoline,8-Speed A/T,702.0HP 6.2L 8 Cylinder Engine Gasoline Fuel,None reported
Buick,"$32,063",Envision Essence,2020,"28,548 mi.",Gasoline,6-Speed Automatic,2.5L I4 16V GDI DOHC,None reported
Volkswagen,"$46,900",Atlas 3.6L SEL Premium R-Line,2022,"14,000 mi.",Gasoline,8-Speed A/T,276.0HP 3.6L V6 Cylinder Engine Gasoline Fuel,None reported
Mercedes-Benz,"$44,500",CLS 450 Base,2019,"67,000 mi.",Hybrid,Transmission w/Dual Shift Mode,369.0HP 3.0L Straight 6 Cylinder Engine Gasoline/Mild Electric Hybrid,None reported
Jeep,"$23,500",Wrangler Unlimited Sport,2017,"84,786 mi.",Gasoline,5-Speed A/T,285.0HP 3.6L V6 Cylinder Engine Gasoline Fuel,None reported
Mercedes-Benz,"$17,800",S-Class S 63 AMG,2008,"93,000 mi.",Gasoline,A/T,518.0HP 6.2L 8 Cylinder Engine Gasoline Fuel,None reported
Hyundai,"$6,000",Genesis Coupe 3.8 Track,2010,"127,500 mi.",Gasoline,6-Speed M/T,306.0HP 3.8L V6 Cylinder Engine Gasoline Fuel,At least 1 accident or damage reported
Ford,"$60,999",Mustang Mach-E GT,2022,"8,000 mi.",,1-Speed A/T,480.0HP Electric Motor Electric Fuel System,None reported
GMC,"$32,900",Canyon Elevation Standard,2022,"16,500 mi.",Gasoline,8-Speed A/T,308.0HP 3.6L V6 Cylinder Engine Gasoline Fuel,None reported
Jaguar,"$27,200",XK Base,2013,"55,700 mi.",Gasoline,6-Speed A/T,385.0HP 5.0L 8 Cylinder Engine Gasoline Fuel,None reported
Ford,"$76,598",F-250 LARIAT,2021,"42,245 mi.",Diesel,Automatic,Intercooled Turbo Diesel V-8 6.7 L/406,None reported
Toyota,"$12,000",RAV4 Base,2009,"78,500 mi.",Gasoline,4-Speed A/T,179.0HP 2.5L 4 Cylinder Engine Gasoline Fuel,None reported
Ford,"$51,499",Expedition Platinum,2018,"48,619 mi.",Gasoline,10-Speed A/T,400.0HP 3.5L V6 Cylinder Engine Gasoline Fuel,None reported
Jeep,"$42,700",Wrangler Unlimited 4xe Sahara,2021,"51,105 mi.",Hybrid,8-Speed Automatic,2.0L I4 16V GDI DOHC Turbo Hybrid,None reported
Ford,"$25,500",F-150 XLT,2016,"25,880 mi.",E85 Flex Fuel,6-Speed A/T,282.0HP 3.5L V6 Cylinder Engine Flex Fuel Capability,None reported
Tesla,"$69,995",Model S Plaid,2021,"20,100 mi.",,A/T,1020.0HP Electric Motor Electric Fuel System,None reported
Toyota,"$34,955",Tacoma SR5,2018,"25,083 mi.",Gasoline,6-Speed Automatic,3.5L V6 24V PDI DOHC,At least 1 accident or damage reported
Audi,"$9,995",TT Roadster quattro,2002,"69,300 mi.",Gasoline,6-Speed M/T,225.0HP 1.8L 4 Cylinder Engine Gasoline Fuel,At least 1 accident or damage reported
Toyota,"$40,000",Highlander Hybrid Limited Platinum,2019,"46,000 mi.",Hybrid,CVT Transmission,306.0HP 3.5L V6 Cylinder Engine Gas/Electric Hybrid,None reported
Jeep,"$6,500",Liberty Sport,2008,"141,485 mi.",Gasoline,A/T,210.0HP 3.7L V6 Cylinder Engine Gasoline Fuel,At least 1 accident or damage reported
Toyota,"$48,000",Sequoia Limited,2018,"63,990 mi.",Gasoline,6-Speed A/T,381.0HP 5.7L 8 Cylinder Engine Gasoline Fuel,At least 1 accident or damage reported
Ford,"$58,000",Transit-350 Base,2020,"19,400 mi.",Gasoline,A/T,310.0HP 3.5L V6 Cylinder Engine Gasoline Fuel,None reported
Subaru,"$13,490",BRZ Limited,2013,"129,858 mi.",Gasoline,6-Speed A/T,200.0HP 2.0L 4 Cylinder Engine Gasoline Fuel,At least 1 accident or damage reported
Volvo,"$10,800",XC60 3.2,2012,"102,000 mi.",Gasoline,6-Speed A/T,240.0HP 3.2L Straight 6 Cylinder Engine Gasoline Fuel,None reported
Subaru,"$39,900",Impreza WRX Sti Special Edition,2010,"8,700 mi.",Gasoline,6-Speed M/T,305.0HP 2.5L 4 Cylinder Engine Gasoline Fuel,None reported
Chevrolet,"$17,500",Bolt EV LT,2018,"49,279 mi.",,1-Speed A/T,200.0HP Electric Motor Electric Fuel System,None reported
Chevrolet,"$6,500",Monte Carlo Supercharged SS,2004,"148,800 mi.",Gasoline,A/T,240.0HP 3.8L V6 Cylinder Engine Gasoline Fuel,None reported
Cadillac,"$12,900",Escalade Platinum Edition,2012,"160,249 mi.",E85 Flex Fuel,A/T,403.0HP 6.2L 8 Cylinder Engine Flex Fuel Capability,None reported
Chrysler,"$6,000",300M Base,2004,"45,000 mi.",Gasoline,A/T,250.0HP 3.5L V6 Cylinder Engine Gasoline Fuel,None reported
Chevrolet,"$19,500",Silverado 2500 LT H/D Extended Cab,2006,"169,000 mi.",Diesel,6-Speed A/T,360.0HP 6.6L 8 Cylinder Engine Diesel Fuel,None reported
Mercedes-Benz,"$56,000",AMG C 63 S,2017,"46,000 mi.",Gasoline,7-Speed A/T,503.0HP 4.0L 8 Cylinder Engine Gasoline Fuel,None reported
Ferrari,"$315,000",488 Spider Base,2019,"13,900 mi.",Gasoline,Transmission w/Dual Shift Mode,660.0HP 3.9L 8 Cylinder Engine Gasoline Fuel,None reported
Acura,"$21,900",TLX V6 Tech,2015,"38,000 mi.",Gasoline,9-Speed A/T,290.0HP 3.5L V6 Cylinder Engine Gasoline Fuel,None reported
Chevrolet,"$42,000",Corvette Z06,2006,"42,000 mi.",Gasoline,6-Speed M/T,505.0HP 7.0L 8 Cylinder Engine Gasoline Fuel,None reported
Lexus,"$50,999",NX 350h Premium,2024,300 mi.,Hybrid,A/T,240.0HP 2.5L 4 Cylinder Engine Gas/Electric Hybrid,None reported
Mercedes-Benz,"$13,900",SLK-Class SLK 350,2008,"120,800 mi.",Gasoline,7-Speed A/T,268.0HP 3.5L V6 Cylinder Engine Gasoline Fuel,None reported
Jeep,"$35,234",Wrangler Unlimited Sahara,2020,"76,313 mi.",Gasoline,8-Speed Automatic,2.0L I4 16V GDI DOHC Turbo,None reported
Chevrolet,"$16,500",Silverado 1500 LT,2012,"104,000 mi.",E85 Flex Fuel,6-Speed A/T,315.0HP 5.3L 8 Cylinder Engine Flex Fuel Capability,At least 1 accident or damage reported
Lexus,"$22,000",GX 460 Base,2010,"97,097 mi.",Gasoline,A/T,301.0HP 4.6L 8 Cylinder Engine Gasoline Fuel,At least 1 accident or damage reported
Jeep,"$15,900",Wrangler Unlimited X,2008,"136,731 mi.",Gasoline,A/T,202.0HP 3.8L V6 Cylinder Engine Gasoline Fuel,None reported
RAM,"$24,000",1500 Tradesman/Express,2017,"40,200 mi.",Gasoline,A/T,395.0HP 5.7L 8 Cylinder Engine Gasoline Fuel,At least 1 accident or damage reported
Ford,"$44,605",Explorer ST,2021,"39,105 mi.",Gasoline,10-Speed Automatic,3.0L V6 24V GDI DOHC Twin Turbo,None reported
Mercedes-Benz,"$215,000",G 550 4x4 Squared Base,2017,"23,567 mi.",Gasoline,Transmission w/Dual Shift Mode,416.0HP 4.0L 8 Cylinder Engine Gasoline Fuel,At least 1 accident or damage reported
BMW,"$90,000",M4 Competition,2021,"12,500 mi.",Gasoline,8-Speed A/T,503.0HP 3.0L Straight 6 Cylinder Engine Gasoline Fuel,At least 1 accident or damage reported
Chevrolet,"$34,700",Colorado ZR2,2019,"38,900 mi.",Gasoline,8-Speed A/T,308.0HP 3.6L V6 Cylinder Engine Gasoline Fuel,None reported
Lincoln,"$25,221",Navigator L Select,2016,"84,272 mi.",Gasoline,6-Speed A/T,380.0HP 3.5L V6 Cylinder Engine Gasoline Fuel,At least 1 accident or damage reported
Mercedes-Benz,"$24,999",E-Class E 350,2016,"58,375 mi.",Gasoline,A/T,302.0HP 3.5L V6 Cylinder Engine Gasoline Fuel,None reported
Ford,"$40,999",Mustang Shelby GT500,2007,"7,346 mi.",Gasoline,6-Speed M/T,500.0HP 5.4L 8 Cylinder Engine Gasoline Fuel,None reported
Dodge,"$15,500",Charger SRT8,2008,"98,231 mi.",Gasoline,5-Speed A/T,425.0HP 6.1L 8 Cylinder Engine Gasoline Fuel,At least 1 accident or damage reported
Jaguar,"$18,000",XK Base,2007,"56,000 mi.",Gasoline,A/T,300.0HP 4.2L 8 Cylinder Engine Gasoline Fuel,None reported
Honda,"$26,000",Civic EX,2020,"13,935 mi.",Gasoline,CVT Transmission,174.0HP 1.5L 4 Cylinder Engine Gasoline Fuel,None reported
Subaru,"$21,250",Impreza 2.0i,2019,"30,000 mi.",Gasoline,CVT Transmission,152.0HP 2.0L 4 Cylinder Engine Gasoline Fuel,At least 1 accident or damage reported
Saab,"$12,950",9-3 Aero,2009,"106,000 mi.",Gasoline,6-Speed A/T,280.0HP 2.8L V6 Cylinder Engine Gasoline Fuel,None reported
BMW,"$18,700",650 Gran Coupe i xDrive,2014,"82,978 mi.",Gasoline,8-Speed A/T,445.0HP 4.4L 8 Cylinder Engine Gasoline Fuel,None reported
Jeep,"$35,000",Wrangler Unlimited Sport,2018,"58,500 mi.",Gasoline,8-Speed A/T,285.0HP 3.6L V6 Cylinder Engine Gasoline Fuel,None reported
Ford,"$51,900",F-350 King Ranch,2015,"92,421 mi.",Diesel,6-Speed A/T,440.0HP 6.7L 8 Cylinder Engine Diesel Fuel,None reported
Mazda,"$27,518",CX-30 Preferred,2020,"9,927 mi.",Gasoline,6-Speed Automatic,2.5L I4 16V GDI DOHC,None reported
Jeep,"$13,900",Wrangler Sport,2000,"122,945 mi.",Gasoline,5-Speed M/T,181.0HP 4.0L Straight 6 Cylinder Engine Gasoline Fuel,None reported
Lexus,"$11,000",RX 330 Base,2006,"110,250 mi.",Gasoline,A/T,230.0HP 3.3L V6 Cylinder Engine Gasoline Fuel,None reported
INFINITI,"$13,500",QX56 Base,2011,"103,010 mi.",Gasoline,7-Speed A/T,400.0HP 5.6L 8 Cylinder Engine Gasoline Fuel,None reported
Hyundai,"$15,599",Veloster Value Edition,2017,"55,359 mi.",Gasoline,6-Speed Automatic with Auto-Shift,1.6L I4 16V GDI DOHC,None reported
Chevrolet,"$5,900",Silverado 1500 LT Extended Cab,2002,"118,500 mi.",Gasoline,A/T,285.0HP 5.3L 8 Cylinder Engine Gasoline Fuel,At least 1 accident or damage reported
Rivian,"$92,500",R1S Launch Edition,2022,"7,800 mi.",,1-Speed A/T,835.0HP Electric Motor Electric Fuel System,None reported
Land,"$68,000",Rover Range Rover HSE SWB,2020,"41,500 mi.",Hybrid,8-Speed A/T,395.0HP 3.0L Straight 6 Cylinder Engine Gasoline/Mild Electric Hybrid,None reported
BMW,"$59,900",M4 Base,2020,"28,000 mi.",Gasoline,7-Speed A/T,425.0HP 3.0L Straight 6 Cylinder Engine Gasoline Fuel,None reported
Mercedes-Benz,"$24,500",E-Class E 350,2014,"53,500 mi.",Gasoline,A/T,302.0HP 3.5L V6 Cylinder Engine Gasoline Fuel,None reported
Honda,"$28,748",Accord Hybrid Base,2021,"33,523 mi.",Hybrid,Automatic CVT,2.0L I4 16V MPFI DOHC Hybrid,None reported
Toyota,"$18,000",Prius v Three,2016,"86,300 mi.",Hybrid,A/T,134.0HP 1.8L 4 Cylinder Engine Gas/Electric Hybrid,At least 1 accident or damage reported
Subaru,"$33,000",WRX Premium,2022,"7,738 mi.",Gasoline,Transmission w/Dual Shift Mode,271.0HP 2.4L 4 Cylinder Engine Gasoline Fuel,At least 1 accident or damage reported
Bentley,"$173,995",Bentayga Speed,2020,"22,001 mi.",Gasoline,8-Speed Automatic,6.0L W12 48V PDI DOHC Twin Turbo,None reported
Ford,"$51,500",Explorer ST,2022,"14,361 mi.",Gasoline,10-Speed A/T,400.0HP 3.0L V6 Cylinder Engine Gasoline Fuel,None reported
Chevrolet,"$30,000",Suburban LT,2016,"98,000 mi.",E85 Flex Fuel,Transmission Overdrive Switch,355.0HP 5.3L 8 Cylinder Engine Flex Fuel Capability,At least 1 accident or damage reported
Chevrolet,"$37,698",Silverado 1500 Limited Custom,2022,"30,455 mi.",Gasoline,Automatic,2.7 Liter DOHC Turbo,None reported
Ford,"$36,750",Explorer Platinum,2020,"64,552 mi.",Gasoline,10-Speed Automatic,3.0L V6 24V GDI DOHC Twin Turbo,At least 1 accident or damage reported
Lexus,"$24,700",RX 350 Base,2017,"103,866 mi.",Gasoline,8-Speed A/T,295.0HP 3.5L V6 Cylinder Engine Gasoline Fuel,At least 1 accident or damage reported
Land,"$57,999",Rover Range Rover 3.0L V6 Supercharged HSE,2019,"35,650 mi.",Gasoline,8-Speed A/T,380.0HP 3.0L V6 Cylinder Engine Gasoline Fuel,At least 1 accident or damage reported
Ford,"$39,979",Explorer Platinum,2021,"64,957 mi.",Gasoline,10-Speed Automatic,3.0L V6 24V GDI DOHC Twin Turbo,None reported
Dodge,"$33,500",Challenger SRT8 392,2012,"33,700 mi.",–,6-Speed M/T,–,None reported
Chevrolet,"$7,500",Equinox 2LT,2012,"96,653 mi.",Gasoline,6-Speed A/T,264.0HP 3.0L V6 Cylinder Engine Gasoline Fuel,At least 1 accident or damage reported
Dodge,"$31,000",Challenger SXT,2022,"29,500 mi.",Gasoline,8-Speed A/T,303.0HP 3.6L V6 Cylinder Engine Gasoline Fuel,None reported
Porsche,"$116,999",911 Carrera,2021,"7,400 mi.",Gasoline,8-Speed A/T,379.0HP 3.0L Flat 6 Cylinder Engine Gasoline Fuel,
Volvo,"$15,900",XC70 T6 Platinum,2012,"69,000 mi.",Gasoline,A/T,300.0HP 3.0L Straight 6 Cylinder Engine Gasoline Fuel,At least 1 accident or damage reported
Lexus,"$15,500",GX 470 Base,2005,"198,000 mi.",Gasoline,5-Speed A/T,270.0HP 4.7L 8 Cylinder Engine Gasoline Fuel,At least 1 accident or damage reported
Porsche,"$132,900",911 Carrera GTS,2015,"23,600 mi.",Gasoline,7-Speed M/T,430.0HP 3.8L Flat 6 Cylinder Engine Gasoline Fuel,None reported
Volvo,"$7,000",XC70 3.2,2008,"170,000 mi.",Gasoline,6-Speed A/T,235.0HP 3.2L Straight 6 Cylinder Engine Gasoline Fuel,None reported
Nissan,"$28,000",350Z NISMO,2008,"76,500 mi.",Gasoline,6-Speed M/T,306.0HP 3.5L V6 Cylinder Engine Gasoline Fuel,At least 1 accident or damage reported
Porsche,"$75,499",911 Turbo,2007,"73,500 mi.",Gasoline,5-Speed A/T,480.0HP 3.6L Flat 6 Cylinder Engine Gasoline Fuel,None reported
Land,"$70,000",Rover Range Rover SWB,2020,"29,000 mi.",Hybrid,A/T,355.0HP 3.0L Straight 6 Cylinder Engine Gasoline/Mild Electric Hybrid,None reported
Porsche,"$29,500",Cayenne E-Hybrid S Platinum Edition,2017,"69,404 mi.",Plug-In Hybrid,8-Speed A/T,416.0HP 3.0L V6 Cylinder Engine Plug-In Electric/Gas,At least 1 accident or damage reported
Lexus,"$12,900",IS 350 Base,2007,"103,000 mi.",Gasoline,6-Speed A/T,306.0HP 3.5L V6 Cylinder Engine Gasoline Fuel,At least 1 accident or damage reported
Porsche,"$26,500",Macan S,2015,"70,500 mi.",Gasoline,Transmission w/Dual Shift Mode,340.0HP 3.0L V6 Cylinder Engine Gasoline Fuel,At least 1 accident or damage reported
Land,"$36,995",Rover Range Rover 5.0L Supercharged,2016,"64,000 mi.",Gasoline,Transmission w/Dual Shift Mode,510.0HP 5.0L 8 Cylinder Engine Gasoline Fuel,None reported
GMC,"$33,000",Savana 2500 Work Van,2018,"63,460 mi.",E85 Flex Fuel,A/T,341.0HP 6.0L 8 Cylinder Engine Flex Fuel Capability,None reported
Toyota,"$35,500",4Runner SR5,2018,"32,199 mi.",Gasoline,A/T,270.0HP 4.0L V6 Cylinder Engine Gasoline Fuel,None reported
Hyundai,"$32,000",Palisade SEL,2020,"69,487 mi.",Gasoline,A/T,291.0HP 3.8L V6 Cylinder Engine Gasoline Fuel,None reported
GMC,"$49,000",Sierra 2500 Denali,2015,"86,000 mi.",Diesel,A/T,397.0HP 6.6L 8 Cylinder Engine Diesel Fuel,None reported
Genesis,"$48,219",GV70 3.5T Sport,2022,"8,730 mi.",Gasoline,8-Speed Automatic,3.5L V6 24V PDI DOHC Twin Turbo,None reported
Dodge,"$8,000",Ram Van 1500,2002,"70,000 mi.",Gasoline,A/T,175.0HP 3.9L V6 Cylinder Engine Gasoline Fuel,At least 1 accident or damage reported
Chevrolet,"$17,900",Impala 1LT,2017,"70,000 mi.",Gasoline,6-Speed A/T,305.0HP 3.6L V6 Cylinder Engine Gasoline Fuel,At least 1 accident or damage reported
Audi,"$16,000",A4 2.0T Premium Plus,2015,"83,420 mi.",E85 Flex Fuel,8-Speed A/T,220.0HP 2.0L 4 Cylinder Engine Flex Fuel Capability,At least 1 accident or damage reported
Nissan,"$2,899",Altima 2.5 S,2003,"189,000 mi.",Gasoline,A/T,175.0HP 2.5L 4 Cylinder Engine Gasoline Fuel,At least 1 accident or damage reported
Porsche,"$97,555",911 Carrera 4S,2017,"31,500 mi.",Gasoline,7-Speed A/T,420.0HP 3.0L Flat 6 Cylinder Engine Gasoline Fuel,None reported
BMW,"$13,000",X1 xDrive 28i,2015,"85,766 mi.",Gasoline,A/T,240.0HP 2.0L 4 Cylinder Engine Gasoline Fuel,None reported
GMC,"$34,000",Yukon Denali,2018,"92,800 mi.",Gasoline,10-Speed A/T,420.0HP 6.2L 8 Cylinder Engine Gasoline Fuel,None reported
Land,"$75,500",Rover Defender SE,2021,"13,970 mi.",Hybrid,A/T,395.0HP 3.0L Straight 6 Cylinder Engine Gasoline/Mild Electric Hybrid,None reported
Porsche,"$274,900",911 Turbo S,2023,154 mi.,Gasoline,8-Speed Automatic with Auto-Shift,3.8L H6 24V GDI DOHC Twin Turbo,None reported
Toyota,"$15,500",Land Cruiser Base,2000,"265,000 mi.",Gasoline,4-Speed A/T,230.0HP 4.7L 8 Cylinder Engine Gasoline Fuel,None reported
Scion,"$8,000",xB Base,2011,"95,426 mi.",Gasoline,A/T,158.0HP 2.4L 4 Cylinder Engine Gasoline Fuel,None reported
Honda,"$18,000",S2000 Base,2001,"119,900 mi.",Gasoline,6-Speed M/T,240.0HP 2.0L 4 Cylinder Engine Gasoline Fuel,At least 1 accident or damage reported
Mazda,"$25,495",CX-30 Select,2020,"23,162 mi.",Gasoline,6-Speed Automatic,2.5L I4 16V GDI DOHC,None reported
BMW,"$83,500",M4 Competition,2023,"3,950 mi.",Gasoline,A/T,503.0HP 3.0L Straight 6 Cylinder Engine Gasoline Fuel,None reported
Porsche,"$43,000",911 Carrera 4S,2006,"80,000 mi.",Gasoline,6-Speed M/T,355.0HP 3.8L Flat 6 Cylinder Engine Gasoline Fuel,None reported
Ford,"$32,500",F-250 Lariat,2015,"94,634 mi.",E85 Flex Fuel,A/T,385.0HP 6.2L 8 Cylinder Engine Flex Fuel Capability,At least 1 accident or damage reported
Chevrolet,"$33,885",Corvette Base,2007,"65,000 mi.",Gasoline,6-Speed A/T,400.0HP 6.0L 8 Cylinder Engine Gasoline Fuel,At least 1 accident or damage reported
Lexus,"$11,500",LS 460 L,2008,"100,000 mi.",Gasoline,A/T,380.0HP 4.6L 8 Cylinder Engine Gasoline Fuel,At least 1 accident or damage reported
Toyota,"$59,500",Sienna XSE 25th Anniversary,2023,500 mi.,Hybrid,A/T,245.0HP 2.5L 4 Cylinder Engine Gas/Electric Hybrid,None reported
Mercedes-Benz,"$425,000",AMG G 63 Base,2021,"7,856 mi.",Gasoline,9-Speed Automatic,4.0L V8 32V GDI DOHC Twin Turbo,None reported
Audi,"$5,500",A4 2.0T Premium quattro,2011,"181,000 mi.",Gasoline,A/T,211.0HP 2.0L 4 Cylinder Engine Gasoline Fuel,None reported
Mercedes-Benz,"$27,900",GLC 300 Base 4MATIC,2018,"48,700 mi.",Gasoline,9-Speed A/T,241.0HP 2.0L 4 Cylinder Engine Gasoline Fuel,None reported
Porsche,"$130,000",911 Turbo Cabriolet,2009,"13,500 mi.",Gasoline,6-Speed M/T,480.0HP 3.6L Flat 6 Cylinder Engine Gasoline Fuel,None reported
Toyota,"$20,000",86 860 Special Edition,2017,"87,500 mi.",Gasoline,6-Speed A/T,200.0HP 2.0L 4 Cylinder Engine Gasoline Fuel,None reported
Jaguar,"$12,500",XJ8 L,2000,"45,000 mi.",Gasoline,A/T,290.0HP 4.0L 8 Cylinder Engine Gasoline Fuel,None reported
Chevrolet,"$14,500",Corvette Base,1996,"85,760 mi.",Gasoline,4-Speed A/T,300.0HP 5.7L 8 Cylinder Engine Gasoline Fuel,None reported
Tesla,"$28,895",Model 3 Long Range,2018,"36,187 mi.",,1-Speed A/T,271.0HP Electric Motor Electric Fuel System,None reported
Hyundai,"$27,999",Tucson SEL,2022,"13,666 mi.",Gasoline,8-Speed Automatic,2.5L I4 16V PDI DOHC,None reported
Porsche,"$56,000",911 Carrera S,2007,"50,500 mi.",Gasoline,6-Speed M/T,355.0HP 3.8L Flat 6 Cylinder Engine Gasoline Fuel,None reported
Lincoln,"$44,340",Nautilus Reserve,2021,"19,291 mi.",Gasoline,8-Speed Automatic,2.0L I4 16V GDI DOHC Turbo,None reported
Ford,"$49,990",Mustang Boss 302,2012,"1,295 mi.",Gasoline,M/T,444.0HP 5.0L 8 Cylinder Engine Gasoline Fuel,None reported
Cadillac,"$49,900",Escalade Premium Luxury,2017,"55,000 mi.",Gasoline,8-Speed A/T,420.0HP 6.2L 8 Cylinder Engine Gasoline Fuel,At least 1 accident or damage reported
MINI,"$9,650",Cooper Base,2010,"74,000 mi.",Gasoline,6-Speed M/T,118.0HP 1.6L 4 Cylinder Engine Gasoline Fuel,None reported
Dodge,"$49,999",Durango R/T,2022,"14,976 mi.",Gasoline,8-Speed Automatic,5.7L V8 16V MPFI OHV,None reported
BMW,"$33,889",X5 xDrive35i,2018,"25,348 mi.",Gasoline,8-Speed Automatic,3.0L I6 24V GDI DOHC Turbo,At least 1 accident or damage reported
Chevrolet,"$35,000",Corvette Base,2010,"23,133 mi.",Gasoline,6-Speed M/T,430.0HP 6.2L 8 Cylinder Engine Gasoline Fuel,None reported
Jaguar,"$29,998",XE 20d Prestige,2018,"34,322 mi.",Diesel,Automatic,2.0 Liter,None reported
Dodge,"$28,500",Challenger R/T,2021,"39,960 mi.",Gasoline,8-Speed A/T,375.0HP 5.7L 8 Cylinder Engine Gasoline Fuel,At least 1 accident or damage reported
BMW,"$31,300",550 i xDrive,2016,"76,400 mi.",Gasoline,8-Speed A/T,445.0HP 4.4L 8 Cylinder Engine Gasoline Fuel,At least 1 accident or damage reported
Ford,"$38,978",Explorer XLT,2022,"18,533 mi.",Gasoline,10-Speed Automatic,2.3L I4 16V GDI DOHC Turbo,None reported
GMC,"$92,888",Yukon XL Denali,2023,"7,500 mi.",Gasoline,10-Speed A/T,420.0HP 6.2L 8 Cylinder Engine Gasoline Fuel,None reported
INFINITI,"$64,000",QX80 SENSORY,2022,"26,520 mi.",Gasoline,7-Speed A/T,400.0HP 5.6L 8 Cylinder Engine Gasoline Fuel,At least 1 accident or damage reported
Land,"$33,800",Rover Range Rover 3.0L Supercharged,2014,"59,500 mi.",E85 Flex Fuel,A/T,340.0HP 3.0L V6 Cylinder Engine Flex Fuel Capability,None reported
Honda,"$34,999",Pilot EX-L,2020,"44,000 mi.",Gasoline,A/T,280.0HP 3.5L V6 Cylinder Engine Gasoline Fuel,None reported
Pontiac,"$11,000",Firebird Base,2001,"111,000 mi.",Gasoline,A/T,200.0HP 3.8L V6 Cylinder Engine Gasoline Fuel,None reported
Toyota,"$31,906",4Runner Limited,2016,"82,260 mi.",Gasoline,5-Speed Automatic,4.0L V6 24V MPFI DOHC,None reported
Porsche,"$37,500",911 Carrera Cabriolet,2006,"52,744 mi.",Gasoline,Transmission w/Dual Shift Mode,325.0HP 3.6L Flat 6 Cylinder Engine Gasoline Fuel,At least 1 accident or damage reported
BMW,"$79,950",i8 Base,2019,"28,200 mi.",Plug-In Hybrid,Transmission w/Dual Shift Mode,369.0HP 1.5L 3 Cylinder Engine Plug-In Electric/Gas,At least 1 accident or damage reported
Nissan,"$2,300",Maxima GLE,2000,"194,277 mi.",Gasoline,A/T,222.0HP 3.0L V6 Cylinder Engine Gasoline Fuel,At least 1 accident or damage reported
Pontiac,"$12,850",Firebird Trans Am,2001,"91,812 mi.",Gasoline,A/T,310.0HP 5.7L 8 Cylinder Engine Gasoline Fuel,None reported
Chevrolet,"$43,775",Suburban Premier,2018,"84,224 mi.",Gasoline,6-Speed Automatic,5.3L V8 16V GDI OHV,None reported
BMW,"$24,900",X2 xDrive28i,2018,"66,690 mi.",Gasoline,Transmission w/Dual Shift Mode,228.0HP 2.0L 4 Cylinder Engine Gasoline Fuel,At least 1 accident or damage reported
Mercedes-Benz,"$39,848",AMG C 43 Base 4MATIC,2018,"41,500 mi.",Gasoline,9-Speed A/T,362.0HP 3.0L V6 Cylinder Engine Gasoline Fuel,At least 1 accident or damage reported
BMW,"$24,900",750 i xDrive,2014,"85,095 mi.",Gasoline,8-Speed A/T,445.0HP 4.4L 8 Cylinder Engine Gasoline Fuel,At least 1 accident or damage reported
Volvo,"$17,900",S60 T5 Premier Plus,2015,"39,000 mi.",Gasoline,Transmission w/Dual Shift Mode,250.0HP 2.5L 5 Cylinder Engine Gasoline Fuel,At least 1 accident or damage reported
Tesla,"$46,500",Model Y Long Range,2022,"20,500 mi.",,1-Speed A/T,425.0HP Electric Motor Electric Fuel System,None reported
Ford,"$61,995",F-350 Platinum,2019,"112,000 mi.",Diesel,6-Speed A/T,450.0HP 6.7L 8 Cylinder Engine Diesel Fuel,None reported
Volkswagen,"$39,998",ID.4 Pro S,2023,"1,716 mi.",,Automatic,Battery Electric,None reported
Audi,"$15,499",A3 2.0T Premium,2016,"90,360 mi.",Gasoline,A/T,220.0HP 2.0L 4 Cylinder Engine Gasoline Fuel,At least 1 accident or damage reported
Ford,"$30,825",Explorer Limited,2020,"82,146 mi.",Gasoline,10-Speed Automatic,2.3L I4 16V GDI DOHC Turbo,None reported
Ford,"$41,000",Mustang GT Premium,2020,"16,850 mi.",Gasoline,10-Speed A/T,460.0HP 5.0L 8 Cylinder Engine Gasoline Fuel,At least 1 accident or damage reported
Honda,"$28,000",S2000 Base,2003,"101,000 mi.",Gasoline,6-Speed M/T,240.0HP 2.0L 4 Cylinder Engine Gasoline Fuel,None reported
BMW,"$25,999",M235 i,2015,"68,750 mi.",Gasoline,6-Speed M/T,320.0HP 3.0L Straight 6 Cylinder Engine Gasoline Fuel,None reported
Lamborghini,"$491,836",Aventador S Base,2018,"5,858 mi.",Gasoline,7-Speed A/T,729.0HP 6.5L 12 Cylinder Engine Gasoline Fuel,None reported
Dodge,"$3,200",Durango SLT,2004,"143,000 mi.",Gasoline,A/T,335.0HP 5.7L 8 Cylinder Engine Gasoline Fuel,None reported
Nissan,"$6,900",Armada LE,2005,"152,270 mi.",Gasoline,A/T,305.0HP 5.6L 8 Cylinder Engine Gasoline Fuel,At least 1 accident or damage reported
Kia,"$33,591",Sorento S,2021,"19,605 mi.",Gasoline,8-Speed Automatic,2.5L I4 16V PDI DOHC,None reported
Chevrolet,"$69,999",Silverado 1500 RST,2020,"19,200 mi.",Gasoline,10-Speed A/T,355.0HP 5.3L 8 Cylinder Engine Gasoline Fuel,None reported
Chevrolet,"$5,900",Impala Base,2004,"64,500 mi.",Gasoline,A/T,180.0HP 3.4L V6 Cylinder Engine Gasoline Fuel,None reported
Toyota,"$18,995",Tacoma PreRunner,2011,"149,000 mi.",Gasoline,A/T,236.0HP 4.0L V6 Cylinder Engine Gasoline Fuel,None reported
McLaren,"$179,900",570S Spider,2018,"5,918 mi.",Gasoline,7-Speed Automatic with Auto-Shift,3.8L V8 32V MPFI DOHC Twin Turbo,None reported
Pontiac,"$7,200",Firebird Trans Am,1997,"134,033 mi.",Gasoline,A/T,285.0HP 5.7L 8 Cylinder Engine Gasoline Fuel,At least 1 accident or damage reported
Kia,"$34,998",Stinger GT1,2019,"37,226 mi.",Gasoline,Automatic,"3.3L V-6 gasoline direct injection, DOHC, D-CVVT variable valve",None reported
Ford,"$13,700",Escape SE,2017,"71,924 mi.",Gasoline,A/T,179.0HP 1.5L 4 Cylinder Engine Gasoline Fuel,None reported
Lamborghini,"$279,991",Huracan EVO Coupe,2021,"5,718 mi.",Gasoline,Automatic,"5.2L V-10 gasoline direct injection, DOHC, variable valve contro",None reported
Jeep,"$21,500",Wrangler Unlimited Sport,2014,"122,200 mi.",Gasoline,A/T,285.0HP 3.6L V6 Cylinder Engine Gasoline Fuel,At least 1 accident or damage reported
Land,"$54,500",Rover Range Rover Sport HST MHEV,2020,"37,248 mi.",Hybrid,8-Speed A/T,395.0HP 3.0L Straight 6 Cylinder Engine Gasoline/Mild Electric Hybrid,None reported
Chevrolet,"$6,800",Silverado 1500 Base,1999,"88,750 mi.",Gasoline,A/T,255.0HP 4.8L 8 Cylinder Engine Gasoline Fuel,None reported
Cadillac,"$24,700",XLR V,2008,"64,800 mi.",Gasoline,6-Speed A/T,443.0HP 4.4L 8 Cylinder Engine Gasoline Fuel,
Ford,"$12,599",Fusion Hybrid Titanium,2014,"112,180 mi.",Hybrid,Automatic CVT,2.0L I4 16V MPFI DOHC Hybrid,None reported
RAM,"$35,000",2500 SLT,2015,"149,130 mi.",Diesel,6-Speed A/T,350.0HP 6.7L Straight 6 Cylinder Engine Diesel Fuel,At least 1 accident or damage reported
Tesla,"$35,500",Model Y Long Range,2020,"88,000 mi.",,1-Speed A/T,425.0HP Electric Motor Electric Fuel System,None reported
Toyota,"$27,950",Highlander XLE,2018,"74,000 mi.",Gasoline,8-Speed A/T,295.0HP 3.5L V6 Cylinder Engine Gasoline Fuel,None reported
Ford,"$34,500",F-150 XLT,2019,"44,460 mi.",Gasoline,10-Speed A/T,325.0HP 2.7L V6 Cylinder Engine Gasoline Fuel,None reported
GMC,"$17,000",Acadia SLE-2,2015,"96,000 mi.",Gasoline,6-Speed A/T,281.0HP 3.6L V6 Cylinder Engine Gasoline Fuel,None reported
Porsche,"$17,500",Boxster Base,2005,"75,000 mi.",Gasoline,5-Speed M/T,240.0HP 2.7L Flat 6 Cylinder Engine Gasoline Fuel,
Dodge,"$17,900",Charger R/T,2014,"95,000 mi.",Gasoline,Transmission w/Dual Shift Mode,370.0HP 5.7L 8 Cylinder Engine Gasoline Fuel,None reported
Land,"$37,500",Rover Range Rover Sport Supercharged HSE,2016,"49,799 mi.",Gasoline,A/T,340.0HP 3.0L V6 Cylinder Engine Gasoline Fuel,None reported
Ford,"$21,750",Mustang GT,2006,"27,407 mi.",Gasoline,5-Speed M/T,300.0HP 4.6L 8 Cylinder Engine Gasoline Fuel,None reported
Alfa,"$34,645",Romeo Giulia Ti,2020,"23,339 mi.",Gasoline,8-Speed Automatic,2.0L I4 16V GDI SOHC Turbo,
Tesla,"$35,900",Model S 90D,2016,"74,122 mi.",,A/T,417.0HP Electric Motor Electric Fuel System,None reported
Jaguar,"$6,000",XK8 Base,1997,"50,000 mi.",Gasoline,A/T,290.0HP 4.0L 8 Cylinder Engine Gasoline Fuel,None reported
Mercedes-Benz,"$38,998",GLC 300 GLC 300,2021,"14,745 mi.",Gasoline,Automatic,2.0 Liter Turbo,None reported
Chevrolet,"$85,950",Corvette Stingray w/3LT,2021,"2,700 mi.",Gasoline,Transmission w/Dual Shift Mode,490.0HP 6.2L 8 Cylinder Engine Gasoline Fuel,None reported
Buick,"$6,000",Regal Turbo - Premium 1,2012,"190,000 mi.",Gasoline,6-Speed A/T,220.0HP 2.0L 4 Cylinder Engine Gasoline Fuel,At least 1 accident or damage reported
Audi,"$9,999",A4 2.0T Premium,2014,"90,236 mi.",E85 Flex Fuel,Transmission w/Dual Shift Mode,220.0HP 2.0L 4 Cylinder Engine Flex Fuel Capability,None reported
Jeep,"$50,000",Gladiator Overland,2020,"4,000 mi.",Gasoline,8-Speed A/T,285.0HP 3.6L V6 Cylinder Engine Gasoline Fuel,None reported
Land,"$115,999",Rover Range Rover Westminster SWB,2022,"2,220 mi.",Hybrid,8-Speed A/T,395.0HP 3.0L Straight 6 Cylinder Engine Gasoline/Mild Electric Hybrid,None reported
GMC,"$32,000",Yukon XL Denali,2017,"124,000 mi.",Gasoline,8-Speed A/T,420.0HP 6.2L 8 Cylinder Engine Gasoline Fuel,At least 1 accident or damage reported
Ford,"$35,690",Ranger Lariat,2019,"45,163 mi.",Gasoline,10-Speed Automatic,2.3L I4 16V GDI DOHC Turbo,None reported
Volkswagen,"$20,900",Passat 2.0T SE,2020,"49,400 mi.",Gasoline,6-Speed A/T,174.0HP 2.0L 4 Cylinder Engine Gasoline Fuel,None reported
Porsche,"$124,900",911 Carrera,2020,"11,256 mi.",Gasoline,8-Speed A/T,379.0HP 3.0L Flat 6 Cylinder Engine Gasoline Fuel,None reported
Chevrolet,"$75,000",Corvette Stingray w/1LT,2021,"13,700 mi.",Gasoline,A/T,490.0HP 6.2L 8 Cylinder Engine Gasoline Fuel,None reported
Land,"$9,500",Rover Range Rover HSE,2011,"174,678 mi.",Gasoline,6-Speed A/T,230.0HP 3.2L Straight 6 Cylinder Engine Gasoline Fuel,None reported
Lexus,"$59,000",RX 450h F Sport Handling,2022,"1,600 mi.",Hybrid,A/T,308.0HP 3.5L V6 Cylinder Engine Gas/Electric Hybrid,None reported
Porsche,"$229,900",911 GT3 RS,2019,"15,509 mi.",Gasoline,7-Speed Automatic with Auto-Shift,4.0L H6 24V GDI DOHC,None reported
Ford,"$48,149",Expedition Platinum,2020,"69,849 mi.",Gasoline,10-Speed Automatic,3.5L V6 24V GDI DOHC Twin Turbo,None reported
Toyota,"$17,000",Tacoma PreRunner,2008,"160,000 mi.",Gasoline,A/T,236.0HP 4.0L V6 Cylinder Engine Gasoline Fuel,At least 1 accident or damage reported
Toyota,"$9,500",Mirai Base,2016,"40,000 mi.",not supported,A/T,151.0HP Electric Motor Hydrogen Fuel,None reported
Ford,"$3,850",Explorer Sport Trac XLT,2007,"228,000 mi.",Gasoline,A/T,292.0HP 4.6L 8 Cylinder Engine Gasoline Fuel,At least 1 accident or damage reported
GMC,"$6,100",Sierra 1500 SLE1 Extended Cab,2008,"187,000 mi.",–,4-Speed A/T,–,At least 1 accident or damage reported
Mercedes-Benz,"$17,000",C-Class C 300 Luxury,2015,"102,000 mi.",Gasoline,7-Speed A/T,241.0HP 2.0L 4 Cylinder Engine Gasoline Fuel,None reported
Cadillac,"$24,995",SRX Standard,2016,"48,000 mi.",Gasoline,6-Speed A/T,308.0HP 3.6L V6 Cylinder Engine Gasoline Fuel,At least 1 accident or damage reported
Chrysler,"$5,949",Town & Country Touring-L,2012,"163,500 mi.",E85 Flex Fuel,6-Speed A/T,283.0HP 3.6L V6 Cylinder Engine Flex Fuel Capability,None reported
Porsche,"$149,000",911 Carrera,2023,"1,500 mi.",Gasoline,A/T,379.0HP 3.0L Flat 6 Cylinder Engine Gasoline Fuel,None reported
Porsche,"$136,900",718 Cayman GT4,2021,"2,100 mi.",Gasoline,6-Speed M/T,414.0HP 4.0L Flat 6 Cylinder Engine Gasoline Fuel,
Ford,"$63,500",F-350 Lariat,2018,"66,281 mi.",Diesel,Transmission w/Dual Shift Mode,450.0HP 6.7L 8 Cylinder Engine Diesel Fuel,None reported
Ford,"$39,499",Mustang Mach-E Select,2021,"18,000 mi.",,A/T,266.0HP Electric Motor Electric Fuel System,None reported
Ford,"$21,500",F-150 XL,2014,"27,300 mi.",Gasoline,6-Speed A/T,365.0HP 3.5L V6 Cylinder Engine Gasoline Fuel,None reported
Mazda,"$24,899",CX-30 Base,2020,"19,319 mi.",Gasoline,6-Speed Automatic,2.5L I4 16V GDI DOHC,At least 1 accident or damage reported
Mercedes-Benz,"$90,000",AMG G AMG G 63 4MATIC,2016,"32,936 mi.",Gasoline,Transmission w/Dual Shift Mode,563.0HP 5.5L 8 Cylinder Engine Gasoline Fuel,At least 1 accident or damage reported
BMW,"$52,999",M4 Base,2017,"30,450 mi.",Gasoline,Transmission w/Dual Shift Mode,425.0HP 3.0L Straight 6 Cylinder Engine Gasoline Fuel,None reported
Jeep,"$29,500",Wrangler Sport,2017,"38,200 mi.",Gasoline,A/T,285.0HP 3.6L V6 Cylinder Engine Gasoline Fuel,None reported
Jeep,"$31,871",Wrangler Sport,2020,"26,315 mi.",Gasoline,8-Speed Automatic,2.0L I4 16V GDI DOHC Turbo,None reported
Chevrolet,"$8,900",Silverado 1500 LS,2003,"110,000 mi.",Gasoline,A/T,270.0HP 4.8L 8 Cylinder Engine Gasoline Fuel,None reported
MINI,"$13,500",Hardtop Cooper,2014,"19,700 mi.",Gasoline,6-Speed A/T,189.0HP 2.0L 4 Cylinder Engine Gasoline Fuel,None reported
Honda,"$11,000",Element EX,2008,"192,000 mi.",Gasoline,5-Speed A/T,166.0HP 2.4L 4 Cylinder Engine Gasoline Fuel,At least 1 accident or damage reported
Porsche,"$116,911",911 Carrera 4S,2017,"26,000 mi.",Gasoline,Transmission w/Dual Shift Mode,420.0HP 3.0L Flat 6 Cylinder Engine Gasoline Fuel,None reported
Subaru,"$7,495",Impreza Outback Sport Wagon,2008,"98,313 mi.",Gasoline,4-Speed A/T,170.0HP 2.5L 4 Cylinder Engine Gasoline Fuel,None reported
Cadillac,"$28,500",XT5 Premium Luxury,2021,"66,500 mi.",Gasoline,A/T,310.0HP 3.6L V6 Cylinder Engine Gasoline Fuel,None reported
Nissan,"$18,999",Kicks S,2022,"19,877 mi.",Gasoline,Automatic CVT,1.6L I4 16V MPFI DOHC,None reported
Kia,"$25,500",Seltos S,2021,"16,100 mi.",Gasoline,A/T,146.0HP 2.0L 4 Cylinder Engine Gasoline Fuel,None reported
GMC,"$27,633",Yukon SLE,2016,"83,858 mi.",Gasoline,6-Speed A/T,355.0HP 5.3L 8 Cylinder Engine Gasoline Fuel,At least 1 accident or damage reported
Mercedes-Benz,"$56,000",GLE 350 Base 4MATIC,2020,"24,108 mi.",Gasoline,9-Speed A/T,255.0HP 2.0L 4 Cylinder Engine Gasoline Fuel,None reported
Ford,"$32,107",Explorer XLT,2020,"42,609 mi.",Gasoline,10-Speed Automatic,2.3L I4 16V GDI DOHC Turbo,At least 1 accident or damage reported
Subaru,"$7,750",Impreza 2.0i Premium,2017,"160,000 mi.",Gasoline,A/T,152.0HP 2.0L 4 Cylinder Engine Gasoline Fuel,At least 1 accident or damage reported
INFINITI,"$28,500",QX80 Base,2017,"121,525 mi.",Gasoline,A/T,400.0HP 5.6L 8 Cylinder Engine Gasoline Fuel,At least 1 accident or damage reported
Kia,"$42,500",Telluride S,2023,"6,423 mi.",Gasoline,A/T,291.0HP 3.8L V6 Cylinder Engine Gasoline Fuel,None reported
Pontiac,"$12,900",Solstice Base,2007,"62,310 mi.",Gasoline,5-Speed A/T,177.0HP 2.4L 4 Cylinder Engine Gasoline Fuel,None reported
Mazda,"$29,995",Mazda6 Carbon Edition,2021,"21,444 mi.",Gasoline,6-Speed Automatic,2.5L I4 16V,None reported
Ford,"$29,500",Transit-350 Base,2015,"112,000 mi.",Gasoline,A/T,310.0HP 3.5L V6 Cylinder Engine Gasoline Fuel,At least 1 accident or damage reported
Hyundai,"$16,500",Genesis Coupe 3.8 Grand Touring,2013,"60,000 mi.",Gasoline,A/T,344.0HP 3.8L V6 Cylinder Engine Gasoline Fuel,None reported
Dodge,"$4,399",Dart SE,2013,"153,250 mi.",Gasoline,6-Speed A/T,160.0HP 1.4L 4 Cylinder Engine Gasoline Fuel,None reported
Jeep,"$39,900",Wrangler Unlimited Sahara,2019,"57,000 mi.",Gasoline,8-Speed A/T,285.0HP 3.6L V6 Cylinder Engine Gasoline Fuel,None reported
Chevrolet,"$16,000",Tahoe LTZ,2011,"140,401 mi.",E85 Flex Fuel,6-Speed A/T,320.0HP 5.3L 8 Cylinder Engine Flex Fuel Capability,At least 1 accident or damage reported
Ford,"$70,000",F-150 Tremor,2023,"5,500 mi.",Gasoline,10-Speed A/T,400.0HP 3.5L V6 Cylinder Engine Gasoline Fuel,None reported
Chevrolet,"$89,000",Corvette Stingray w/2LT,2022,"2,010 mi.",Gasoline,Transmission w/Dual Shift Mode,490.0HP 6.2L 8 Cylinder Engine Gasoline Fuel,None reported
Tesla,"$31,500",Model 3 Long Range,2018,"24,360 mi.",,A/T,271.0HP Electric Motor Electric Fuel System,None reported
Audi,"$11,000",A4 2.0T Premium,2013,"96,800 mi.",Gasoline,A/T,211.0HP 2.0L 4 Cylinder Engine Gasoline Fuel,At least 1 accident or damage reported
Cadillac,"$21,500",CTS Performance,2014,"34,988 mi.",Gasoline,6-Speed A/T,318.0HP 3.6L V6 Cylinder Engine Gasoline Fuel,None reported
Nissan,"$15,995",Frontier SV,2012,"65,750 mi.",Gasoline,A/T,261.0HP 4.0L V6 Cylinder Engine Gasoline Fuel,At least 1 accident or damage reported
Chevrolet,"$43,860",Silverado 1500 LTZ,2019,"56,654 mi.",Gasoline,Automatic,6.2L V8 16V GDI OHV,None reported
Lincoln,"$10,500",MKT Base,2016,"140,200 mi.",Gasoline,6-Speed A/T,303.0HP 3.7L V6 Cylinder Engine Gasoline Fuel,None reported
Chevrolet,"$12,999",Cruze LT Automatic,2016,"122,971 mi.",Gasoline,6-Speed Automatic,1.4L I4 16V GDI DOHC Turbo,At least 1 accident or damage reported
Nissan,"$3,850",Xterra S,2008,"227,010 mi.",Gasoline,5-Speed A/T,261.0HP 4.0L V6 Cylinder Engine Gasoline Fuel,None reported
Ford,"$9,500",F-150 Lariat SuperCrew,2004,"271,000 mi.",Gasoline,A/T,300.0HP 5.4L 8 Cylinder Engine Gasoline Fuel,At least 1 accident or damage reported
Porsche,"$234,000",911 Turbo,2022,"13,800 mi.",Gasoline,8-Speed A/T,572.0HP 3.8L Flat 6 Cylinder Engine Gasoline Fuel,None reported
Dodge,"$27,500",Ram 2500 Quad Cab,2001,"171,079 mi.",Diesel,A/T,245.0HP 5.9L Straight 6 Cylinder Engine Diesel Fuel,None reported
Chevrolet,"$44,791",Colorado ZR2,2021,"24,915 mi.",Gasoline,Automatic,3.6L V6 24V GDI DOHC,None reported
Nissan,"$19,599",Kicks S,2022,"15,577 mi.",Gasoline,Automatic CVT,1.6L I4 16V MPFI DOHC,None reported
Audi,"$21,373",S4 3.0T Premium Plus,2014,"102,370 mi.",Gasoline,7-Speed A/T,333.0HP 3.0L V6 Cylinder Engine Gasoline Fuel,None reported
Lamborghini,"$229,000",Gallardo LP570-4 Superleggera,2011,"16,000 mi.",Gasoline,Transmission w/Dual Shift Mode,562.0HP 5.2L 10 Cylinder Engine Gasoline Fuel,None reported
Mercedes-Benz,"$15,000",C-Class C 250 Luxury,2012,"122,000 mi.",Gasoline,7-Speed A/T,201.0HP 1.8L 4 Cylinder Engine Gasoline Fuel,None reported
FIAT,"$15,999",500X Trekking Plus,2016,"48,500 mi.",Gasoline,A/T,180.0HP 2.4L 4 Cylinder Engine Gasoline Fuel,None reported
Ford,"$31,500",F-150 XLT,2018,"53,500 mi.",Gasoline,10-Speed A/T,325.0HP 2.7L V6 Cylinder Engine Gasoline Fuel,At least 1 accident or damage reported
Ford,"$9,200",F-250 XL Crew Cab Super Duty,2004,"315,000 mi.",Diesel,A/T,325.0HP 6.0L 8 Cylinder Engine Diesel Fuel,None reported
Ford,"$8,500",E350 Super Duty Base,2006,"158,000 mi.",Gasoline,A/T,305.0HP 6.8L 10 Cylinder Engine Gasoline Fuel,At least 1 accident or damage reported
Kia,"$30,000",Sorento SXL,2019,"43,850 mi.",Gasoline,8-Speed A/T,290.0HP 3.3L V6 Cylinder Engine Gasoline Fuel,At least 1 accident or damage reported
Mercedes-Benz,"$19,000",C-Class C 300 4MATIC Sport,2015,"73,500 mi.",Gasoline,7-Speed A/T,241.0HP 2.0L 4 Cylinder Engine Gasoline Fuel,None reported
Nissan,"$9,000",Altima 2.5 SL,2014,"153,350 mi.",Gasoline,A/T,182.0HP 2.5L 4 Cylinder Engine Gasoline Fuel,At least 1 accident or damage reported
Volkswagen,"$25,500",Tiguan 2.0T SEL Premium R-Line,2019,"74,000 mi.",Gasoline,A/T,184.0HP 2.0L 4 Cylinder Engine Gasoline Fuel,None reported
BMW,"$17,500",328 i xDrive,2013,"52,000 mi.",Gasoline,Transmission w/Dual Shift Mode,240.0HP 2.0L 4 Cylinder Engine Gasoline Fuel,None reported
Audi,"$52,000",Q4 e-tron 50 Premium Plus,2022,250 mi.,,1-Speed A/T,295.0HP Electric Motor Electric Fuel System,None reported
Nissan,"$8,500",Pathfinder S,2017,"145,000 mi.",Gasoline,A/T,284.0HP 3.5L V6 Cylinder Engine Gasoline Fuel,At least 1 accident or damage reported
Subaru,"$32,500",Ascent Touring 7-Passenger,2020,"40,971 mi.",Gasoline,Transmission w/Dual Shift Mode,260.0HP 2.4L 4 Cylinder Engine Gasoline Fuel,None reported
Ford,"$14,000",E350 Super Duty XLT,2010,"248,000 mi.",E85 Flex Fuel,A/T,255.0HP 5.4L 8 Cylinder Engine Flex Fuel Capability,At least 1 accident or damage reported
GMC,"$146,000",HUMMER EV Edition 1,2023,940 mi.,,A/T,Electric Motor Electric Fuel System,
BMW,"$60,500",M3 CS,2018,"38,000 mi.",Gasoline,A/T,453.0HP 3.0L Straight 6 Cylinder Engine Gasoline Fuel,None reported
Acura,"$19,500",TLX V6 Advance,2016,"128,000 mi.",Gasoline,A/T,290.0HP 3.5L V6 Cylinder Engine Gasoline Fuel,None reported
Chevrolet,"$68,990",Silverado 1500 ZR2,2022,"7,455 mi.",Gasoline,Automatic,6.2L V8 16V GDI OHV,None reported
Jeep,"$12,000",Wrangler SE,1999,"137,790 mi.",Gasoline,5-Speed M/T,120.0HP 2.5L 4 Cylinder Engine Gasoline Fuel,None reported
Ford,"$19,995",Edge Sport,2016,"92,000 mi.",Gasoline,6-Speed A/T,315.0HP 2.7L V6 Cylinder Engine Gasoline Fuel,None reported
Porsche,"$36,000",911 Carrera Cabriolet,2001,"21,450 mi.",Gasoline,6-Speed M/T,300.0HP 3.4L Flat 6 Cylinder Engine Gasoline Fuel,None reported
Nissan,"$29,725",Murano SL,2021,"43,875 mi.",Gasoline,Automatic CVT,3.5L V6 24V MPFI DOHC,At least 1 accident or damage reported
Pontiac,"$17,500",G8 GT,2009,"81,327 mi.",Gasoline,Transmission w/Dual Shift Mode,355.0HP 6.0L 8 Cylinder Engine Gasoline Fuel,None reported
Mercedes-Benz,"$41,000",E-Class E 350,2021,"72,836 mi.",Gasoline,9-Speed A/T,255.0HP 2.0L 4 Cylinder Engine Gasoline Fuel,None reported
McLaren,"$279,950",720S Performance,2020,"5,072 mi.",Gasoline,7-Speed Automatic with Auto-Shift,4.0L V8 32V MPFI DOHC Twin Turbo,None reported
Jeep,"$4,800",Commander Sport,2007,"161,900 mi.",E85 Flex Fuel,A/T,235.0HP 4.7L 8 Cylinder Engine Flex Fuel Capability,At least 1 accident or damage reported
Audi,"$47,000",A5 45 S line Premium Plus,2022,"24,500 mi.",Hybrid,Transmission w/Dual Shift Mode,261.0HP 2.0L 4 Cylinder Engine Gasoline/Mild Electric Hybrid,None reported
BMW,"$44,900",M550 i xDrive,2018,"14,993 mi.",Gasoline,8-Speed A/T,456.0HP 4.4L 8 Cylinder Engine Gasoline Fuel,None reported
Volkswagen,"$14,980",Jetta 1.4T R-Line,2019,"96,000 mi.",Gasoline,A/T,147.0HP 1.4L 4 Cylinder Engine Gasoline Fuel,At least 1 accident or damage reported
Porsche,"$108,000",Taycan 4S,2022,"7,900 mi.",,2-Speed A/T,482.0HP Electric Motor Electric Fuel System,None reported
Cadillac,"$26,000",CTS 2.0L Turbo Luxury,2019,"35,566 mi.",Gasoline,8-Speed A/T,265.0HP 2.0L 4 Cylinder Engine Gasoline Fuel,At least 1 accident or damage reported
Lexus,"$34,000",IS-F Base,2008,"113,000 mi.",Gasoline,8-Speed A/T,416.0HP 5.0L 8 Cylinder Engine Gasoline Fuel,At least 1 accident or damage reported
Ford,"$46,000",Explorer XLT,2022,"20,678 mi.",Gasoline,A/T,300.0HP 2.3L 4 Cylinder Engine Gasoline Fuel,None reported
Porsche,"$129,000",911 Turbo Cabriolet,2008,"10,900 mi.",Gasoline,6-Speed M/T,480.0HP 3.6L Flat 6 Cylinder Engine Gasoline Fuel,None reported
Buick,"$15,995",LaCrosse Leather,2012,"19,079 mi.",Hybrid,6-Speed A/T,182.0HP 2.4L 4 Cylinder Engine Gasoline/Mild Electric Hybrid,None reported
Mazda,"$6,800",RX-8 Sport,2008,"155,500 mi.",Gasoline,A/T,212.0HP 1.3L Rotary engine Gasoline Fuel,At least 1 accident or damage reported
Ford,"$32,300",Mustang GT Premium,2019,"35,500 mi.",Gasoline,10-Speed A/T,460.0HP 5.0L 8 Cylinder Engine Gasoline Fuel,None reported
Mazda,"$25,215",Mazda6 Touring,2021,"52,253 mi.",Gasoline,6-Speed Automatic,2.5L I4 16V GDI DOHC,At least 1 accident or damage reported
Ford,"$8,500",Ranger Edge SuperCab,2004,"110,000 mi.",Gasoline,A/T,148.0HP 3.0L V6 Cylinder Engine Gasoline Fuel,At least 1 accident or damage reported
Volkswagen,"$18,999",Golf GTI 2.0T SE w/Performance Package 4-Door,2016,"59,250 mi.",Gasoline,Transmission w/Dual Shift Mode,220.0HP 2.0L 4 Cylinder Engine Gasoline Fuel,None reported
Ford,"$22,000",Thunderbird Deluxe,2004,"39,000 mi.",Gasoline,A/T,280.0HP 3.9L 8 Cylinder Engine Gasoline Fuel,
Hummer,"$37,000",H2 Base,2008,"155,000 mi.",Gasoline,6-Speed A/T,393.0HP 6.2L 8 Cylinder Engine Gasoline Fuel,At least 1 accident or damage reported
BMW,"$28,900",X5 sDrive35i,2017,"39,250 mi.",Gasoline,A/T,300.0HP 3.0L Straight 6 Cylinder Engine Gasoline Fuel,None reported
BMW,"$37,998",X3 xDrive30i,2020,"23,647 mi.",Gasoline,8-Speed Automatic,2.0L I4 16V GDI DOHC Turbo,None reported
Hyundai,"$7,500",Accent GLS,2014,"127,941 mi.",Gasoline,A/T,138.0HP 1.6L 4 Cylinder Engine Gasoline Fuel,None reported
RAM,"$24,850",1500 Big Horn,2014,"124,000 mi.",Gasoline,8-Speed A/T,395.0HP 5.7L 8 Cylinder Engine Gasoline Fuel,None reported
Ford,"$60,000",Bronco Heritage Edition Advanced,2023,"1,500 mi.",Gasoline,7-Speed M/T,275.0HP 2.3L 4 Cylinder Engine Gasoline Fuel,None reported
MINI,"$15,750",Countryman Cooper S ALL4,2014,"70,700 mi.",Gasoline,6-Speed A/T,181.0HP 1.6L 4 Cylinder Engine Gasoline Fuel,None reported
Cadillac,"$18,800",Escalade Premium,2013,"113,395 mi.",E85 Flex Fuel,6-Speed A/T,403.0HP 6.2L 8 Cylinder Engine Flex Fuel Capability,At least 1 accident or damage reported
Mercedes-Benz,"$61,998",GLE 350 GLE 350,2022,"18,815 mi.",Gasoline,Automatic,2.0 Liter Turbo,None reported
Toyota,"$27,999",4Runner Limited,2014,"65,000 mi.",Gasoline,A/T,270.0HP 4.0L V6 Cylinder Engine Gasoline Fuel,None reported
Audi,"$48,000",A8 L 55,2019,"23,350 mi.",Hybrid,Transmission w/Dual Shift Mode,335.0HP 3.0L V6 Cylinder Engine Gasoline/Mild Electric Hybrid,None reported
Lexus,"$34,000",ES 350 Base,2019,"39,000 mi.",Gasoline,Transmission w/Dual Shift Mode,302.0HP 3.5L V6 Cylinder Engine Gasoline Fuel,At least 1 accident or damage reported
Toyota,"$39,857",4Runner Limited Nightshade,2019,"48,842 mi.",Gasoline,5-Speed Automatic,4.0L V6 24V MPFI DOHC,At least 1 accident or damage reported
FIAT,"$11,500",500 Sport,2015,"47,800 mi.",Gasoline,A/T,101.0HP 1.4L 4 Cylinder Engine Gasoline Fuel,At least 1 accident or damage reported
Ford,"$28,000",Maverick XLT,2022,"52,000 mi.",Hybrid,CVT Transmission,191.0HP 2.5L 4 Cylinder Engine Gas/Electric Hybrid,None reported
Ford,"$22,000",Mustang GT,2006,"16,000 mi.",Gasoline,5-Speed A/T,300.0HP 4.6L 8 Cylinder Engine Gasoline Fuel,None reported
Jeep,"$40,995",Wrangler Sport,2023,"7,102 mi.",Gasoline,8-Speed Automatic,2.0L I4 16V GDI DOHC Turbo,None reported
Jeep,"$17,000",Grand Cherokee Limited,2015,"157,000 mi.",E85 Flex Fuel,A/T,290.0HP 3.6L V6 Cylinder Engine Flex Fuel Capability,None reported
Ford,"$59,000",Mustang Mach-E GT,2023,"9,095 mi.",,A/T,480.0HP Electric Motor Electric Fuel System,None reported
Jeep,"$4,500",Compass Sport,2010,"179,700 mi.",Gasoline,A/T,172.0HP 2.4L 4 Cylinder Engine Gasoline Fuel,At least 1 accident or damage reported
Lexus,"$7,500",LS 430 Base,2006,"170,000 mi.",Gasoline,A/T,278.0HP 4.3L 8 Cylinder Engine Gasoline Fuel,None reported
Rolls-Royce,"$399,950",Cullinan,2022,"3,420 mi.",Gasoline,8-Speed Automatic,6.7L V12 48V GDI DOHC Twin Turbo,None reported
Ford,"$69,995",F-250 King Ranch,2021,"93,400 mi.",Diesel,10-Speed A/T,475.0HP 6.7L 8 Cylinder Engine Diesel Fuel,
BMW,"$12,000",X5 xDrive50i,2011,"110,000 mi.",Gasoline,Transmission w/Dual Shift Mode,400.0HP 4.4L 8 Cylinder Engine Gasoline Fuel,At least 1 accident or damage reported
Porsche,"$78,000",911 Carrera,2016,"22,500 mi.",Gasoline,A/T,350.0HP 3.4L Flat 6 Cylinder Engine Gasoline Fuel,None reported
Ford,"$19,795",Focus ST Base,2013,"20,800 mi.",Gasoline,6-Speed M/T,252.0HP 2.0L 4 Cylinder Engine Gasoline Fuel,None reported
Lexus,"$23,400",ES 300h Base,2018,"100,868 mi.",Hybrid,CVT Transmission,200.0HP 2.5L 4 Cylinder Engine Gas/Electric Hybrid,At least 1 accident or damage reported
Volkswagen,"$9,000",CC Sport,2012,"131,986 mi.",Gasoline,M/T,200.0HP 2.0L 4 Cylinder Engine Gasoline Fuel,At least 1 accident or damage reported
Volkswagen,"$13,800",Golf SportWagen TSI S 4-Door,2016,"127,770 mi.",Gasoline,5-Speed M/T,170.0HP 1.8L 4 Cylinder Engine Gasoline Fuel,None reported
Porsche,"$65,900",911 Carrera S,2013,"56,985 mi.",Gasoline,7-Speed A/T,400.0HP 3.8L Flat 6 Cylinder Engine Gasoline Fuel,None reported
Toyota,"$11,800",Prius Plug-in Base,2014,"106,000 mi.",Plug-In Hybrid,A/T,134.0HP 1.8L 4 Cylinder Engine Plug-In Electric/Gas,At least 1 accident or damage reported
Ford,"$50,000",F-250 XLT,2019,"92,671 mi.",Diesel,A/T,450.0HP 6.7L 8 Cylinder Engine Diesel Fuel,At least 1 accident or damage reported
Mercedes-Benz,"$55,900",S-Class S 560 4MATIC,2019,"49,500 mi.",Gasoline,A/T,463.0HP 4.0L 8 Cylinder Engine Gasoline Fuel,None reported
Porsche,"$112,500",911 Carrera,2020,"16,741 mi.",Gasoline,A/T,379.0HP 3.0L Flat 6 Cylinder Engine Gasoline Fuel,None reported
Ford,"$23,500",Mustang GT,2011,"133,504 mi.",Gasoline,6-Speed M/T,412.0HP 5.0L 8 Cylinder Engine Gasoline Fuel,None reported
Cadillac,"$30,599",CTS 2.0L Turbo Luxury,2019,"20,296 mi.",Gasoline,8-Speed Automatic,2.0L I4 16V GDI DOHC Turbo,None reported
Volkswagen,"$19,290",Jetta 1.4T R-Line,2019,"55,234 mi.",Gasoline,8-Speed Automatic,1.4L I4 16V GDI DOHC Turbo,None reported
Jeep,"$11,000",Wrangler X,2005,"162,482 mi.",Gasoline,6-Speed M/T,190.0HP 4.0L Straight 6 Cylinder Engine Gasoline Fuel,None reported
Lincoln,"$11,000",LS V8,2002,"42,000 mi.",Gasoline,A/T,252.0HP 3.9L 8 Cylinder Engine Gasoline Fuel,At least 1 accident or damage reported
Ford,"$71,900",F-150 Lightning LARIAT,2022,470 mi.,,1-Speed A/T,563.0HP Electric Motor Electric Fuel System,None reported
Mercedes-Benz,"$15,900",C-Class C55 AMG Sport,2006,"98,300 mi.",Gasoline,Transmission w/Dual Shift Mode,362.0HP 5.4L 8 Cylinder Engine Gasoline Fuel,At least 1 accident or damage reported
Audi,"$27,450",S6 4.0T Prestige,2013,"53,900 mi.",Gasoline,7-Speed A/T,420.0HP 4.0L 8 Cylinder Engine Gasoline Fuel,
BMW,"$19,999",335 i xDrive,2013,"82,849 mi.",Gasoline,8-Speed A/T,300.0HP 3.0L Straight 6 Cylinder Engine Gasoline Fuel,None reported
Porsche,"$79,995",911 Carrera 4S Cabriolet,2009,"25,500 mi.",Gasoline,6-Speed M/T,385.0HP 3.8L Flat 6 Cylinder Engine Gasoline Fuel,None reported
Kia,"$16,995",Forte LXS,2020,"53,452 mi.",Gasoline,A/T,147.0HP 2.0L 4 Cylinder Engine Gasoline Fuel,At least 1 accident or damage reported
Chevrolet,"$23,500",Corvette Base,2004,"40,011 mi.",Gasoline,4-Speed A/T,350.0HP 5.7L 8 Cylinder Engine Gasoline Fuel,None reported
Hyundai,"$20,900",Santa Fe Sport 2.0L Turbo,2018,"45,800 mi.",Gasoline,A/T,240.0HP 2.0L 4 Cylinder Engine Gasoline Fuel,At least 1 accident or damage reported
RAM,"$45,999",1500 Laramie,2022,"15,741 mi.",Gasoline,8-Speed Automatic,5.7L V8 16V MPFI OHV,None reported
Kia,"$40,200",Sorento SX Prestige,2023,"11,100 mi.",Gasoline,Transmission w/Dual Shift Mode,281.0HP 2.5L 4 Cylinder Engine Gasoline Fuel,None reported
Ford,"$44,000",F-250 XL,2020,"36,000 mi.",E85 Flex Fuel,A/T,385.0HP 6.2L 8 Cylinder Engine Flex Fuel Capability,None reported
BMW,"$15,999",X5 xDrive35i,2013,"69,750 mi.",Gasoline,8-Speed A/T,300.0HP 3.0L Straight 6 Cylinder Engine Gasoline Fuel,At least 1 accident or damage reported
Mercedes-Benz,"$38,500",C-Class C 300 4MATIC,2021,"19,162 mi.",Gasoline,Transmission w/Dual Shift Mode,255.0HP 2.0L 4 Cylinder Engine Gasoline Fuel,None reported
Audi,"$51,598",Q5 S line Premium Plus,2023,"6,046 mi.",Hybrid,Automatic,2.0 Liter TFSI,None reported
Ford,"$21,000",Explorer XLT,2020,"17,000 mi.",Gasoline,10-Speed A/T,300.0HP 2.3L 4 Cylinder Engine Gasoline Fuel,At least 1 accident or damage reported
Audi,"$42,500",A6 55 Premium,2019,"10,832 mi.",Hybrid,7-Speed A/T,335.0HP 3.0L V6 Cylinder Engine Gasoline/Mild Electric Hybrid,None reported
Toyota,"$4,000",Matrix XR,2004,"173,452 mi.",Gasoline,4-Speed A/T,130.0HP 1.8L 4 Cylinder Engine Gasoline Fuel,At least 1 accident or damage reported
Kia,"$17,238",Optima SX Turbo,2017,"103,338 mi.",Gasoline,6-Speed Automatic,2.0L I4 16V GDI DOHC Turbo,At least 1 accident or damage reported
Ford,"$53,500",F-150 Lariat,2022,"28,000 mi.",Gasoline,A/T,400.0HP 3.5L V6 Cylinder Engine Gasoline Fuel,None reported
Audi,"$44,870",Q8 3.0T Premium,2019,"51,984 mi.",Hybrid,8-Speed A/T,335.0HP 3.0L V6 Cylinder Engine Gasoline/Mild Electric Hybrid,None reported
Chevrolet,"$79,900",Corvette Stingray w/2LT,2020,"8,974 mi.",Gasoline,A/T,490.0HP 6.2L 8 Cylinder Engine Gasoline Fuel,At least 1 accident or damage reported
Scion,"$10,998",tC Anniversary Edition,2014,"99,999 mi.",Gasoline,6-Speed M/T,179.0HP 2.5L 4 Cylinder Engine Gasoline Fuel,None reported
Mercedes-Benz,"$21,000",C-Class C 300,2017,"59,400 mi.",Gasoline,7-Speed A/T,241.0HP 2.0L 4 Cylinder Engine Gasoline Fuel,At least 1 accident or damage reported
Nissan,"$23,625",Murano SV,2020,"47,147 mi.",Gasoline,Automatic CVT,3.5L V6 24V MPFI DOHC,None reported
Ford,"$29,950",Mustang GT,2018,"53,782 mi.",Gasoline,6-Speed M/T,460.0HP 5.0L 8 Cylinder Engine Gasoline Fuel,At least 1 accident or damage reported
Ford,"$4,700",Taurus SHO,2011,"160,000 mi.",Gasoline,A/T,365.0HP 3.5L V6 Cylinder Engine Gasoline Fuel,None reported
Chevrolet,"$37,000",Tahoe LTZ,2015,500 mi.,Gasoline,6-Speed A/T,355.0HP 5.3L 8 Cylinder Engine Gasoline Fuel,At least 1 accident or damage reported
Ford,"$19,000",Escape SEL,2020,"42,000 mi.",Gasoline,A/T,181.0HP 1.5L 3 Cylinder Engine Gasoline Fuel,
Dodge,"$35,000",Grand Caravan SE,2018,"64,000 mi.",E85 Flex Fuel,A/T,283.0HP 3.6L V6 Cylinder Engine Flex Fuel Capability,None reported
Hyundai,"$23,999",Elantra HEV Limited,2021,"28,600 mi.",Hybrid,A/T,139.0HP 1.6L 4 Cylinder Engine Gas/Electric Hybrid,None reported
GMC,"$36,750",Canyon Denali,2019,"26,339 mi.",Gasoline,8-Speed A/T,308.0HP 3.6L V6 Cylinder Engine Gasoline Fuel,At least 1 accident or damage reported
Alfa,"$41,500",Romeo Giulia Quadrifoglio,2018,"28,644 mi.",Gasoline,8-Speed A/T,505.0HP 2.9L V6 Cylinder Engine Gasoline Fuel,
Subaru,"$14,500",Impreza WRX,2008,"148,740 mi.",Gasoline,5-Speed M/T,224.0HP 2.5L 4 Cylinder Engine Gasoline Fuel,At least 1 accident or damage reported
GMC,"$73,000",Sierra 2500 Denali,2021,"16,919 mi.",Diesel,10-Speed A/T,445.0HP 6.6L 8 Cylinder Engine Diesel Fuel,At least 1 accident or damage reported
Chevrolet,"$9,000",Tahoe LS,2005,"170,000 mi.",Gasoline,4-Speed A/T,285.0HP 4.8L 8 Cylinder Engine Gasoline Fuel,At least 1 accident or damage reported
Mercedes-Benz,"$26,900",SL-Class SL 550,2013,"130,000 mi.",Gasoline,A/T,429.0HP 4.6L 8 Cylinder Engine Gasoline Fuel,At least 1 accident or damage reported
Ford,"$32,850",Escape PHEV SE,2022,"1,889 mi.",Plug-In Hybrid,CVT Transmission,221.0HP 2.5L 4 Cylinder Engine Plug-In Electric/Gas,None reported
Dodge,"$26,691",Charger GT,2018,"62,197 mi.",Gasoline,8-Speed Automatic,3.6L V6 24V MPFI DOHC,None reported
Ford,"$24,350",F-150 XLT,2016,"71,000 mi.",E85 Flex Fuel,A/T,385.0HP 5.0L 8 Cylinder Engine Flex Fuel Capability,At least 1 accident or damage reported
Lexus,"$22,495",NX 200t Base,2016,"83,400 mi.",Gasoline,A/T,235.0HP 2.0L 4 Cylinder Engine Gasoline Fuel,At least 1 accident or damage reported
Cadillac,"$26,000",XT5 Base,2019,"74,414 mi.",Gasoline,8-Speed A/T,310.0HP 3.6L V6 Cylinder Engine Gasoline Fuel,None reported
Ford,"$38,000",Mustang Shelby GT500,2010,"29,816 mi.",Gasoline,6-Speed M/T,540.0HP 5.4L 8 Cylinder Engine Gasoline Fuel,None reported
Ford,"$45,000",F-250 Lariat,2015,"68,749 mi.",Diesel,Transmission w/Dual Shift Mode,440.0HP 6.7L 8 Cylinder Engine Diesel Fuel,None reported
BMW,"$5,000",325 i,2005,"190,395 mi.",Gasoline,A/T,184.0HP 2.5L Straight 6 Cylinder Engine Gasoline Fuel,None reported
Lamborghini,"$185,500",Huracan LP610-4,2015,"34,152 mi.",Gasoline,7-Speed A/T,602.0HP 5.2L 10 Cylinder Engine Gasoline Fuel,None reported
Toyota,"$7,450",Camry XLE,2007,"98,528 mi.",Gasoline,5-Speed A/T,158.0HP 2.4L 4 Cylinder Engine Gasoline Fuel,At least 1 accident or damage reported
BMW,"$13,599",335 i,2011,"91,500 mi.",Gasoline,6-Speed A/T,300.0HP 3.0L Straight 6 Cylinder Engine Gasoline Fuel,At least 1 accident or damage reported
Chevrolet,"$37,000",Camaro 1SS,2017,"50,850 mi.",Gasoline,6-Speed M/T,455.0HP 6.2L 8 Cylinder Engine Gasoline Fuel,None reported
Mazda,"$9,000",MX-5 Miata Base,1999,"130,000 mi.",Gasoline,A/T,140.0HP 1.8L 4 Cylinder Engine Gasoline Fuel,At least 1 accident or damage reported
Toyota,"$8,500",Tundra SR5 Double Cab,2005,"199,400 mi.",Gasoline,A/T,282.0HP 4.7L 8 Cylinder Engine Gasoline Fuel,At least 1 accident or damage reported
RAM,"$26,500",2500 Powerwagon,2013,"84,220 mi.",Gasoline,6-Speed A/T,383.0HP 5.7L 8 Cylinder Engine Gasoline Fuel,At least 1 accident or damage reported
Mercedes-Benz,"$41,999",S-Class S 550 4MATIC,2016,"67,280 mi.",Gasoline,7-Speed A/T,449.0HP 4.7L 8 Cylinder Engine Gasoline Fuel,None reported
Volkswagen,"$25,998",Passat 2.0T R-Line,2021,"16,538 mi.",Gasoline,Automatic,2.0 Liter TSI,None reported
Toyota,"$51,000",Tundra Platinum,2018,"66,000 mi.",Gasoline,6-Speed A/T,381.0HP 5.7L 8 Cylinder Engine Gasoline Fuel,None reported
Cadillac,"$49,999",Escalade Luxury,2018,"53,450 mi.",Gasoline,10-Speed A/T,420.0HP 6.2L 8 Cylinder Engine Gasoline Fuel,None reported
Volkswagen,"$20,900",Golf Alltrack TSI SE,2018,"63,277 mi.",Gasoline,6-Speed A/T,170.0HP 1.8L 4 Cylinder Engine Gasoline Fuel,None reported
Nissan,"$21,000",Altima 2.5 S,2020,"30,900 mi.",Gasoline,A/T,182.0HP 2.5L 4 Cylinder Engine Gasoline Fuel,None reported
Mercedes-Benz,"$25,498",GLA 250 Base 4MATIC,2019,"60,854 mi.",Gasoline,Automatic,2.0 Liter Turbo,None reported
Ford,"$31,000",F-150 Platinum,2015,"85,000 mi.",Gasoline,6-Speed A/T,365.0HP 3.5L V6 Cylinder Engine Gasoline Fuel,None reported
Toyota,"$18,500",RAV4 SE,2016,"108,130 mi.",Gasoline,Transmission w/Dual Shift Mode,176.0HP 2.5L 4 Cylinder Engine Gasoline Fuel,None reported
Toyota,"$46,000",4Runner TRD Sport,2023,"11,400 mi.",Gasoline,A/T,270.0HP 4.0L V6 Cylinder Engine Gasoline Fuel,None reported
Mercedes-Benz,"$22,800",GL-Class GL 450 4MATIC,2013,"63,300 mi.",Gasoline,7-Speed A/T,362.0HP 4.6L 8 Cylinder Engine Gasoline Fuel,None reported
Tesla,"$44,000",Model Y Performance,2020,"27,500 mi.",,A/T,455.0HP Electric Motor Electric Fuel System,None reported
BMW,"$12,900",X5 xDrive 35i Sport Activity,2012,"122,600 mi.",Gasoline,8-Speed A/T,300.0HP 3.0L Straight 6 Cylinder Engine Gasoline Fuel,At least 1 accident or damage reported
Dodge,"$4,500",Charger Base,2006,"145,565 mi.",Gasoline,A/T,250.0HP 3.5L V6 Cylinder Engine Gasoline Fuel,At least 1 accident or damage reported
Ford,"$27,000",Transit-250 Base,2016,"66,500 mi.",Gasoline,6-Speed A/T,310.0HP 3.5L V6 Cylinder Engine Gasoline Fuel,None reported
BMW,"$20,000",330 i xDrive,2017,"75,000 mi.",Gasoline,A/T,248.0HP 2.0L 4 Cylinder Engine Gasoline Fuel,None reported
Mazda,"$28,991",CX-5 Grand Touring,2021,"24,781 mi.",Gasoline,6-Speed Automatic,2.5L I4 16V GDI DOHC,
BMW,"$24,500",X5 M Base,2013,"67,000 mi.",Gasoline,A/T,555.0HP 4.4L 8 Cylinder Engine Gasoline Fuel,At least 1 accident or damage reported
Audi,"$31,000",Q5 2.0T Premium Plus,2019,"24,500 mi.",Gasoline,A/T,248.0HP 2.0L 4 Cylinder Engine Gasoline Fuel,None reported
Audi,"$26,000",S5 3.0T Prestige,2013,"37,500 mi.",Gasoline,7-Speed A/T,333.0HP 3.0L V6 Cylinder Engine Gasoline Fuel,None reported
Nissan,"$59,000",GT-R Premium,2013,"101,000 mi.",Gasoline,Transmission w/Dual Shift Mode,545.0HP 3.8L V6 Cylinder Engine Gasoline Fuel,None reported
Tesla,"$49,995",Model 3 Long Range,2020,"25,000 mi.",,1-Speed A/T,425.0HP Electric Motor Electric Fuel System,None reported
Toyota,"$2,500",Camry Solara SLE V6,2000,"245,000 mi.",Gasoline,A/T,200.0HP 3.0L V6 Cylinder Engine Gasoline Fuel,At least 1 accident or damage reported
Tesla,"$37,999",Model Y Long Range,2021,"49,252 mi.",,1-Speed Automatic,Electric,None reported
Buick,"$14,995",Cascada Base,2016,"103,814 mi.",Gasoline,6-Speed A/T,200.0HP 1.6L 4 Cylinder Engine Gasoline Fuel,At least 1 accident or damage reported
Toyota,"$48,500",4Runner Venture,2021,"27,000 mi.",Gasoline,A/T,270.0HP 4.0L V6 Cylinder Engine Gasoline Fuel,None reported
BMW,"$32,085",530 i xDrive,2021,"60,942 mi.",Gasoline,8-Speed Automatic,2.0L I4 16V GDI DOHC Turbo,None reported
BMW,"$12,000",535 i xDrive,2011,"100,780 mi.",Gasoline,8-Speed A/T,300.0HP 3.0L Straight 6 Cylinder Engine Gasoline Fuel,At least 1 accident or damage reported
Tesla,"$41,000",Model S 100D,2018,"65,000 mi.",,A/T,518.0HP Electric Motor Electric Fuel System,None reported
Lexus,"$19,470",GX 460 Base,2012,"167,000 mi.",Gasoline,A/T,301.0HP 4.6L 8 Cylinder Engine Gasoline Fuel,At least 1 accident or damage reported
Chevrolet,"$17,000",Trailblazer SS,2008,"161,000 mi.",Gasoline,4-Speed A/T,390.0HP 6.0L 8 Cylinder Engine Gasoline Fuel,At least 1 accident or damage reported
Subaru,"$12,499",Impreza WRX,2005,"90,200 mi.",Gasoline,5-Speed M/T,227.0HP 2.0L 4 Cylinder Engine Gasoline Fuel,None reported
Volkswagen,"$9,750",Passat 2.5 SE,2012,"159,870 mi.",Gasoline,A/T,170.0HP 2.5L 5 Cylinder Engine Gasoline Fuel,At least 1 accident or damage reported
Porsche,"$75,000",911 Carrera Cabriolet,1996,"38,000 mi.",–,Transmission w/Dual Shift Mode,–,
Audi,"$41,500",Q5 40 Premium,2022,"14,550 mi.",Hybrid,7-Speed A/T,201.0HP 2.0L 4 Cylinder Engine Gasoline/Mild Electric Hybrid,None reported
INFINITI,"$32,000",Q60 3.0t Red Sport 400,2018,"38,000 mi.",Gasoline,A/T,400.0HP 3.0L V6 Cylinder Engine Gasoline Fuel,None reported
Chevrolet,"$21,000",Camaro Z28,2002,"35,515 mi.",Gasoline,M/T,310.0HP 5.7L 8 Cylinder Engine Gasoline Fuel,At least 1 accident or damage reported
Mazda,"$2,500",Protege DX,1993,"94,200 mi.",–,A/T,–,At least 1 accident or damage reported
Mercedes-Benz,"$34,500",SL-Class SL550 Roadster,2008,"33,300 mi.",Gasoline,7-Speed A/T,382.0HP 5.5L 8 Cylinder Engine Gasoline Fuel,None reported
Mercedes-Benz,"$17,995",C-Class C 300 4MATIC,2016,"90,189 mi.",Gasoline,A/T,241.0HP 2.0L 4 Cylinder Engine Gasoline Fuel,At least 1 accident or damage reported
Land,"$193,063",Rover Range Rover Autobiography,2023,"1,148 mi.",Gasoline,Automatic,4.4L V8 32V GDI DOHC Twin Turbo,None reported
Mercedes-Benz,"$6,500",SLK-Class SLK320,2001,"59,500 mi.",Gasoline,6-Speed M/T,215.0HP 3.2L V6 Cylinder Engine Gasoline Fuel,None reported
Ford,"$26,500",Transit-350 XL,2017,"134,000 mi.",Gasoline,A/T,310.0HP 3.5L V6 Cylinder Engine Gasoline Fuel,None reported
Buick,"$18,900",Enclave Premium,2014,"86,281 mi.",Gasoline,6-Speed A/T,288.0HP 3.6L V6 Cylinder Engine Gasoline Fuel,None reported
Porsche,"$56,000",Cayenne AWD,2020,"34,580 mi.",Gasoline,A/T,335.0HP 3.0L V6 Cylinder Engine Gasoline Fuel,None reported
Hyundai,"$4,200",Santa Fe SE,2007,"145,000 mi.",Gasoline,A/T,242.0HP 3.3L V6 Cylinder Engine Gasoline Fuel,At least 1 accident or damage reported
Mazda,"$33,687",Mazda6 Signature,2021,"11,737 mi.",Gasoline,6-Speed Automatic,2.5L I4 16V GDI DOHC Turbo,None reported
Tesla,"$68,969",Model X Performance,2020,"25,535 mi.",,A/T,778.0HP Electric Motor Electric Fuel System,None reported
Jeep,"$27,500",Wrangler Unlimited Sport,2016,"67,499 mi.",Gasoline,6-Speed M/T,285.0HP 3.6L V6 Cylinder Engine Gasoline Fuel,None reported
Toyota,"$8,550",4Runner Sport,2004,"220,450 mi.",Gasoline,A/T,245.0HP 4.0L V6 Cylinder Engine Gasoline Fuel,None reported
Chevrolet,"$42,950",Silverado 1500 2LT,2018,"20,200 mi.",Gasoline,6-Speed A/T,355.0HP 5.3L 8 Cylinder Engine Gasoline Fuel,At least 1 accident or damage reported
Jaguar,"$15,400",XK8 Base,2000,"40,000 mi.",Gasoline,5-Speed A/T,290.0HP 4.0L 8 Cylinder Engine Gasoline Fuel,None reported
Mercedes-Benz,"$22,000",GLA-Class GLA 45 AMG,2015,"80,300 mi.",Gasoline,7-Speed A/T,355.0HP 2.0L 4 Cylinder Engine Gasoline Fuel,At least 1 accident or damage reported
BMW,"$21,500",330 i xDrive,2017,"63,150 mi.",Gasoline,A/T,248.0HP 2.0L 4 Cylinder Engine Gasoline Fuel,None reported
Volkswagen,"$24,999",Atlas 3.6L SE w/Technology,2018,"48,210 mi.",Gasoline,Transmission w/Dual Shift Mode,276.0HP 3.6L V6 Cylinder Engine Gasoline Fuel,None reported
Nissan,"$9,950",Juke SL,2012,"115,359 mi.",Gasoline,A/T,188.0HP 1.6L 4 Cylinder Engine Gasoline Fuel,None reported
Subaru,"$26,000",Impreza 2.0i Premium,2018,"90,601 mi.",Gasoline,CVT Transmission,152.0HP 2.0L 4 Cylinder Engine Gasoline Fuel,None reported
BMW,"$26,900",M5 Base,2000,"132,200 mi.",Gasoline,6-Speed M/T,400.0HP 5.0L 8 Cylinder Engine Gasoline Fuel,None reported
Mercedes-Benz,"$65,000",Sprinter 2500 Standard Roof,2023,"4,000 mi.",Diesel,9-Speed A/T,211.0HP 2.0L 4 Cylinder Engine Diesel Fuel,None reported
Volkswagen,"$32,750",Beetle 2.0T Final Edition SE,2019,"32,000 mi.",Gasoline,Transmission w/Dual Shift Mode,174.0HP 2.0L 4 Cylinder Engine Gasoline Fuel,None reported
MINI,"$12,750",Countryman Cooper S ALL4,2016,"95,070 mi.",Gasoline,6-Speed A/T,181.0HP 1.6L 4 Cylinder Engine Gasoline Fuel,None reported
Nissan,"$13,000",Rogue SL,2017,"148,000 mi.",Gasoline,A/T,170.0HP 2.5L 4 Cylinder Engine Gasoline Fuel,None reported
Lexus,"$16,000",CT 200h Premium,2014,"125,519 mi.",Hybrid,CVT Transmission,134.0HP 1.8L 4 Cylinder Engine Gas/Electric Hybrid,At least 1 accident or damage reported
INFINITI,"$14,500",G37 x,2013,"90,000 mi.",Gasoline,Transmission w/Dual Shift Mode,328.0HP 3.7L V6 Cylinder Engine Gasoline Fuel,None reported
Audi,"$23,750",A6 2.0T Sport,2018,"49,650 mi.",Gasoline,A/T,252.0HP 2.0L 4 Cylinder Engine Gasoline Fuel,At least 1 accident or damage reported
Nissan,"$11,600",Altima 2.5 S,2015,"149,800 mi.",Gasoline,A/T,182.0HP 2.5L 4 Cylinder Engine Gasoline Fuel,At least 1 accident or damage reported
Chevrolet,"$26,990",Blazer 1LT,2019,"37,161 mi.",Gasoline,9-Speed Automatic,2.5L I4 16V GDI DOHC,None reported
Dodge,"$10,000",Ram 3500 Quad Cab DRW,2000,"188,000 mi.",–,A/T,–,At least 1 accident or damage reported
Ford,"$15,500",Transit Connect XLT,2016,"111,700 mi.",E85 Flex Fuel,A/T,169.0HP 2.5L 4 Cylinder Engine Flex Fuel Capability,None reported
Mercedes-Benz,"$34,900",S-Class S 550 4MATIC,2016,"72,784 mi.",Gasoline,7-Speed A/T,449.0HP 4.7L 8 Cylinder Engine Gasoline Fuel,None reported
Cadillac,"$9,999",Escalade Base,2007,"150,000 mi.",Gasoline,A/T,403.0HP 6.2L 8 Cylinder Engine Gasoline Fuel,None reported
Ford,"$8,500",Transit Connect XLT,2012,"140,450 mi.",Gasoline,4-Speed A/T,136.0HP 2.0L 4 Cylinder Engine Gasoline Fuel,At least 1 accident or damage reported
Lexus,"$10,700",IS 250 Base,2010,"132,700 mi.",Gasoline,A/T,204.0HP 2.5L V6 Cylinder Engine Gasoline Fuel,At least 1 accident or damage reported
Dodge,"$40,000",Durango GT,2020,"49,000 mi.",Gasoline,A/T,295.0HP 3.6L V6 Cylinder Engine Gasoline Fuel,None reported
Chevrolet,"$101,999",Corvette Stingray w/2LT,2023,"2,058 mi.",Gasoline,A/T,490.0HP 6.2L 8 Cylinder Engine Gasoline Fuel,None reported
Jeep,"$44,500",Wrangler Unlimited Sahara,2019,"23,442 mi.",Gasoline,A/T,285.0HP 3.6L V6 Cylinder Engine Gasoline Fuel,None reported
Tesla,"$35,999",Model 3 Long Range,2021,"23,749 mi.",,1-Speed Automatic,Electric,None reported
Toyota,"$52,590",4Runner TRD Pro,2021,"35,048 mi.",Gasoline,5-Speed Automatic,4.0L V6 24V MPFI DOHC,None reported
INFINITI,"$17,500",QX60 Base,2016,"91,239 mi.",Gasoline,A/T,265.0HP 3.5L V6 Cylinder Engine Gasoline Fuel,None reported
Porsche,"$131,000",911 Carrera,2022,"2,950 mi.",Gasoline,8-Speed A/T,379.0HP 3.0L Flat 6 Cylinder Engine Gasoline Fuel,None reported
Ford,"$33,700",F-150 XL,2019,"59,678 mi.",Gasoline,Automatic,2.7L V6 24V PDI DOHC Twin Turbo,None reported
BMW,"$55,000",M240 i xDrive,2022,"2,010 mi.",Gasoline,A/T,382.0HP 3.0L Straight 6 Cylinder Engine Gasoline Fuel,None reported
Toyota,"$13,310",Prius Two,2014,"80,354 mi.",Hybrid,A/T,134.0HP 1.8L 4 Cylinder Engine Gas/Electric Hybrid,At least 1 accident or damage reported
Ford,"$34,995",Expedition Max XLT,2018,"105,674 mi.",Gasoline,10-Speed A/T,375.0HP 3.5L V6 Cylinder Engine Gasoline Fuel,None reported
Toyota,"$20,800",Tundra Grade,2013,"92,700 mi.",Gasoline,6-Speed A/T,310.0HP 4.6L 8 Cylinder Engine Gasoline Fuel,At least 1 accident or damage reported
Ford,"$16,000",Edge Titanium,2016,"101,387 mi.",Gasoline,6-Speed A/T,245.0HP 2.0L 4 Cylinder Engine Gasoline Fuel,At least 1 accident or damage reported
Buick,"$33,290",Envision Essence,2021,"36,544 mi.",Gasoline,9-Speed Automatic,2.0L I4 16V GDI DOHC Turbo,None reported
Audi,"$39,900",Q7 55 Prestige,2019,"41,000 mi.",Gasoline,A/T,329.0HP 3.0L V6 Cylinder Engine Gasoline Fuel,None reported
Chrysler,"$9,500",Town & Country Touring-L,2013,"115,872 mi.",E85 Flex Fuel,A/T,283.0HP 3.6L V6 Cylinder Engine Flex Fuel Capability,None reported
Chevrolet,"$7,000",Cruze LS,2011,"135,603 mi.",Gasoline,A/T,136.0HP 1.8L 4 Cylinder Engine Gasoline Fuel,None reported
Ford,"$46,995",F-150 Lariat,2020,"26,540 mi.",Gasoline,A/T,375.0HP 3.5L V6 Cylinder Engine Gasoline Fuel,None reported
Jaguar,"$12,400",XF Premium,2011,"35,134 mi.",Gasoline,A/T,385.0HP 5.0L 8 Cylinder Engine Gasoline Fuel,At least 1 accident or damage reported
Jeep,"$53,000",Wrangler Unlimited Rubicon,2020,"49,990 mi.",Gasoline,8-Speed A/T,270.0HP 2.0L 4 Cylinder Engine Gasoline Fuel,None reported
Ford,"$29,800",F-250 Lariat,2011,"153,818 mi.",Diesel,6-Speed A/T,400.0HP 6.7L 8 Cylinder Engine Diesel Fuel,At least 1 accident or damage reported
Jaguar,"$26,000",F-PACE 35t Premium,2017,"58,060 mi.",Gasoline,8-Speed A/T,340.0HP 3.0L V6 Cylinder Engine Gasoline Fuel,At least 1 accident or damage reported
Porsche,"$84,999",911 Carrera S,2015,"36,000 mi.",Gasoline,7-Speed A/T,400.0HP 3.8L Flat 6 Cylinder Engine Gasoline Fuel,None reported
Ford,"$69,999",Bronco Badlands Advanced,2022,"17,000 mi.",Gasoline,10-Speed A/T,315.0HP 2.7L V6 Cylinder Engine Gasoline Fuel,None reported
Suzuki,"$6,900",SX4 Base,2013,"99,982 mi.",Gasoline,M/T,150.0HP 2.0L 4 Cylinder Engine Gasoline Fuel,At least 1 accident or damage reported
Ford,"$12,000",EcoSport SES,2019,"106,000 mi.",Gasoline,A/T,166.0HP 2.0L 4 Cylinder Engine Gasoline Fuel,At least 1 accident or damage reported
Toyota,"$9,000",Land Cruiser Base,1994,"178,416 mi.",–,A/T,–,None reported
Honda,"$15,000",Civic EX,2014,"82,500 mi.",Gasoline,CVT Transmission,143.0HP 1.8L 4 Cylinder Engine Gasoline Fuel,None reported
Mercedes-Benz,"$61,000",Sprinter 2500 Standard Roof,2018,"41,500 mi.",Diesel,A/T,188.0HP 3.0L V6 Cylinder Engine Diesel Fuel,None reported
BMW,"$17,000",X3 xDrive28i,2015,"92,984 mi.",Gasoline,Transmission w/Dual Shift Mode,240.0HP 2.0L 4 Cylinder Engine Gasoline Fuel,At least 1 accident or damage reported
Nissan,"$6,750",Murano SL,2007,"120,000 mi.",Gasoline,A/T,240.0HP 3.5L V6 Cylinder Engine Gasoline Fuel,None reported
Chevrolet,"$49,000",Corvette Stingray,2015,"25,548 mi.",Gasoline,8-Speed A/T,455.0HP 6.2L 8 Cylinder Engine Gasoline Fuel,None reported
Ford,"$38,000",F-150 Lariat,2018,"65,441 mi.",Gasoline,A/T,325.0HP 2.7L V6 Cylinder Engine Gasoline Fuel,None reported
Porsche,"$89,900",Cayenne Turbo,2020,"39,611 mi.",Gasoline,8-Speed Automatic,4.0L V8 32V GDI DOHC Twin Turbo,None reported
Toyota,"$17,900",Sequoia SR5,2010,"154,860 mi.",Gasoline,6-Speed A/T,310.0HP 4.6L 8 Cylinder Engine Gasoline Fuel,None reported
Porsche,"$151,900",911 Carrera S,2021,"7,008 mi.",Gasoline,8-Speed A/T,443.0HP 3.0L Flat 6 Cylinder Engine Gasoline Fuel,
BMW,"$99,800",M8 Gran Coupe Competition,2022,"21,057 mi.",Gasoline,Transmission w/Dual Shift Mode,617.0HP 4.4L 8 Cylinder Engine Gasoline Fuel,None reported
Lexus,"$21,995",CT 200h Base,2016,"39,750 mi.",Hybrid,A/T,134.0HP 1.8L 4 Cylinder Engine Gas/Electric Hybrid,None reported
Aston,"$32,850",Martin DB7 Vantage Volante,2003,"14,900 mi.",Gasoline,6-Speed M/T,420.0HP 5.9L 12 Cylinder Engine Gasoline Fuel,
Chevrolet,"$17,899",Impala 2LZ,2018,"71,312 mi.",Gasoline,6-Speed A/T,305.0HP 3.6L V6 Cylinder Engine Gasoline Fuel,None reported
Porsche,"$66,500",911 Carrera,2015,"43,500 mi.",Gasoline,7-Speed A/T,350.0HP 3.4L Flat 6 Cylinder Engine Gasoline Fuel,None reported
BMW,"$59,335",X6 xDrive40i,2020,"34,000 mi.",Gasoline,8-Speed A/T,335.0HP 3.0L Straight 6 Cylinder Engine Gasoline Fuel,None reported
Subaru,"$36,000",Ascent Touring 7-Passenger,2021,"32,250 mi.",Gasoline,A/T,260.0HP 2.4L 4 Cylinder Engine Gasoline Fuel,At least 1 accident or damage reported
Volkswagen,"$3,500",Routan SE,2011,"194,000 mi.",Gasoline,Transmission w/Dual Shift Mode,283.0HP 3.6L V6 Cylinder Engine Gasoline Fuel,At least 1 accident or damage reported
Mercedes-Benz,"$175,000",AMG GLS 63 4MATIC,2023,"2,000 mi.",Hybrid,9-Speed A/T,603.0HP 4.0L 8 Cylinder Engine Gasoline/Mild Electric Hybrid,None reported
Mercedes-Benz,"$25,900",E-Class E 300 4MATIC,2018,"53,705 mi.",Gasoline,A/T,241.0HP 2.0L 4 Cylinder Engine Gasoline Fuel,At least 1 accident or damage reported
Bentley,"$349,950",Continental GT Speed,2023,714 mi.,Gasoline,8-Speed Automatic with Auto-Shift,6.0L W12 48V PDI DOHC Twin Turbo,None reported
Audi,"$53,900",S4 3.0T Premium Plus,2022,"10,900 mi.",Gasoline,Transmission w/Dual Shift Mode,349.0HP 3.0L V6 Cylinder Engine Gasoline Fuel,None reported
Porsche,"$90,998",Taycan,2022,"2,116 mi.",,Automatic,Electric,None reported
Ford,"$62,999",F-150 Raptor,2020,"33,000 mi.",Gasoline,A/T,450.0HP 3.5L V6 Cylinder Engine Gasoline Fuel,None reported
BMW,"$40,000",X3 xDrive30i,2020,"43,000 mi.",Gasoline,A/T,248.0HP 2.0L 4 Cylinder Engine Gasoline Fuel,At least 1 accident or damage reported
